ItemCode,ItemName,PrimaryUnit,ExtraUnit,ExtraBarcode,ExtraPrice
"1001000051","TROPICANA SLIM SWEETENER LOW CALORIE 25PCS","PCS","CTN","2007000405505","234.6"
"1001000052","TROPICANA SLIM SWEETENER L\C 50PCS","PCS","CTN","2007000405512","465.75"
"1001000053","TROPICANA SLIM SWEETENER ZERO CALORIE 50PCS","PCS","CTN","2007000405529","618.700115"
"1001000075","STEVIANA SWEETNER 125GR","PCS","CTN","2009000448414","333.5"
"1001000077","TROPICANA SLIM SWEETNER LOW CALORIE 100PCS","PCS","CTN","2009000448858","382.375"
"1001000078","TROPICANA SLIM SWEETNER ZERO CALORIE 250GR","PCS","CTN","2009000448865","389.5625"
"1001000084","HONEYMOON S/FREE ORGANIC SYRUP 250G","PCS","CTN","2011011021418","350.6925"
"1001000085","TROPICANA SLIM DIET TABLETS 100 TAB","PCS","CTN","2011011030298","501.40000000000003"
"1001000086","TROPICANA SLIM DIET TABLETS 300 TAB","PCS","CTN","2011011030304","1483.5"
"1001000092","TROPICANA SLIM SUGAR FREE COOKIES VANILLA 20GM","PCS","OUT","749921060747","43.125"
"1001000093","TROPICANA SLIM SUGAR FREE CHOCOLATE COOKIES 20GM","PCS","CTN","749921060730","42.8375"
"1007000003","TROPICANA SLIM CAFE LATTE SUGAR FREE 10PCS","PCS","CTN","2007000405536","212.75"
"1007000004","TROPICANA SLIM CAPPUCCINO SUGAR FREE 8PCS","PCS","CTN","2007000405543","212.75"
"1007000005","TROPICANA SLIM MOCHA SUGAR FREE 8PCS","PCS","CTN","2007000405550","212.75"
"1007000007","TROPICANA SLIM CALIFORNIAN ORANGE SUGAR FREE 10PCS","PCS","CTN","2007000405574","213.61249999999998"
"1401000192","LIPTON GREEN TEA BAGS 25X2G","PCS","CTN","06281006703612","173.64942500000004"
"1401000192","LIPTON GREEN TEA BAGS 25X2G","PCS","CTN","06281006709850","173.64942500000004"
"1401000193","LIPTON GREEN TEA BAGS 100X2GR","PCS","CTN","06281006709935","437.575115"
"1401000202","AL WAZAH GREEN TEA BAGS 100BAG","PCS","CTN","2004000184881","409.97499999999997"
"1401000203","AL WAZAH TEA-BOP NAAM 454GR","PCS","CTN","2004000185093","1144.25"
"1401000204","AL WAZAH TEA FBOP KISHAN 500GR","PCS","CTN","2004000185109","635.0875"
"1401000205","AL WAZAH TEA BAGS 100BAG","PCS","CTN","2004000162131","552"
"1401000206","AL WAZAH TEA-GREEN (TIN) 225 GR","PCS","CTN","2004000185123","488.4625"
"1401000207","AL WAZAH TEA-FBOP KISHAN (TIN) 400 GR","PCS","CTN","2004000185130","881.9925000000001"
"1401000208","AL WAZAH TEA-FBOP KISHAN 2 KG","PCS","CTN","2004000185147","987.85"
"1401000209","AL WAZAH TEA-BOP NAAM 908 GR","PCS","CTN","2004000185161","1099.1125"
"1401000210","AL WAZAH TEA FBOP KISHAN 1 KG","PCS","CTN","2004000185178","1009.6425"
"1401000211","AL WAZAH TEA CARDAMOM FLAVOR 500 GR","PCS","CTN","2004000185185","787.175"
"1401000212","B.BOND RED LABEL POWDER 200GR","PCS","CTN","6281006856448","468.625"
"1401000213","B.BOND RED LABEL 400GR","PCS","OFFER","6281006854734","25.3"
"1401000213","B.BOND RED LABEL 400GR","PCS","CTN","6281006856462","646.875"
"1401000214","B.BOND TEA BAG 100BAG","PCS","CTN","06281006701823","778.4925000000001"
"1401000215","B.BOND RED LABEL POWDER 800GR","PCS","CTN","6281006856509","406.92750000000007"
"1401000216","B.BOND TEA BAGS 50BAG","PCS","CTN","06281006701854","80.5"
"1401000217","B.BOND RED LABEL 1600GR","PCS","CTN","06281006700727","552"
"1401000217","B.BOND RED LABEL 1600GR","PCS","CTN","6281006856547","552"
"1401000224","LEON TEA JAR 900 GR","PCS","CTN","2004000077022","484.09250000000003"
"1401000226","LEON TEA - (JAR) 225GR","PCS","CTN","2004000243250","280.600115"
"1401000229","LEON TEA - (JAR) 450 GR","PCS","CTN","2004000280613","258.75"
"1401000230","LEON TEA PACKET 450 GR","PCS","CTN","2011011028233","392.15000000000003"
"1401000231","LEON TEA -POWDER 900 GR","PCS","CTN","2004000304043","378.29249999999996"
"1401000232","LIPTON TEA 50BAG","PCS","CTN","06281006701946","182.275"
"1401000235","LIPTON TEA 25BAG","PCS","CTN","06281006701960","236.03750000000002"
"1401000237","LIPTON TEA 24X150BAG","PCS","CTN","06281006701922","782"
"1401000237","LIPTON TEA 24X150BAG","PCS","CTN","06281006705845","782"
"1401000238","LIPTON TEA 200BAG","PCS","CTN","06281006701915","565.8"
"1401000239","LIPTON TEA PACKET 200GR","PCS","CTN","06281006701717","814.2"
"1401000239","LIPTON TEA PACKET 200GR","PCS","CTN","6281006856363","814.2"
"1401000240","LIPTON TEA PACKET 400GR","PCS","OFFER","6281006853997","28.75"
"1401000240","LIPTON TEA PACKET 400GR","PCS","OFFER","8720608616688","28.75"
"1401000240","LIPTON TEA PACKET 400GR","PCS","CTN","6281006856387","760.725"
"1401000241","LIPTON TEA LO0SE 800GR","PCS","OFFER","5063305003386","32.2"
"1401000241","LIPTON TEA LO0SE 800GR","PCS","OFFER","5063305006264","32.2"
"1401000241","LIPTON TEA LO0SE 800GR","PCS","OFFER","6281006853973","32.2"
"1401000241","LIPTON TEA LO0SE 800GR","PCS","CTN","6281006856400","721.9125"
"1401000242","LIPTON TEA LOOSE 1600GR","PCS","CTN","06281006701748","474.375"
"1401000242","LIPTON TEA LOOSE 1600GR","PCS","CTN","06281006852037","474.375"
"1401000242","LIPTON TEA LOOSE 1600GR","PCS","CTN","6281006856424","474.375"
"1401000269","RABEA EXPRESS TEA 25BAG","PCS","CTN","2005000346057","151.8"
"1401000271","RABEA EXPRESS TEA 100+20 F","PCS","OFFER","6281013232136","18.3425"
"1401000271","RABEA EXPRESS TEA 100+20 F","PCS","CTN","2005000346071","440.45"
"1401000283","AHMAD ENGLISH BREAKFAST LOOSE TEA 500GM","PCS","CTN","2015011052441","995.9"
"1401000301","LIPTON GREEN TEA MINT 25BAG","PCS","CTN","06281006705968","437"
"1401000301","LIPTON GREEN TEA MINT 25BAG","PCS","CTN","06281006709881","437"
"1401000301","LIPTON GREEN TEA MINT 25BAG","PCS","CTN","2006000364461","437"
"1401000302","LIPTON GREEN TEA MINT 100BAG","PCS","CTN","2006000364478","309.0625"
"1401000315","SOCIETY TEA JAR 225 GR","PCS","CTN","2004000223603","586.5"
"1401000316","SOCIETY TEA JAR 450 GR","PCS","CTN","2004000155171","577.0125"
"1401000317","SOCIETY TEA JAR 900 GR","PCS","CTN","2004000223610","722.775"
"1401000318","SOCIETY TEA JAR 1.8 KG","PCS","CTN","2004000223627","506.00000000000006"
"1401000332","SAFA HIBISCUS TEA BAGS 25PCS","PCS","CTN","2004000166085","302.45"
"1401000337","SAFA LEMON TEA 25BAG","PCS","CTN","2004000166146","223.3875"
"1401000338","SAFA MINT TEA BAG 25BAG","PCS","CTN","2004000157595","265.65000000000003"
"1401000339","SAFA BABUNAGE 25BAG","PCS","CTN","2004000166160","289.8"
"1401000340","SAFA THYME TEA BAG ZAATAR 25GR","PCS","CTN","2004000218579","303.542615"
"1401000382","ALOKOZAY TEA BAGES 50BAG","PCS","CTN","2007000403839","289.225"
"1401000383","ALOKOZAY TEA BAGES 100BAG","PCS","CTN","2007000403846","444.36"
"1401000384","ALOKOZAY LOOSE TEA 210GR","PCS","CTN","2007000403853","511.75"
"1401000385","ALOKOZAY LOOSE TEA 420GR","PCS","CTN","2007000403860","493.35"
"1401000386","ALOKOZAY E/GRAY TEA 25BAG","PCS","CTN","2007000403877","370.875"
"1401000388","ALOKOZAY GREEN TEA 225GR","PCS","CTN","2007000403891","370.3"
"1401000395","MAHAMOOD TEA 100BAG","PCS","CTN","2008000420468","205.85"
"1401000396","MAHAMOOD TEA EARLY GRAY 100BAG","PCS","CTN","2008000420475","204.70000000000002"
"1401000397","MAHAMOOD TEA C\MOM 100BAG","PCS","CTN","2008000420482","205.85"
"1401000398","MAHAMOOD BLACK TEA 500GR","PCS","CTN","2008000420499","495.41919499999995"
"1401000399","MAHAMOOD TEA EARLY GRAY 500GR","PCS","CTN","2008000420505","510.59988500000003"
"1401000400","MAHAMOOD TEA CARDAMOM 500GR","PCS","CTN","2008000420512","527.848965"
"1401000401","MAHAMOOD GREEN TEA 25BAG","PCS","CTN","2008000420529","156.4"
"1401000404","ALOKOZAY TEA 200BAG","PCS","CTN","2008000426736","327.75"
"1401000405","ALOKOZAY TEA 850GR","PCS","CTN","2008000426743","577.5875"
"1401000407","ALOKOZAY GREEN TEA 25BAG","PCS","CTN","2008000426767","370.875"
"1401000408","LIPTON LATTE CARAMEL 16X7X25.8GR","PCS","OUT","6281006850231","23.2875"
"1401000408","LIPTON LATTE CARAMEL 16X7X25.8GR","PCS","OUT","8901030083372","23.2875"
"1401000423","YELLOW LIPTON LABLE TEA 400GM","PCS","OFFER","5063305006981","43.4125"
"1401000423","YELLOW LIPTON LABLE TEA 400GM","PCS","CTN","2009000441798","348.45"
"1401000426","LIPTON CAMOMILE TEA 20BAG","PCS","CTN","2009000441828","184.000115"
"1401000427","LIPTON HIBISCUS TEA 20BAG","PCS","CTN","2009000441835","291.8125"
"1401000431","LIPTON ROSEHIP PEACH 20X2.35G","PCS","CTN","2009000008403","164.45"
"1401000444","RABEA TEA LONG LEAF 200GR","PCS","CTN","2010198007451","259.61249999999995"
"1401000445","RABEA GREAN TEA MINT 25BAG","PCS","CTN","2010198007468","153.812615"
"1401000446","RABEA GREAN TEA 100BAG","PCS","CTN","2010198007475","246.09942500000002"
"1401000451","RED LEAF TEA POWDER 225GM","PCS","CTN","2010198009103","308.20000000000005"
"1401000452","RED LEAF TEA POWDER 450GM","PCS","CTN","2010198009110","301.875"
"1401000454","LIPTON LEMON MINT TEA 15X2.1G","PCS","CTN","2010198010826","165.6"
"1401000455","LIPTON LEMON GINGER TEA 15X2.1G","PCS","CTN","2010198010833","166.75"
"1401000457","LIPTON PEACH MANGO TEA 15X1.8G","PCS","CTN","2010198010857","166.75"
"1401000459","LIPTON FOREST FRUIT TEA 15X1.7G","PCS","CTN","2010198010871","166.75"
"1401000466","LIPTON C/L CHOCOLATE 26.2G","PCS","OUT","8901030083402","14.374080000000001"
"1401000467","LIPTON LATTE CLASSIC 25.7G","PCS","OUT","6281006854840","23.2875"
"1401000467","LIPTON LATTE CLASSIC 25.7G","PCS","OUT","8901030083341","23.2875"
"1401000470","LIPTON GREEN TEA APPLE 25BAG","PCS","CTN","2011011025089","185.72442500000002"
"1401000471","LIPTON GREEN TEA BAG APPLE 100BAG","PCS","CTN","2011011025096","304.75011499999994"
"1401000498","ALOKOZAY GREEN TEA 100BAG","PCS","CTN","2013011044923","891.25"
"1401000499","ALOKOZAY MINT TEA 25BAG","PCS","CTN","2013011044930","370.875"
"1401000500","ALOKOZAY LEMON TEA 25BAG","PCS","CTN","2013011044947","370.875"
"1401000501","ALOKOZAY CARDAMOM TEA 25BAG","PCS","CTN","2013011044954","370.875"
"1401000502","ALOKOZAY MOROCCAN TEA 25BAG","PCS","CTN","2013011044961","370.875"
"1401000548","AHMAD ENGLISH B/F TANGLESS TEA 100 BAG","PCS","CTN","2015011052427","195.61499999999998"
"1401000549","AHMAD ENGLISH BREAKFAST TEA 25 BAG","PCS","CTN","2015011052434","315.675"
"1401000550","AHMAD CARDAMON TEA 100 BAG","PCS","CTN","2015011052458","355.6375"
"1401000551","AHMAD EARL GREY TEA 25 BAG","PCS","CTN","2015011052465","144.9"
"1401000552","AHMAD ENGLISH NO.1 TEA 50 BAG","PCS","CTN","2015011052472","207"
"1401000553","AHMAD ENGLISH NO.1 TEA 100 BAG","PCS","CTN","2015011052489","195.61499999999998"
"1401000554","AHMAD ENGLISH NO.1 TEA 100 BAG.","PCS","CTN","2015011052496","334.65000000000003"
"1401000555","AHMAD PURE GREEN TEA 20 BAG","PCS","CTN","2015011052519","142.3125"
"1401000556","AHMAD MYSTIQUE MINT TEA 20 BAG","PCS","CTN","2015011052502","142.3125"
"1401000575","AHMAD CARDAMON TEA STD11 500G","PCS","OFFER","6290360272740","41.1125"
"1404000056","DAVIDOFF COFFEE FINE 250GR","PCS","CTN","2004000195894","396.75"
"1404000057","DAVIDOFF COFFEE FINE INSTANT 90GM","PCS","CTN","2004000195900","215.03850000000003"
"1404000058","DAVIDOFF COFFEE RICH 250GR","PCS","CTN","2004000195917","396.75"
"1404000059","DAVIDOFF COFFEE RICH INSTANT 90GM","PCS","CTN","2004000195924","215.03850000000003"
"1404000078","MAATOUK PRIVATE BLEND WITH CARDAMOM 250GM","PCS","CTN","2004000245186","715.300115"
"1404000080","NESCAFE COFFEE JAR 200GR","PCS","OFFER","6294003549954","40.537499999999994"
"1404000080","NESCAFE COFFEE JAR 200GR","PCS","OFFER","6294003522391","40.537499999999994"
"1404000080","NESCAFE COFFEE JAR 200GR","PCS","CTN","07891000064023","484.14954000000006"
"1404000082","MAXWELL H. COFFEE 95 GR","PCS","CTN","2004000280729","298.425"
"1404000088","NESCAFE COFFEE JAR 50GR","PCS","OUT","08410100105031","147.20000000000002"
"1404000088","NESCAFE COFFEE JAR 50GR","PCS","CTN","07891000063989","289.8"
"1404000090","NESCAFE COFFEE JAR 100GR","PCS","OUT","08410100105079","261.05"
"1404000090","NESCAFE COFFEE JAR 100GR","PCS","CTN","07891000064047","504.84999999999997"
"1404000091","NESCAFE COFFEE GOLD 100GR","PCS","CTN","2004000280798","358.8"
"1404000091","NESCAFE COFFEE GOLD 100GR","PCS","CTN","761303057901","358.8"
"1404000092","NESCAFE COFFEE GOLD DECAFFENATED 100GR","PCS","CTN","2004000280804","428.95"
"1404000092","NESCAFE COFFEE GOLD DECAFFENATED 100GR","PCS","CTN","7613030057789","428.95"
"1404000093","NESCAFE COFFEE GOLD JAR 200GR","PCS","OFFER","6294003551278","52.900000000000006"
"1404000093","NESCAFE COFFEE GOLD JAR 200GR","PCS","OFFER","6294003533632","52.900000000000006"
"1404000093","NESCAFE COFFEE GOLD JAR 200GR","PCS","OFFER","6294003537555","52.900000000000006"
"1404000093","NESCAFE COFFEE GOLD JAR 200GR","PCS","OFFER","6294003547851","52.900000000000006"
"1404000093","NESCAFE COFFEE GOLD JAR 200GR","PCS","CTN","2004000280811","316.24908"
"1404000093","NESCAFE COFFEE GOLD JAR 200GR","PCS","CTN","7613030057840","316.24908"
"1404000102","DAVIDOFF COFFEE EXPROSO 57 90GM","PCS","CTN","2005000340611","215.03850000000003"
"1404000134","DAVIDOFF ESPRESSO GROUND COFFEE 250GR","PCS","CTN","2008000412548","396.75"
"1404000168","MAXWELL H. S\COFFEE 47.5GR","PCS","CTN","2009000008335","182.85000000000002"
"1404000191","MAATOUK BEST CAFE 450GR","PCS","CTN","2011011026161","580.75"
"1404000192","MAATOUK BEST CAFE WITH CARDAMOM 450GR","PCS","CTN","2011011026178","507.725"
"1404000204","NESCAFE COFFEE 2 IN 1 8.5 GM","PCS","OUT","8850125069930","32.602500000000006"
"1404000205","NESCAFE REDMUG  CAFFEE 200G","OFFER","CTN","7891000085639","434.7"
"1404000206","NESCAFE MU CUP 3IN 1 STRNG 10(24X20)G","PCS","OUT","5941017012806","22.9425"
"1404000211","NESCAFE XXXSAME ITEM 60000653 XXXXXXX","PCS","OUT","6221007025009","23.57408"
"1404000211","NESCAFE XXXSAME ITEM 60000653 XXXXXXX","PCS","OUT","622100702XXXX","23.57408"
"1404000212","NESCAFE CAPPU CARDMOM 18.7G","PCS","OUT","8801055708024","32.602500000000006"
"1405000028","CROWN COFFEE CREAMER 16OZ","PCS","CTN","2004000193784","185.15"
"1405000029","COFFEEMATE COFFEE CREAMER 170GR","PCS","CTN","08850124019974","295.54999999999995"
"1405000030","COFFEEMATE C/CREAMER TETRA 900GR","PCS","CTN","08850124020567","529"
"1405000031","COFFEEMATE C/CREAMER REG.400GR","PCS","CTN","08850124020017","308.20000000000005"
"1405000035","NESTLE NESQUICK CEREAL 375GR","PCS","CTN","2004000241430","235.46249999999998"
"1405000037","NESCAFE MY CUP 3 IN 1 20GR","PCS","OUT2","6294003562083","43.4125"
"1405000037","NESCAFE MY CUP 3 IN 1 20GR","PCS","OUT","6294003562540","56.292500000000004"
"1405000037","NESCAFE MY CUP 3 IN 1 20GR","PCS","CTN","6294003562090","552"
"1405000037","NESCAFE MY CUP 3 IN 1 20GR","PCS","CTN2","6294003562557","671.3125"
"1405000038","NESCAFE MY CUP 3 IN 1 20GR POUCH","PCS","OUT","8850124085917","57.44250000000001"
"1405000038","NESCAFE MY CUP 3 IN 1 20GR POUCH","PCS","CTN","08850124085924","573.85"
"1405000039","COFFEEMATE COFFEE MATE FAT FREE 453GR","PCS","CTN","2006000373838","358.225"
"1405000048","COFFEEMATE LIGHT 450GR","PCS","CTN","0885012408219","478.68749999999994"
"1405000048","COFFEEMATE LIGHT 450GR","PCS","CTN","2008000410896","478.68749999999994"
"1405000049","NESCAFE MY CUP STRONG 30X20GR","PCS","OUT","6294003567477","27.025115"
"1405000049","NESCAFE MY CUP STRONG 30X20GR","PCS","OUT","6294003568207","27.025115"
"1405000049","NESCAFE MY CUP STRONG 30X20GR","PCS","CTN","8850127059052","270.25"
"1405000051","NESCAFE MY CUP 2 IN 1 NO SUGAR 20X11GR","PCS","OUT","8690632037639","18.6875"
"1405000051","NESCAFE MY CUP 2 IN 1 NO SUGAR 20X11GR","PCS","OUT","8690632037943","18.6875"
"1405000051","NESCAFE MY CUP 2 IN 1 NO SUGAR 20X11GR","PCS","OUT","8690632037967","18.6875"
"1405000051","NESCAFE MY CUP 2 IN 1 NO SUGAR 20X11GR","PCS","CTN","08690632037950","227.125"
"1405000051","NESCAFE MY CUP 2 IN 1 NO SUGAR 20X11GR","PCS","CTN","2010198001503","227.125"
"1405000062","NESCAFE R/MUG COFEE JAR 200G","OFFER","CTN","2014011049734","437"
"1405000064","NESCAFE MY CUP 3 IN 1 LATTE 22.5GM","PCS","OUT2","6294003570378","48.24250000000001"
"1405000064","NESCAFE MY CUP 3 IN 1 LATTE 22.5GM","PCS","OUT","3030000000839","57.44250000000001"
"1405000064","NESCAFE MY CUP 3 IN 1 LATTE 22.5GM","PCS","OUT","6294003570729","57.44250000000001"
"1405000064","NESCAFE MY CUP 3 IN 1 LATTE 22.5GM","PCS","OUT","8801055707874","57.44250000000001"
"1405000065","NESCAFE ARABIANA COFFEE 3X17GM","PCS","OUT","8801055707225","43.7"
"1405000066","NESCAFE ARABIANA COFFEE 3GM","PCS","OUT","8801055707249","64.6875"
"1406000005","MAXWELL H. COFFEE F/D 200GR","PCS","CTN","2007000386767","270.25"
"1406000006","MAXWELL H. COFFEE SELECTION (FD) 100 GR","PCS","CTN","2007000386774","276"
"1407000027","AL SULTAN COFFEE BEANS USA 1KG","PCS","1KG","1000140700807","53.13"
"1408000041","ALMARAI EVAPORATED MILK F/F 170ML","PCS","CTN","6281007035194","143.75"
"1408000043","RAINBOW EVAP MILK 410ML","PCS","OUT","6281021526500","19.4925"
"1408000043","RAINBOW EVAP MILK 410ML","PCS","CTN","8716200307864","327.75"
"1408000043","RAINBOW EVAP MILK 410ML","PCS","CTN","8716200674980","327.75"
"1408000043","RAINBOW EVAP MILK 410ML","PCS","CTN","8716200674997","327.75"
"1408000057","CARNATION MILK 170ML","PCS","OUT","7612312411110","31.337500000000002"
"1408000057","CARNATION MILK 170ML","PCS","CTN","07616100696604","249.54999999999998"
"1408000057","CARNATION MILK 170ML","PCS","CTN","4005500194422","249.54999999999998"
"1408000058","LUNA E\MILK 170ML","PCS","OUT2","6281020314337","19.4925"
"1408000058","LUNA E\MILK 170ML","PCS","OUT","06281020051331","155.25"
"1408000072","RAINBOW EVAPORATED MILK 6OZ","PCS","CTN","8716200200790","281.34749999999997"
"1408000072","RAINBOW EVAPORATED MILK 6OZ","PCS","CTN","8716200672597","281.34749999999997"
"1408000073","RAINBOW EVA. CARDAMOM 6OZ","PCS","OUT","6281021509305","25.875"
"1408000073","RAINBOW EVA. CARDAMOM 6OZ","PCS","OUT","6281021526302","25.875"
"1408000073","RAINBOW EVA. CARDAMOM 6OZ","PCS","OUT","8716200150316","25.875"
"1408000073","RAINBOW EVA. CARDAMOM 6OZ","PCS","CTN","8716200632775","207"
"1408000073","RAINBOW EVA. CARDAMOM 6OZ","PCS","CTN","8716200675055","207"
"1408000074","RAINBOW EVAP. LOW COLEST (8X6) 6 OZ.","PCS","OUT","2010000067697","20.125"
"1408000074","RAINBOW EVAP. LOW COLEST (8X6) 6 OZ.","PCS","OUT","6281021509503","20.125"
"1408000074","RAINBOW EVAP. LOW COLEST (8X6) 6 OZ.","PCS","CTN","8716200632782","158.7"
"1408000075","RAINBOW LITE EVAPORATED MILK 170G","PCS","OUT","6281021509404","25.587500000000002"
"1408000075","RAINBOW LITE EVAPORATED MILK 170G","PCS","OUT","6281021526708","25.587500000000002"
"1408000075","RAINBOW LITE EVAPORATED MILK 170G","PCS","OUT","8716200289146","25.587500000000002"
"1408000075","RAINBOW LITE EVAPORATED MILK 170G","PCS","CTN","8716200632799","201.25"
"1408000075","RAINBOW LITE EVAPORATED MILK 170G","PCS","CTN","8716200675031","201.25"
"1408000077","RAINBOW EVAP. MILK PORTION 50X10X15ML 10 PC","PCS","CTN","8716200312400","447.35"
"1408000078","RAINBOW CONDENSED MILK SWEET 397GR","PCS","CTN","2004000181699","537.625"
"1408000078","RAINBOW CONDENSED MILK SWEET 397GR","PCS","CTN","8716200200899","537.625"
"1408000106","ALMARAI EVAPARTED TEA MILK 170ML","PCS","CTN","6281007031509","103.845"
"1408000110","ALOKOZAY EVAPORATED MILK 170GM","PCS","OUT","6291101134907","27.599885"
"1408000110","ALOKOZAY EVAPORATED MILK 170GM","PCS","CTN","6291101134891","112.699655"
"1408000111","ALOKOZAY EVAPORATED MILK 410GM","PCS","CTN","6291101134884","112.98750000000001"
"1409000117","ANCHOR MILK POWDER TIN 2.5KG","PCS","CTN","19415007015724","816.5"
"1409000119","NIDO POUCH 900 GR","PCS","CTN","6290050200251","517.5"
"1409000121","ANCHOR FULL CREAM MILK POWDER SACHET 900GR","PCS","CTN","19415007017131","595.6999999999999"
"1409000141","AL MOROUJ MILK POWDER 900GR","PCS","CTN","2004000246084","356.21250000000003"
"1409000142","AL MOROUJ MILK POWDER BAG 2.25KG","PCS","CTN","2004000170327","398.47499999999997"
"1409000143","AL MUDHISH MILK POWDER FOIL 2.5KG","PCS","CTN","2004001497362","458.85"
"1409000158","JUNAL INSTANT POWDER SAHLAB 500GR","PCS","CTN","2004000270263","155.25"
"1409000166","NIDO MILK POWDER TIN 2.5KG","PCS","OFFER","6290002277317","159.85011500000002"
"1409000166","NIDO MILK POWDER TIN 2.5KG","PCS","OFFER","6294003519858","159.85011500000002"
"1409000166","NIDO MILK POWDER TIN 2.5KG","PCS","OFFER","6294003522230","159.85011500000002"
"1409000166","NIDO MILK POWDER TIN 2.5KG","PCS","OFFER","6294003537258","159.85011500000002"
"1409000166","NIDO MILK POWDER TIN 2.5KG","PCS","CTN","06281101476602","888.375"
"1409000166","NIDO MILK POWDER TIN 2.5KG","PCS","CTN","07616100344185","888.375"
"1409000166","NIDO MILK POWDER TIN 2.5KG","PCS","CTN","7616100344185","888.375"
"1409000171","NIDO MILK POWDER 3 PLUS 400GR","PCS","OUT","2004000149613","379.5"
"1409000171","NIDO MILK POWDER 3 PLUS 400GR","PCS","CTN","09556001013750","759"
"1409000171","NIDO MILK POWDER 3 PLUS 400GR","PCS","CTN","09556001075826","759"
"1409000172","NIDO MILK POWDER 3 PLUS 1.8 KG","PCS","CTN","2004000244646","741.75"
"1409000172","NIDO MILK POWDER 3 PLUS 1.8 KG","PCS","CTN","9556001013828","741.75"
"1409000175","NIDO MILK POWDER ONE PLUS 900GR","PCS","CTN","7616100787340","841.225"
"1409000175","NIDO MILK POWDER ONE PLUS 900GR","PCS","CTN","9556001075734","841.225"
"1409000176","NIDO M/POWDER POUCH 2.5 KG","PCS","OFFER","6294003560522","96.6"
"1409000176","NIDO M/POWDER POUCH 2.5 KG","PCS","CTN","6294003555740","555.45"
"1409000177","NIDO MILK POWDER 900GR","PCS","OFFER","20050003521021","49.449999999999996"
"1409000177","NIDO MILK POWDER 900GR","PCS","CTN","07616100184675","592.1925000000001"
"1409000177","NIDO MILK POWDER 900GR","PCS","CTN","7616100184675","592.1925000000001"
"1409000179","NIDO MILK POWDER ONE PLUS 400GR","PCS","CTN","07616100709304","741.75"
"1409000181","NIDO MILK POWDER 400GR","PCS","CTN","07616100709571","530.1493099999999"
"1409000181","NIDO MILK POWDER 400GR","PCS","CTN","7616100709571","530.1493099999999"
"1409000182","NIDO MILK POWDER 1.8KG","PCS","CTN","07616100801671","459.99953999999997"
"1409000182","NIDO MILK POWDER 1.8KG","PCS","CTN","7616100801671","459.99953999999997"
"1409000183","NIDO MILK POWDER ONE PLUS 1.8KG","PCS","CTN","7616100527212","724.5"
"1409000185","OLDENBURG MILK POWDER 900GR","PCS","CTN","2004000158479","353.19375"
"1409000186","OLDENBURG MILK POWDER 2.5KG","PCS","CTN","2004000158486","469.19953999999996"
"1409000198","AL MUDHISH MILK POWDER FOIL 900GR","PCS","CTN","2005000359651","356.5"
"1409000205","SULTAN COCONUT MILK POWDER 300GR","PCS","CTN","2006000372732","425.500115"
"1409000206","SULTAN COCONUT MILK POWDER IKG","PCS","CTN","2006000372749","507.15000000000003"
"1409000207","RAINBOW MILK POWDER POUCH 2KG","PCS","CTN","8716200370523","485.29999999999995"
"1409000212","A.GARDEN COCONUT MILK 400ML","PCS","CTN","2004000207740","228.5625"
"1409000213","ANCHOR MILK POWDER TIN 400GR","PCS","CTN","19415007015755","317.4"
"1409000215","ANCHOR MILK POWDER TIN 1.8KG","PCS","CTN","19415007015731","562.3499999999999"
"1409000222","RAINBOW MILK POWDER 2.5KG.","PCS","CTN","8716200200998","587.6500000000001"
"1409000223","RAINBOW MILK POWDER 400GR","PCS","CTN","8716200200936","616.4000000000001"
"1409000224","RAINBOW MILK POWDER 900GR","PCS","CTN","8716200200950","606.05"
"1409000225","RAINBOW MILK POWDER 1.8KG","PCS","CTN","8716200200974","480.125"
"1409000232","DANO MILK POWDER 400GR TIN","PCS","CTN","2007000394069","247.248965"
"1409000233","DANO MILK POWDER 2.25KG POUCH","PCS","CTN","2007000394076","431.25"
"1409000234","DANO MILK POWDER POUCH 900GR","PCS","CTN","2007000394267","451.94919500000003"
"1409000235","NATCO COCONUT MILK POWDER 300GR","PCS","CTN","2007000394427","225.97500000000002"
"1409000236","NATCO COCONUT MILK POWDER 150GR","PCS","CTN","2007000394434","276"
"1409000237","DANO MILK POWDER 900GR TIN","PCS","CTN","2007000395219","494.49907999999994"
"1409000238","DANO MILK POWDER 2.5KG TIN","PCS","CTN","2007000395226","491.62500000000006"
"1409000239","ANLLENE MILK POWDER 400GR","PCS","CTN","2007000396742","341.55"
"1409000240","ANLLENE MILK POWDER 900GR","PCS","CTN","2007000396759","676.1999999999999"
"1409000241","ANLLENE MILK PWDR L/F 900GR","PCS","CTN","2007000396766","676.1999999999999"
"1409000242","ANLLENE MILK POWDER LOW FAT 400GR","PCS","CTN","2007000396773","341.55"
"1409000243","REGILAIT MILK POWDER 0% FAT 300GR","PCS","CTN","2007000396858","897"
"1409000245","REGILAIT VITA MILK POWDER 300GR","PCS","CTN","2007000396872","924.5999999999999"
"1409000279","REGILAIT SKIMD MILK NONFAT 500GR SACHET","PCS","CTN","2009000024458","322"
"1409000281","SULTAN COCONUT MILK POWDER 150GR","PCS","CTN","2010198001541","453.9625"
"1409000293","REGILAIT LOW FAT BAG 1KG","PCS","CTN","2011011031257","671.6"
"1409000294","KLIM M/POWDER CALCILOCK HI-CAL LOW FAT 400G","PCS","CTN","2011011031813","643.999655"
"1409000295","KLIM M/POWDER CALCILOCK HI-CAL LOW FAT 900G","PCS","CTN","2011011031820","652.05"
"1409000296","KLIM M/POWDER CLACILOCK HI-CAL LOW FAT 1800G","PCS","CTN","6294003534156","567.8125"
"1409000310","AL MUDHISH MILK POWDER POUCH 400G","PCS","CTN","2014011047914","309.0625"
"1409000313","AL AIN CAMEL MILK POWDER 25GM","PCS","OUT","6291056043125","89.9875"
"1409000344","NESCAFE 3IN 1 HAZELNUT 17G","PCS","OUT","6294003571795","37.7775"
"1412000019","NESCAFE CAPPUCCINO 10X12.5GR","PCS","OUT","8801055027361","22.9425"
"1412000020","NESQUICK CHOCOLATE POWDER 450GR","PCS","CTN","8690632047966","348.45"
"1412000021","NESQUICK CHOCOLATE POWDER  1KG","PCS","CTN","8690632047973","713.57454"
"1412000022","NESQUICK CHOCOLATE POWDER  200GM","PCS","CTN","8690632047997","132.25"
"1412000026","KLASSNO CAPPUCCINO GOLD 18GM","PCS","OUT","8887290001977","35.5925"
"1412000027","KLASSNO CAPPUCCINO MOCHA 18GM","PCS","OUT","8886300001303","35.9375"
"1412000040","NESTLE C\CINO FRENSH VANILLA 18.5GR","PCS","OUT","8801055027330","28.75"
"1412000040","NESTLE C\CINO FRENSH VANILLA 18.5GR","PCS","CTN","18801055027337","172.5"
"1412000041","NESTLE C\CINO MOCHA 18GR","PCS","OUT","8801055027354","28.6925"
"1412000041","NESTLE C\CINO MOCHA 18GR","PCS","OUT","8801055707539","28.6925"
"1412000041","NESTLE C\CINO MOCHA 18GR","PCS","CTN","18801055027351","172.44249999999997"
"1412000041","NESTLE C\CINO MOCHA 18GR","PCS","CTN","2007000410912","172.44249999999997"
"1412000044","NESCAFE GOLD 47.5GR","PCS","CTN","2008000416256","286.637615"
"1412000047","MAHAMOOD CAPPACCINO 14GR","PCS","OUT","8697449912173","13.511924999999998"
"1412000050","NESCAFE MIX LATTE 18GR","PCS","OUT","8801055706013","28.6925"
"1412000050","NESCAFE MIX LATTE 18GR","PCS","CTN","2008000438708","172.44249999999997"
"1412000053","NESQUICK CHOCOLATE450G WITH M/FREE","PCS","OFFER","6294003537654","19.4925"
"1412000053","NESQUICK CHOCOLATE450G WITH M/FREE","PCS","OFFER","6294003559700","19.4925"
"1412000056","KLASSNO CAPPUCCINO IRISH CREAM 18GM","PCS","OUT","8886300001402","35.9375"
"1412000057","KLASSNO CAPPUCCINO TRADITIONAL 18GM","PCS","OUT","8886300001105","36.7425"
"1412000059","NESCAFE CAPPUCCINO SWEETENED 10X18GR","PCS","OUT","8801055708116","22.9425"
"1413000030","HINTZ COCOA POWDER 227GR","PCS","CTN","2004000214502","626.75"
"1413000031","HINTZ COCOA POWDER 454GR","PCS","CTN","2004000214519","1050.8125"
"1413000039","COMPLAN CHOCOLATE REFILL 200GR","PCS","CTN","2008000425180","347.875"
"1413000041","COMPLAN CHOCOLATE BOTTLE 400GR","PCS","CTN","2008000425203","318.55"
"1413000042","COMPLAN VANILLA BOTTLE 400GR","PCS","CTN","2008000425210","316.25"
"1413000043","COMPLAN STRAWBERRY BOTTLE 400GR","PCS","CTN","2008000425227","316.25"
"1413000045","CADBURY BOURNVITA 1000GR","PCS","CTN","2009000446953","310.5"
"1413000046","CADBURY BOURNVITA 200GR","PCS","CTN","2009000446960","470.92499999999995"
"1413000052","MILO MALT DRINK EXTRACT 450G","PCS","CTN","2011011022965","1118.375"
"1413000064","NESQUICK DRINKING CHOCOLATE POWDER 14.3GM","PCS","OUT","8690632026367","58.64954"
"1413000064","NESQUICK DRINKING CHOCOLATE POWDER 14.3GM","PCS","OUT","8690632047959","58.64954"
"1418000047","SAFA ANISE SEED HERBAL INFUSION 25BAGS","PCS","CTN","2005000333545","283.7625"
"1418000072","AL SULTAN YANSOON 200GR","200GR","SIZE-2","3030000000484","7.4750000000000005"
"1418000072","AL SULTAN YANSOON 200GR","200GR","SIZE-1","3030000000459","10.0625"
"1418000072","AL SULTAN YANSOON 200GR","200GR","1KG","2004000012573","25.3575"
"1418000103","MATE PIPORE TEA MATTA 250G","PCS","OUT","2004000153139","470.34999999999997"
"1418000103","MATE PIPORE TEA MATTA 250G","PCS","CTN","2004000153122","949.9"
"1501000044","AL TAGHZIA LUNCHEON MEAT BEEF 340G","PCS","CTN","2004000184041","323.72499999999997"
"1501000045","AL TAGHZIA LUNCHEON MEAT BEEF 840GR","PCS","CTN","2004000184058","317.975"
"1501000046","AL TAGHZIA LUNCHEON MEAT CHICKEN 340 GR","PCS","CTN","2004000184089","323.72499999999997"
"1501000047","AL TAGHZIA LUNCHEON MEAT TURKEY 200G","PCS","CTN","2004000184096","224.82500000000002"
"1501000048","AL TAGHZIA LUNCHEOM BEEF 200 GR","PCS","CTN","1001501000017","218.5"
"1501000056","ZWAN LUNCH.MEAT BEEF H&S 340G","PCS","CTN","2004000245681","577.3"
"1501000057","ZWAN L.MEAT BEEF 200GR","PCS","CTN","2004000283706","680.8"
"1501000059","ZWAN L\MEATBEEF H&S 200GR","PCS","CTN","2004000283737","759"
"1501000060","ZWAN LUNCHEON MEAT BEEF 850GR","PCS","CTN","200400028375","576.15"
"1501000061","ZWAN LUNCHEON MEAT BEEF H&S 850GR","PCS","CTN","2004000283768","621"
"1501000063","ZWAN LUNCH MEET CHICKEN H&SPICY 340GR","PCS","CTN","2004000283669","572.7"
"1502000039","AL TAGHZIA LUNCHEON CHICKEN 200G","PCS","CTN","1001502000016","218.5"
"1502000040","AL TAGHZIA LUNCHEON MEAT TURKEY 840 GR","PCS","CTN","2004000184119","316.8251149999999"
"1502000041","AL TAGHZIA LUNCHEON MEAT CHICKEN 840GR","PCS","CTN","2004000184102","316.8251149999999"
"1502000045","ZWAN LUNCH MEAT BEEF 340GR","PCS","CTN","2004001499229","577.3"
"1502000048","ZWAN LUNCHEON MEAT CHICKEN H&S 200G","PCS","CTN","2004000283744","675.625"
"1502000049","ZWAN L.MEAT CHICKEN 850GR","PCS","CTN","2004000153047","609.5"
"1502000051","ZWAN CHICKEN L/M 200GR","PCS","CTN","2004000283782","676.1999999999999"
"1502000052","ZWAN LUNCHEON MEAT CHICKEN 340 GR.","PCS","CTN","2013011045265","523.25"
"1502000053","ZWAN LUNCHEON CHICKEN H.SPICY 850GR","PCS","CTN","2004000283799","563.5"
"1502000066","C.GARDEN CHICKEN LUNCHEOM 340GR","PCS","CTN","2007000398555","281.75"
"1502000067","C.GARDEN CHICKEN LUNCHEOM 220GR","PCS","CTN","2007000398562","200.1"
"1502000091","ZWAN LUNCHEON MEAT CHICKEN TANDOORI 200GR","PCS","CTN","2011011026116","679.65"
"1502000092","ZWAN LUNCHEON MEAT CHICKEN W/OLIVE 200GR","PCS","CTN","2011011026123","759"
"1502000104","UNIUM CHICKEN LUNCHEON MEAT 200GM","PCS","CTN","2014011048058","172.5"
"1502000105","UNIUM CHICKEN LUNCHEON MEAT 340GM","PCS","CTN","2014011048065","258.75"
"1502000106","UNIUM CHICKEN LUNCHEON MEAT 800GM","PCS","CTN","2014011048072","279.45000000000005"
"1502000107","UNIUM BEEF LUNCHEON MEAT 200G","PCS","CTN","2014011048089","172.5"
"1502000108","UNIUM BEEF LUNCHEON MEAT 340GM","PCS","CTN","2014011048096","258.75"
"1502000109","UNIUM BEEF LUNCHEON MEAT 800GM","PCS","CTN","2014011048102","284.625"
"1502000119","A.KITCHEN CHICKEN LUNCHEON MEAT 170GM","PCS","CTN","2015011052021","184.000115"
"1502000120","A.KITCHEN CHICKEN LUNCHEON MEAT 311GM","PCS","CTN","2015011052038","137.655"
"1502000121","A.KITCHEN CHICKEN LUNCHEON MEAT BOLOGNA 6 OZ","PCS","CTN","2015011052045","185.15"
"1502000122","A.KITCHEN CHICKEN LUNCHEON MEAT BOLOGNA 11 oZ","PCS","CTN","2015011052052","137.655"
"1503000008","ZWAN LUNCHEON MEAT TURKEY 200 GR","PCS","CTN","2004000245278","681.9499999999999"
"1503000009","ZWAN LUNCHEON MEAT TURKEY 340GR","PCS","CTN","2004000245285","575"
"1503000010","ZWAN LUNCHEON MEAT TURKEY 850GR","PCS","CTN","2004000245292","557.75"
"1504000024","ZWAN COCKTAIL SAUSAGE CHICKEN 200 GR","PCS","OFFER","6291058105463","19.4925"
"1504000024","ZWAN COCKTAIL SAUSAGE CHICKEN 200 GR","PCS","CTN","2004000153283","467.1875"
"1504000025","ZWAN COCKTAIL SAUSAGE BEEF 200GM","PCS","OFFER","6291058105456","19.4925"
"1504000025","ZWAN COCKTAIL SAUSAGE BEEF 200GM","PCS","CTN","2004000283836","465.75"
"1504000063","ZWAN HOT DOG CHICKEN JAR 270G","PCS","CTN","2011011026130","247.25"
"1504000064","ZWAN HOT DOG CHICKEN JAR 520G","PCS","CTN","2011011026147","379.5"
"1505000035","BORDON CORNED BEEF 340GR","PCS","OUT","00011212","20.125"
"1505000035","BORDON CORNED BEEF 340GR","PCS","CTN","2004000149453","483"
"1505000036","BORDON CORNED BEEF 198GR","PCS","CTN","2004000283898","293.5375"
"1505000045","A.GARDEN AG CORNED BEEF 340GR","PCS","CTN","2004000161110","293.25"
"1505000055","HEINZ CORNED BEEF 340GR","PCS","CTN","2009000438958","509.45"
"1506000228","AMERICAN LIGHT MEAT TUNA SOLID PACK 185 GR","OFFER","OUT2","2000004853518","11.4885"
"1506000257","AL ALALI FANCY MEAT TUNA S/F OIL 85GR","PCS","CTN","2004000283935","330.625"
"1506000258","AL ALALI FANCY MEAT TUNA SF OIL 195GR","PCS","CTN","2004000283942","621"
"1506000259","AL ALALI FANCY MEAT TUNA (O/O) 170GR","PCS","OFFER","2534223","57.787499999999994"
"1506000259","AL ALALI FANCY MEAT TUNA (O/O) 170GR","PCS","CTN","2004000283959","920"
"1506000260","AL ALALI WHITE MEAT TUNA OLIVES OIL 170GR","PCS","CTN","2004000283966","676.1999999999999"
"1506000261","AL ALALI TUNA SLICES SUNFLOWER OIL100 GM","PCS","CTN","2004000283980","284.625"
"1506000262","AL ALALI SMOKED TUNA SLICES (SS/O) 100GR","PCS","CTN","2004000283997","271.6875"
"1506000263","AL ALALI TUNA SLICES REG. (O/O) 100 GR","PCS","CTN","2004000284000","306.7625"
"1506000264","AL ALALI SKIP JACK TUNA 85GR","PCS","CTN","2004000284017","270.25"
"1506000266","AL ALALI WHITE MEAT TUNA SS/O 85GR","PCS","CTN","2004000284031","356.5"
"1506000267","AL ALALI WHITE MEAT TUNA IN WATER 170 GR","PCS","CTN","2004000284048","644"
"1506000271","C.GARDEN W.M TUNA W 170GR","PCS","CTN","882149070355","612.662615"
"1506000276","C.GARDEN TUNA SLICE 120GR","PCS","CTN","2004000245513","610.9375"
"1506000277","C.GARDEN TUNA SLICE SM 120GR","PCS","CTN","2004000245520","610.9375"
"1506000278","C.GARDEN TUNA SLICE W/CHILLI IN S/F OIL 185GR","PCS","CTN","2004000245537","610.9375"
"1506000280","C.GARDEN W/M TUNA O/O 100GR","PCS","CTN","2004000284086","344.13750000000005"
"1506000281","C.GARDEN WHITE MEAT TUNA IN OLIVE OIL 200GR","PCS","CTN","2004000284093","675.0500000000001"
"1506000283","C.GARDEN TUNA SOLID OIL 185GR","PCS","OUT","20050003503131","12.075"
"1506000283","C.GARDEN TUNA SOLID OIL 185GR","PCS","OUT2","20050003503201","12.075"
"1506000283","C.GARDEN TUNA SOLID OIL 185GR","PCS","CTN","2004000150503","579.6"
"1506000283","C.GARDEN TUNA SOLID OIL 185GR","PCS","CTN","882149070447","579.6"
"1506000285","C.GARDEN WHITE MEAT TUNA SOLID IN OIL 170GR","PCS","CTN","0328940210403","612.662615"
"1506000285","C.GARDEN WHITE MEAT TUNA SOLID IN OIL 170GR","PCS","CTN","882149070317","612.662615"
"1506000286","C.GARDEN TUNA SOLID OIL 3.5OZ","PCS","CTN","2004000284147","295.8375"
"1506000287","C.GARDEN TUNA L.M. OIL 100GR","PCS","CTN","2004000159360","265.65000000000003"
"1506000288","C.GARDEN LIGHT MEAT TUNA IN WATER CHUNK 185GR","PCS","CTN","2004000284154","564.5925"
"1506000288","C.GARDEN LIGHT MEAT TUNA IN WATER CHUNK 185GR","PCS","CTN","882149040287","564.5925"
"1506000288","C.GARDEN LIGHT MEAT TUNA IN WATER CHUNK 185GR","PCS","CTN","882149070287","564.5925"
"1506000349","CENTURY TUNA CALAMANSI 180GR","PCS","CTN","2006000373371","316.25"
"1506000350","CENTURY TUNA CALDERETA 180GR","PCS","CTN","2006000373388","276"
"1506000351","CENTURY TUNA FLAKE HOT&SPICY 180GR","PCS","CTN","2006000373395","313.95"
"1506000355","CENTURY TUNA FLAKE IN VEGTABLE OIL 180GM","PCS","CTN","2006000373432","313.95"
"1506000366","AL ALALI WHITE MEAT TUNA S/F OIL170GR","PCS","CTN","2004000163985","646.3000000000001"
"1506000367","AMERICAN LIGHT M/TUNA 185GR","PCS","OUT","3030000000357","20.7"
"1506000367","AMERICAN LIGHT M/TUNA 185GR","PCS","CTN","2004000188988","230"
"1506000368","A.GARDEN L/MEAT CHUNKS SF OIL TUNA 185GM","PCS","CTN","2004000161073","418.6"
"1506000369","A.GARDEN L/MEAT FLAKES SF OIL TUNA 185GM","PCS","CTN","2004000161080","388.125"
"1506000375","VIRGINIA TUNA LIGHT MEATE SOLID 200GR","PCS","CTN","2004000236344","342.699425"
"1506000377","VIRGINIA TUNA WHITE MEATE SOLID 200GR","PCS","CTN","2004000236320","377.19885"
"1506000378","VIRGINIA LIGHT MEAT TUNA IN WATER 200GR","PCS","CTN","2004000236306","342.699425"
"1506000379","VIRGINIA WHITE MEAT TUNA IN WATER 200GR","PCS","CTN","2004000236726","409.3425"
"1506000380","C.GARDEN LIGHT TUNA IN SUNFLOWER IN OIL CHUNK 185GR","PCS","CTN","2005000350207","563.5"
"1506000381","C.GARDEN TUNA SLICES BLACK PEPPER&LEMON 120GR","PCS","CTN","2011011028578","610.9375"
"1506000392","AL ALALI FANCY MEAT TUNA WATER 85GR","PCS","CTN","2007000399606","330.625"
"1506000393","AL ALALI FANCY MEAT TUNA WATER 195GR","PCS","CTN","2007000399613","621"
"1506000395","AL ALALI TUNA SLICE CHILLI S/F OIL 100GR","PCS","CTN","2007000399637","281.75"
"1506000396","AL ALALI TUNA SLICE PEPPER LEMON S/F OIL 100GR","PCS","CTN","2007000399644","276"
"1506000397","AL ALALI TUNA SLICE GARLIC PEPPER S/F OIL 100GR","PCS","CTN","2007000399651","273.125"
"1506000450","GOODY LIGHT MEAT TUNA WITH CHILI 160G","PCS","OUT","3030000000991","10.338500000000002"
"1506000450","GOODY LIGHT MEAT TUNA WITH CHILI 160G","PCS","CTN","2009000443419","410.54999999999995"
"1506000453","GOODY PINK SALMON IN LEMON 95G","PCS","CTN","2009000443440","627.9"
"1506000485","LORENA LIGHT MEAT TUNA CHUNK IN WATER 185GR","PCS","CTN","2009000023062","402.5"
"1506000486","LORENA LIGHT MEAT TUNA CHUNK IN OIL 185GR","PCS","CTN","2009000023079","412.84999999999997"
"1506000487","LORENA LIGHT MEAT TUNA SOLID IN OIL 185GR","PCS","CTN","2009000023086","425.500115"
"1506000495","JOHN WEST TUNA CHUNKS IN OIL 185G","PCS","CTN","2010198008663","340.6875"
"1506000496","JOHN WEST TUNA CHUNK IN BRINE 185G","PCS","CTN","2010198008670","330.05"
"1506000512","AL ALALI ALBACORE TUNA IN SUNFLOWER OIL 170G","PCS","CTN","2011011021579","616.975"
"1506000513","AL ALALI ALBACORE TUNA IN SUNFLOWER OIL 85G","PCS","CTN","2011011021586","333.5"
"1506000514","AL ALALI ALBACORE TUNA IN WATER 170G","PCS","CTN","2011011021593","603.75"
"1506000515","AL ALALI ALBACORE TUNA IN WATER 85G","PCS","CTN","2011011021609","314.8125"
"1506000516","AL ALALI WHITE TUNA SLICE IN SUNFLOWER OIL 160G","PCS","CTN","2011011021616","198.375"
"1506000517","AL ALALI WHUTE TUNA SLICE SMOKED 160G","PCS","CTN","2011011021623","203.55"
"1506000518","AL ALALI WHITE TUNA SLICE CHILLI 160G","PCS","CTN","2011011021630","201.25"
"1506000519","AL ALALI TUNA SNACK SALAD W/ WHITE BEANS 185G","PCS","CTN","2011011021647","263.35"
"1506000520","AL ALALI TUNA SALAD WITH RED KIDNEY BEANS 185G","PCS","CTN","2011011021654","264.5"
"1506000521","AL ALALI TUNA SNACK SALAD WITH VEGETABLES 185G","PCS","CTN","2011011021661","264.5"
"1506000525","AL ALALI GRILLED TUNA FINGERS IN ITALIAN SAUCE 120G","PCS","CTN","2011011021708","276"
"1506000533","AL ALALI TUNA SLICE IN WATER 100GM","PCS","CTN","2011011032018","287.5"
"1506000536","AL ALALI YELLOWFIN TUNA IN SFO 170G","PCS","CTN","2012011034347","552"
"1506000537","AL ALALI YELLOWFIN TUNA IN WATER 170G","PCS","CTN","2012011034354","517.5"
"1506000538","AL ALALI YELLOWFIN TUNA IN SFO 85G","PCS","CTN","2012011034361","286.2925"
"1506000539","AL ALALI YELLOWFIN TUNA IN WATER 85G","PCS","CTN","2012011034378","286.2925"
"1506000540","AL ALALI YELLOWFIN TUNA IN OLIVE OIL 170G","PCS","CTN","2012011034385","603.75"
"1506000541","AL ALALI SKIP JACK TUNA IN SFO 170G","PCS","CTN","2012011034392","462.29999999999995"
"1506000542","AL ALALI S/J TUNA FP 170G 3 S","PCS","CTN","2012011034415","427.22499999999997"
"1506000546","AL ALALI WHITE TUNA SFOFAMILY PACK 160G 3 S","PCS","CTN","2012011034453","560.625"
"1506000547","AL ALALI WHITE TUNA WTRFAMILY PACK 170G 3 S","PCS","CTN","2012011034460","560.625"
"1506000548","AL ALALI WHITE YUNA O/O FAMILY PACK 170G 3 S","PCS","CTN","2012011034477","577.3"
"1506000549","AL ALALI YELOWFIN TUNA SFO FAMILY PACK 170G 3 S","PCS","CTN","2012011034484","511.75"
"1506000550","AL ALALI YELOWFIN TUNA WTR FAMILY PACK 170G 3 S","PCS","CTN","2012011034491","494.5"
"1506000551","AL ALALI YELOWFIN TUNA O/O FAMILY PACK 170G 3 S","PCS","CTN","2012011034507","557.75"
"1506000553","GOODY PINK SALMON SPRING 95GM","PCS","CTN","2012011036778","620.9991949999999"
"1506000554","GOODY LIGHT MEAT TUNA OIL 160G","PCS","CTN","2012011036785","511.4625"
"1506000555","GOODY LIGHT MEAT TUNA BRINE 90G","PCS","CTN","2012011036792","620.9991949999999"
"1506000556","GOODY LIGHT MEAT TUNA BRINE 48X185G","PCS","CTN","2012011036808","489.325"
"1506000557","GOODY TENDERINA SOFT TUNA 48X185G","PCS","CTN","2012011036815","523.25"
"1506000567","A.GARDEN L/M CHUNKS SPRG WATER TUNA 185GM","PCS","CTN","2013011042448","379.5"
"1506000568","A.GARDEN L/MEAT FLAKES SPRG WATER TUNA 185GM","PCS","CTN","2013011042455","351.6125"
"1506000583","C.GARDEN GOLD TUNA MOTAMASKA SOLID185GM","PCS","CTN","2014011048577","118.33500000000002"
"1506000584","C.GARDEN GOLD TUNA ALBACORE SOLID 185GM","PCS","CTN","2014011048584","132.82500000000002"
"1506000585","C.GARDEN GOLD TUNA GOURMET 185GM","PCS","CTN","2014011048591","165.6"
"1506000586","DIAMOND TUNA BRINE 185 20% O","PCS","OFFER","5023659202774","23.54625"
"1506000590","DIAMOND SOLID L.M TUNA S/F OIL 185G","PCS","OFFER","5023659202781","20.225624999999997"
"1506000600","AL MUKALLA KHOR AL MUKALLA IN S/F OIL 185GM","PCS","CTN","2014011049703","399.984375"
"1506000610","A.GARDEN WHITE SOLID SF/OIL EOE TUNA 185GM","PCS","CTN","2014011049840","458.85"
"1506000611","A.GARDEN WHITE SOLID SPRG WATER EOE TUNA 185GM","PCS","CTN","2014011049857","422.05"
"1506000616","C.GARDEN SOLID SKIPJACK TUNA 170GM","PCS","CTN","2015011051208","434.7"
"1508000052","2 DIAMOND SARDINES IN TOM.SAUCE W/CHILLI 215GR","PCS","CTN","2004000176985","179.91749999999996"
"1508000055","2 DIAMOND SARDINES IN TOMATO SAUCE 215GR","PCS","CTN","2004000284437","179.91749999999996"
"1508000059","C.GARDEN SARDINE WATER 125GR","PCS","CTN","2004000240617","198.375"
"1508000060","C.GARDEN SARDINE TOM 125GR","PCS","CTN","2004000240761","214.187615"
"1508000061","C.GARDEN SARDINE TOM 155GR","PCS","CTN","2004000240778","183.42499999999998"
"1508000062","C.GARDEN SARDINE WAT 155GR","PCS","CTN","2004000240785","183.42499999999998"
"1508000063","C.GARDEN SARDINES IN HOT T/SAUCE 155GR","PCS","CTN","2004000284376","183.42499999999998"
"1508000064","C.GARDEN SARDINES HOT 125GR","PCS","CTN","2004000284383","214.187615"
"1508000076","DELMONACO SARDIN CHILLI 125GR","PCS","CTN","2005000354410","230"
"1508000077","DELMONACO SARDIN 125GR","PCS","CTN","2005000354427","402.5"
"1508000079","LIGO GREEN  SARDINE TOMATO SAUCE 155GR","PCS","CTN","2006000373524","433.55"
"1508000081","555 SARDINE TOMOTA&CHILLY RED 155GR","PCS","CTN","2006000373586","359.375"
"1508000082","555 SARDINE TOMOTA SAUCE GREEN 155GR","PCS","CTN","2006000373593","358.8"
"1508000098","A.GARDEN SARADIN T/S 125GR","PCS","CTN","2007000386460","185.15"
"1508000100","A.GARDEN SARDIN T/S 215GR","PCS","CTN","2007000386484","215.05"
"1508000101","A.GARDEN SARDINES IN TOMATO SAUCE 425 GR","PCS","CTN","2007000386491","200.1"
"1508000113","A.GARDEN A/G SARDINES VEG OIL 125GM","PCS","CTN","2012011036310","199.23749999999998"
"1508000116","SAFI SARDINES INVEGETABLE OIL 120GR","PCS","CTN","2013011045661","215.625"
"1508000117","SAFI SPICY SARDIN INVEGETABLE OIL 120GR","PCS","CTN","2013011045678","217.35"
"1508000127","AL ALALI SARDINES IN S/FLOWER OIL 100GM","PCS","CTN","2014011049710","273.125"
"1508000128","AL ALALI SARDINES IN S/F WITH CHILLY 100GM","PCS","CTN","2014011049727","269.675"
"1604000027","C.GARDEN PEACH HALVES 420GR","PCS","CTN","2004000166658","257.025"
"1604000028","C.GARDEN PEACH HALVES 825GR","PCS","CTN","2004000165408","370.3"
"1604000037","LIBBYS PEACH HALVES 825GR","PCS","CTN","2006000375214","414"
"1604000038","LIBBYS PEACH SLICES 825GR","PCS","CTN","2006000375221","407.1"
"1604000040","LIBBYS PEACH SLICES 420GR","PCS","CTN","2006000381451","269.09999999999997"
"1604000041","LIBBYS PEACH SLICES 220GR","PCS","CTN","2008000423544","185.15"
"1606000006","APTUNION RED CHERRY IN CUP 200 GR","PCS","CTN","2004000270232","150.65"
"1608000066","DEL MONTE SLICED PINEAPPLE IN SYRUP 840GR","PCS","CTN","2007000387719","294.3425"
"1608000067","DEL MONTE SLICED PINEAPPLE IN SYRUP 567GR","PCS","CTN","2007000387702","221.8925"
"1608000069","DEL MONTE PINEAPPLE CHUNKS IN SYRUP 570 GR","PCS","CTN","2007000387405","202.4"
"1608000083","AL ALALI PINEAPPLE SLICES CHOICE 234 GR","PCS","CTN","2004000154747","131.675"
"1608000084","AL ALALI PINEAPPLE SLICES CHOICE 567 GR","PCS","CTN","2004000154754","222.525"
"1608000085","AL ALALI PINEAPPLE SLICES STANDARD 234 GR","PCS","CTN","2004000154761","117.58761500000001"
"1608000086","AL ALALI PINEAPPLE SLICES STANDARD 567 GR","PCS","CTN","2004000154778","198.375"
"1608000087","C.GARDEN PINEAPPLE SLICED 825GR","PCS","CTN","2004000284734","299"
"1608000088","C.GARDEN PINEAPLLE SLICED 565GR","PCS","CTN","2004000284741","219.07500000000002"
"1608000088","C.GARDEN PINEAPLLE SLICED 565GR","PCS","CTN","882149070690","219.07500000000002"
"1608000089","C.GARDEN PINEAPPLE SLIC 220GR","PCS","CTN","2004000284758","138"
"1608000089","C.GARDEN PINEAPPLE SLIC 220GR","PCS","CTN","882149070676","138"
"1608000090","C.GARDEN PINEAPPLE CHUNKS 565GR","PCS","CTN","2004000284765","219.07500000000002"
"1608000098","LIBBYS PINEAPPLE SLICE 235 GR","PCS","CTN","2004000154532","164.45"
"1608000099","LIBBYS PINEAPPLE SLICE 570 GR","PCS","OUT","2004001485130","51.75"
"1608000099","LIBBYS PINEAPPLE SLICE 570 GR","PCS","CTN","2004000284802","310.5"
"1608000100","LIBBYS PINEAPPLE SLICE 830GR","PCS","CTN","2004000284819","324.29999999999995"
"1608000119","SIBLING SWEET PINEAPPLE GEL 340GM","PCS","CTN","2004000221203","189.75"
"1608000125","DEL MONTE PINAPPLE SLISES IN SYRUB 234 GR","PCS","CTN","2007000387412","290.0875"
"1608000143","LIBBYS PINEAPPLE TITBITS 570GR","PCS","CTN","2008000423551","270.25"
"1610000045","DEL MONTE FRUIT COCKTAIL 420 GR","PCS","OUT","2152415121226","40.25"
"1610000045","DEL MONTE FRUIT COCKTAIL 420 GR","PCS","CTN","2004000196693","293.82500000000005"
"1610000046","DEL MONTE FRUIT COCKTAIL 825 GR","PCS","CTN","2004000196709","398.47499999999997"
"1610000047","DEL MONTE FRUIT COCKTAIL 227 G","PCS","CTN","2004000196716","160.425"
"1610000048","AL ALALI FRUIT COCKTAIL 127GR","PCS","CTN","2004000154785","181.125"
"1610000049","AL ALALI FRUIT COCKTAIL 420GR","PCS","CTN","2004000154792","245.81250000000003"
"1610000050","AL ALALI FRUIT COCKTAIL 840GR","PCS","CTN","2004000154808","142.54250000000002"
"1610000051","APTUNION MIXED FRUIT IN CUP 200 GR","PCS","CTN","2004000158936","114.7125"
"1610000055","C.GARDEN COCKTAIL 825GR","PCS","CTN","2004000156611","366.5625"
"1610000056","C.GARDEN FRUIT COCKTAIL 420GR.","PCS","CTN","2004000166689","239.775"
"1610000060","LIBBYS FRUIT COCKTAIL 420GR","PCS","OUT","2004001485123","44.792500000000004"
"1610000060","LIBBYS FRUIT COCKTAIL 420GR","PCS","CTN","2004000284864","267.95"
"1610000061","LIBBYS FRUIT COCKTAIL 220GR","PCS","CTN","2004000162780","184.000115"
"1610000062","LIBBYS FRUIT COCKTAIL 825GR","PCS","OUT","2004001496662","37.375"
"1610000062","LIBBYS FRUIT COCKTAIL 825GR","PCS","CTN","2004000284871","446.2"
"1610000095","A.GARDEN COCONUT CREAM 400ML","PCS","CTN","2008000411718","267.375"
"1610000116","A.GARDEN FRUIT COCKTAIL 248GM","PCS","CTN","2010198004610","118.33500000000002"
"1620000021","A.GARDEN GREEN PEAS 400GR","PCS","CTN","2004000161141","131.1"
"1620000024","MALING GREEN PEAS 397GR","PCS","CTN","2004001499168","70.725"
"1620000025","MARA GREEN PEAS 400GR","PCS","CTN","08000066001906","60.89250000000001"
"1620000025","MARA GREEN PEAS 400GR","PCS","CTN","08000066445106","60.89250000000001"
"1620000033","LIBBYS SWEET PEAS GARDEN 241GR","PCS","CTN","2006000375238","186.3"
"1620000034","LIBBYS SWEET PEAS GARDEN 425GR","PCS","CTN","2006000375245","247.25"
"1620000037","AL ALALI GARDEN PEAS 400GR","PCS","CTN","2007000399743","92.2875"
"1621000004","AL RABIH C/MOLASSES 800GR","PCS","CTN","2004000167174","322.57500000000005"
"1621000005","AL ALALI PEAS & CARROTS 400GR","PCS","CTN","2007000399262","91.71249999999999"
"1621000006","AL ALALI MIXED VEG. 400GR","PCS","CTN","2007000399279","92.2875"
"1622000014","G.GIANT BUTTER BEANS 410GR","PCS","CTN","2004000311218","171.35"
"1622000021","AL ALALI CUT GREEN BEANS 411GR","PCS","CTN","6179507014150","89.9875"
"1622000023","C.GARDEN BAKED BEANS 220GR","PCS","CTN","2004001499731","64.6875"
"1622000024","C.GARDEN BAKED BEANS 450GR","PCS","CTN","2004000285113","204.70000000000002"
"1622000024","C.GARDEN BAKED BEANS 450GR","PCS","CTN","882149040549","204.70000000000002"
"1622000028","LIBBYS BAKED BEANS 220GR","PCS","CTN","2004000154549","54.05"
"1622000034","AL MAZRAA BAKED BEANS 400GR","PCS","CTN","08000066444420","92"
"1622000034","AL MAZRAA BAKED BEANS 400GR","PCS","CTN","08000066445298","92"
"1622000035","LIBBYS BAKED BEANS 415GR","PCS","CTN","2004000154556","158.7"
"1623000023","C.GARDEN RED KIDNEY BEANS 400GR","PCS","CTN","2004000285014","140.29999999999998"
"1623000023","C.GARDEN RED KIDNEY BEANS 400GR","PCS","CTN","882149040525","140.29999999999998"
"1623000027","MARA RED KIDNEY BEANS 400 GR","PCS","CTN","08000066004075","101.775"
"1623000037","A.GARDEN AG RED KIDNEY BEANS 400GR","PCS","CTN","2011011025720","140.58749999999998"
"1623000043","DEL MONTE RED KIDENY BEANS 400 GR","PCS","CTN","2007000388099","134.54999999999998"
"1624000056","DEL MONTE WHITE BEANS 400 GR","PCS","CTN","2007000388105","126.4425"
"1625000027","C.GARDEN MIXED VEG. 400GR","PCS","CTN","2004000285274","144.9"
"1625000029","MARA MIX VEGETABLE 400GR","PCS","CTN","08000066444505","58.65"
"1625000034","LIBBYS MIXED VEG 425GR","PCS","CTN","2006000375252","246.10000000000002"
"1625000035","A.GARDEN AG BAKED BEANS 400GR","PCS","CTN","2011011025737","150.65"
"1626000033","D.FRESH GARBANZO PEAS CHICK PEAS 400 GR","PCS","CTN","2004000155201","67.61999999999999"
"1626000040","AL MAZRAA CHICK PEAS 400GR","PCS","CTN","2004000285311","80.78750000000001"
"1626000040","AL MAZRAA CHICK PEAS 400GR","PCS","CTN","882149040808","80.78750000000001"
"1626000042","C.GARDEN SWEET PEAS 425 GR","PCS","CTN","2004000284932","144.9"
"1626000043","C.GARDEN CHICK PEAS 450GR","PCS","CTN","2004000150435","123.3375"
"1626000043","C.GARDEN CHICK PEAS 450GR","PCS","CTN","882149040532","123.3375"
"1626000047","KIMBALL CHICK PEAS 440 GR","PCS","CTN","2004000170921","101.2"
"1626000049","MARA CHICK PEAS 400 GR","PCS","CTN","08000066001807","94.875"
"1626000049","MARA CHICK PEAS 400 GR","PCS","CTN","08000066449463","94.875"
"1626000062","HEINZ BAKED BEANS 200GR","PCS","CTN","2004000213215","96.8875"
"1626000063","HEINZ BAKED BEANS 415GR","PCS","CTN","2004000213222","282.6125"
"1626000065","DEL MONTE CHICK PEAS 400 GR.","PCS","CTN","2007000388082","114.7125"
"1626000079","A.GARDEN CHICK PEAS 400GM","PCS","CTN","2010198012370","126.50000000000001"
"1627000039","LIBBYS MUSHROOM WHOLES 184GR","PCS","CTN","2004000163947","165.6"
"1627000040","LIBBYS MUSHROOM WHOLES 400GR","PCS","CTN","2004000163954","287.5"
"1627000041","LIBBYS MUSHROOM SLICES 400GR","PCS","CTN","2004000163961","313.375"
"1627000042","LIBBYS MUSHROOM SLICES 184GR","PCS","CTN","2004000163978","181.64249999999998"
"1627000045","D.FRESH MUSHROOM SLICE 2840GR","PCS","CTN","2004000305750","144.9"
"1627000056","A.GARDEN MUSHROOM WHOLE 425GR","PCS","CTN","2006000374934","228.85"
"1627000058","AL ALALI MUSHROOM WHOLE 200GR","PCS","CTN","2004000285373","146.625"
"1627000059","AL ALALI MUSHROOM STEM & PIECES 400GR","PCS","CTN","2004000285380","218.5"
"1627000059","AL ALALI MUSHROOM STEM & PIECES 400GR","PCS","CTN","617950701125","218.5"
"1627000060","AL ALALI MUSHROOM STEM & PIECES 200GR","PCS","CTN","2004000285397","136.275"
"1627000064","C.GARDEN MUSHROOM WHOLE 425GR","PCS","CTN","2004000166702","209.875"
"1627000066","C.GARDEN MUSHROOM PCS 425GR","PCS","CTN","2004000285441","205.85"
"1627000068","MALING MUSHROOM 425GR","PCS","CTN","2004000285496","150.9375"
"1627000075","A.GARDEN MUSHROOM PCS & STEMES425GR","PCS","CTN","2006000374927","205.85"
"1627000088","AL ALALI MUSHROOM WHOLE 400GR","PCS","CTN","2007000399255","247.25"
"1627000118","MALING MUSHROOMS SLICE 425G","PCS","CTN","2009000441545","150.65"
"1627000129","AL ALALI MUSHROOM STEM & PIECES FAMILY PACK 400G 3 S","OUT","CTN","2012011034552","197.70799999999997"
"1627000130","AL ALALI MUSHROOM STEM & PIECES 200G 6 S","OUT","CTN","2012011034569","125.29250000000002"
"1627000133","LIBBYS MASHROOM PIES&STEMP 184G","PCS","CTN","2013011042820","149.5"
"1627000134","LIBBYS MASHROOM PIES&STEMP 400G","PCS","CTN","2013011042837","257.3125"
"1628000020","G.GIANT PEELED PLUM TOMATO 400GR","PCS","CTN","2005000359576","212.75"
"1628000021","G.GIANT CHOPPED TOMATO IN ITS JUICE 400GR","PCS","CTN","2005000359583","212.75"
"1628000022","DEL MONTE PEELED TOMATOES 400 GR","PCS","CTN","2007000388037","126.78750000000001"
"1629000039","A.GARDEN CREAM STYLE CORN 418 GR","PCS","CTN","2004000177418","232.300115"
"1629000042","AL ALALI WHOLE KERNEL CORN 425GR","PCS","CTN","2004000285526","184.000115"
"1629000043","AL ALALI VACUUM PACKED CORN 340GR","PCS","CTN","2004000285533","213.9"
"1629000045","C.GARDEN WHOLE KERNEL CORN 425GR","PCS","CTN","2004000285540","144.9"
"1629000046","C.GARDEN CREAM STYLE CORN 425","PCS","CTN","2004000285557","207"
"1629000052","A.GARDEN POP CORN BUTTER 3X3.5OZ","PCS","CTN","2005000340628","190.89999999999998"
"1629000053","A.GARDEN POP CORN LIGHT 3.5OZ","PCS","CTN","2005000340635","195.5"
"1629000059","AL ALALI BABY CORN 410GR","PCS","CTN","2011011019972","189.75"
"1629000063","LIBBYS WHOLE KERNAL CORN 248GR","PCS","CTN","2006000375269","172.2125"
"1629000064","LIBBYS WHOLE KERNAL CORN 433GR","PCS","CTN","2006000375276","227.98749999999998"
"1629000065","LIBBYS CREAM STYLE CORN 241GR","PCS","CTN","2006000375283","185.15"
"1629000066","LIBBYS CREAM STYLE CORN 418GR","PCS","CTN","2006000375290","225.97500000000002"
"1629000067","G.GIANT NIBLETS SWEET CORN ORIGINAL 198GR","PCS","CTN","2004000206132","184.000115"
"1629000068","G.GIANT NIBLETS SWT.CORN NO SALT NO SUGAR 340 GR","PCS","CTN","2004000206125","239.20000000000002"
"1629000069","G.GIANT NIBLETS SWEET CORN 340GR","PCS","CTN","2004000206118","247.19249999999997"
"1629000071","G.GIANT NIBLETS SWEET CORN NO SALT NO SUGAR 198GR","PCS","CTN","2004000206095","181.9875"
"1629000077","DEL MONTE GOLD CORN 410 GR","PCS","CTN","2007000388006","165.3125"
"1629000078","A.GARDEN P/CORN CHEESE 3.5OZ","PCS","CTN","2007000395332","184.000115"
"1629000080","AL ALALI CORN CREAM STYLE 425GR","PCS","CTN","2007000399231","184.000115"
"1629000081","AL ALALI CORN MEXICAN STYLE 340GR","PCS","CTN","2007000399248","226.54999999999998"
"1629000095","GOODY WHOLE KERNEL GOLDEN CORN 24X340G","PCS","CTN","2009000443525","201.25"
"1629000100","A.GARDEN WHOLE KERNEL S/CORN 425GM","PCS","CTN","2010198004641","218.5"
"1629000101","A.GARDEN W/KERNEL CORN 185 GM","PCS","CTN","2010198004658","91.77"
"1629000104","AL ALALI WHOLE KERNEL CORN 200G","PCS","CTN","2011011021463","136.275"
"1629000108","AL ALALI WHOLE CORN FAMILY PACK 425G 3 S","PCS","CTN","2012011034521","170.48749999999998"
"1629000109","AL ALALI VACUM CORN FAMILY PACK 340G 3 S","PCS","CTN","2012011034538","197.79999999999998"
"1629000110","AL ALALI WHOLE CORN FAMILY PACK 6X200G","PCS","CTN","2012011034545","125.925"
"1630000051","AL RABIH HOMMOS TAHINA 180 GR","PCS","CTN","2004000154327","132.82500000000002"
"1630000052","AL RABIH HOMMOS TAHINA 380 GR","PCS","CTN","2004000285632","150.9375"
"1630000053","C.GARDEN HOMMOS TAHINA220GR","PCS","CTN","2008000428419","54.3375"
"1630000053","C.GARDEN HOMMOS TAHINA220GR","PCS","CTN","882149040563","54.3375"
"1630000054","C.GARDEN HOMMOS THAHINA 400GR","PCS","CTN","2009000447981","84.52499999999999"
"1631000142","C.GARDEN FOUL MEDAMMAS 5+1X450GR","PCS-2","OFFER","032894075062","21.7925"
"1631000142","C.GARDEN FOUL MEDAMMAS 5+1X450GR","PCS-2","OFFER","2004000132011","21.7925"
"1631000142","C.GARDEN FOUL MEDAMMAS 5+1X450GR","PCS-2","CTN","2011011022774","96.5425"
"1631000143","C.GARDEN FOUL WITH TAHINA 450GR","PCS","CTN","882149040686","88.83749999999999"
"1631000144","C.GARDEN FOUL SAUDI RECIPE E-D-E 450GR","PCS","CTN","2008000428433","87.400115"
"1631000144","C.GARDEN FOUL SAUDI RECIPE E-D-E 450GR","PCS","CTN","882149040648","87.400115"
"1631000147","C.GARDEN FOUL EGYPTIAN 450GR","PCS","CTN","2004000149934","87.400115"
"1631000147","C.GARDEN FOUL EGYPTIAN 450GR","PCS","CTN","882149040631","87.400115"
"1631000148","C.GARDEN FOUL PEELED WITH CHILLI 450GR","PCS","CTN","2008000428426","87.400115"
"1631000148","C.GARDEN FOUL PEELED WITH CHILLI 450GR","PCS","CTN","882149040709","87.400115"
"1631000150","C.GARDEN FOUL STRAINED 450GR","PCS","CTN","2009000447998","87.400115"
"1631000150","C.GARDEN FOUL STRAINED 450GR","PCS","CTN","882149040716","87.400115"
"1631000151","C.GARDEN FOUL PEELED SECRET RECIPE 450GR","PCS","CTN","2008000428440","88.83749999999999"
"1631000151","C.GARDEN FOUL PEELED SECRET RECIPE 450GR","PCS","CTN","882149040693","88.83749999999999"
"1631000154","C.GARDEN FOUL MEDAMMES 450GR","PCS","CTN","2004001499458","117.3"
"1631000154","C.GARDEN FOUL MEDAMMES 450GR","PCS","CTN","882149040389","117.3"
"1631000157","C.GARDEN FOUL LEBANESE 450GR","PCS","CTN","2009000448001","87.6875"
"1631000157","C.GARDEN FOUL LEBANESE 450GR","PCS","CTN","882149040655","87.6875"
"1631000158","C.GARDEN BAGELLA BROAD BEANS 450GR","PCS","CTN","2004000285861","145.1875"
"1631000158","C.GARDEN BAGELLA BROAD BEANS 450GR","PCS","CTN","882149040396","145.1875"
"1631000191","DEL MONTE FOUL MEDAMMAS 400 GR","PCS","CTN","2007000388075","113.27499999999999"
"1631000209","A.GARDEN FOUL MEDAMMES 400GR","PCS","CTN","2008000415372","147.775115"
"1631000250","C.GARDEN PEELED EGYPTIAN RECIPE450GM","PCS","CTN","2014011048607","89.7"
"1632000009","AL RABIH BABA GHANOUJ TAHIN 375GR","PCS","CTN","2004000154334","298.9425"
"1633000001","HINTZ ARTICHOKE HEART 400G","PCS","CTN","2004000214557","326.025"
"1633000002","HINTZ ARTICHOKE BOTTOM 400GR","PCS","CTN","2004000170914","283.7625"
"1633000003","G.GIANT ASPAR WHOLE 425GR","PCS","CTN","2004000205265","349.59907999999996"
"1633000004","DEL MONTE PALM HEARTS (GLASS JAR ) 410 GR","PCS","CTN","2007000388044","309.6375"
"1633000005","DEL MONTE PALM HEARTS CAN 410 GR","PCS","CTN","2007000388051","227.64249999999998"
"1634000101","AL ALALI PASTA SAUCE 320GR","PCS","CTN","2004000286011","141.45"
"1634000107","LACNOR TOMATO PASTE 135GR","PCS","OUT","2004001493470","10.0625"
"1634000107","LACNOR TOMATO PASTE 135GR","PCS","OUT","6291016004999","10.0625"
"1634000107","LACNOR TOMATO PASTE 135GR","PCS","OUT","6291016135211","10.0625"
"1634000107","LACNOR TOMATO PASTE 135GR","PCS","CTN","2004000286110","63.393750000000004"
"1634000107","LACNOR TOMATO PASTE 135GR","PCS","CTN","6291016135419","63.393750000000004"
"1634000108","MALING TOMATO PASTE 1 KG","PCS","CTN","2004001497874","96.6"
"1634000109","MALING TOMATO PASTE 198 GR","PCS","CTN","2004000149507","101.19942499999999"
"1634000112","RABEE T/PASTE 400GR","PCS","CTN","2006000365994","163.875"
"1634000113","RABEE T/PASTE 850GR","PCS","CTN","2006000366007","170.2"
"1634000121","SAFA TOMATO PASTE 70GR","PCS","OUT","77000703","57.5"
"1634000121","SAFA TOMATO PASTE 70GR","PCS","CTN","2007000393031","115"
"1634000122","SAFA TOMATO PASTE 850GR","PCS","CTN","2004000166191","96.6"
"1634000130","AL ALALI TOMATO PASTE 220GR","PCS","OUT","617950600336","29.888499999999997"
"1634000130","AL ALALI TOMATO PASTE 220GR","PCS","OUT2","2014011050471","29.888499999999997"
"1634000130","AL ALALI TOMATO PASTE 220GR","PCS","CTN","6179506000343","176.8125"
"1634000134","DEL MONTE CHOPPED TOMATOES 400 GR","PCS","CTN","2007000388013","155.25"
"1634000135","DEL MONTE TOMATO PASSATA 500 GR","PCS","CTN","2007000388020","62.790000000000006"
"1634000138","YAMAMA TOMATO PASTE 660GR","PCS","CTN","2007000397671","156.4"
"1634000139","YAMAMA TOMATO PASTE 300GR","PCS","CTN","2007000397688","98.325"
"1634000140","AL ALALI TOMATO PASTE 130GR","PCS","OUT","2007000399590","28.4625"
"1634000140","AL ALALI TOMATO PASTE 130GR","PCS","OUT","617950600718","28.4625"
"1634000140","AL ALALI TOMATO PASTE 130GR","PCS","CTN","617950600725","169.625"
"1634000145","AL TUNSA TOMATO PASTE 830GR","PCS","CTN","2008000420673","130.41000000000003"
"1634000154","AL AIN TOMATO PASTE 800GR","PCS","CTN","16291100001023","129.95"
"1634000155","AL AIN TOMATO PASTE 325GR","PCS","CTN","2009000439634","143.75"
"1634000156","AL AIN TOMATO PASTE 1.1KG","PCS","CTN","16291100001054","220.225115"
"1634000162","AL AIN TOMATO PASTE JAR 200GR","PCS","OUT","6291100001248","19.4925"
"1634000169","AL AIN TOMATO PASTE 70GR POUCH","PCS","OUT","6291100001323","32.775"
"1634000169","AL AIN TOMATO PASTE 70GR POUCH","PCS","CTN","16291100004048","134.54999999999998"
"1634000170","AL AIN TOMATO PASTE 135GR TETRA","PCS","OUT","6291100001187","13.742615"
"1634000170","AL AIN TOMATO PASTE 135GR TETRA","PCS","CTN","6291100001239","80.2125"
"1634000177","MALING TOMATO PASTE 70 GM","PCS","CTN","2010198004566","101.2"
"1634000223","FRESHCO TOMATO PASTE 135G","PCS","OUT","6291074300125","12.937155000000002"
"1634000223","FRESHCO TOMATO PASTE 135G","PCS","CTN","6291074300118","76.7625"
"1634000226","TEEBA PURE TOMATO PASTE 660GR","PCS","OFFER","6291104923089","12.376875"
"1634000227","TEEBA TOMATO PASTE 2X1300G","PCS","OFFER","6291104923096","24.75375"
"1701000219","M.RECIPE MADRAS C\PWDR 500GR","PCS","CTN","2008000427436","569.25"
"1701000245","AL SULTAN M/MASALA WHOLE 200GR","200GR","1KG","2004000158523","51.86212499999999"
"1701000252","AL SULTAN SUMMAC POWDER 200GR","200GR PDR","1KG","2004000012306","28.175"
"1701000267","AL SULTAN W/PEPPER POWDER 200G","200GR PDR","1KG","2004000012597","51.9225"
"1701000272","AL AMEER GARAM MASALA 300 GR","PCS","CTN","2004000286271","437"
"1701000273","AL AMEER MEAT MASALA 300GR","PCS","CTN","2004000286288","338.09999999999997"
"1701000274","AL AMEER B\PEPPER 320GR","PCS","CTN","2004000286295","724.5"
"1701000278","AL AMEER CHICKEN MASALA POWDER 300 gr","PCS","CTN","2004000286318","338.09999999999997"
"1701000279","AL AMEER FISH MASALA POWDER 300GR","PCS","CTN","2004000286325","379.5"
"1701000280","AL AMEER BRIYANI POWDER 300GR","PCS","CTN","2004000286332","524.055"
"1701000281","AL AMEER GINGER POWDER 300 gr","PCS","CTN","2004000286349","439.53000000000003"
"1701000282","AL AMEER GARLIC POWDER 300GR","PCS","CTN","2004000291213","288.65"
"1701000287","AL SULTAN LEMON SALT 200GR","200GR","200GR PDR","3030000000500","6.325"
"1701000287","AL SULTAN LEMON SALT 200GR","200GR","SIZE-1","3030000000465","10.0625"
"1701000287","AL SULTAN LEMON SALT 200GR","200GR","KG","2007000400999","18.400000000000002"
"1701000290","AL SULTAN MOONG WHOLE (GREEN) 1KG","500GR","KG","1000010013808","9.775"
"1701000291","AL SULTAN CLOVES WHOLE 200GR","SIZE-2","SIZE-1","3030000000467","10.925"
"1701000291","AL SULTAN CLOVES WHOLE 200GR","SIZE-2","200GR","2005000343179","14.0875"
"1701000291","AL SULTAN CLOVES WHOLE 200GR","SIZE-2","1KG","2004000075639","70.14999999999999"
"1701000294","AL SULTAN CARAWIA WHOLE 200GR","200GR","SIZE-2","3030000000487","6.8999999999999995"
"1701000294","AL SULTAN CARAWIA WHOLE 200GR","200GR","SIZE-1","3030000000462","7.7625"
"1701000294","AL SULTAN CARAWIA WHOLE 200GR","200GR","1KG","2004000076025","27.025115"
"1701000295","AL SULTAN NISHADER 200GR","200GR","1KG","2004000076117","36.225"
"1701000297","AL SULTAN HABAL BARAKA 200GR","SIZE-2","200GR","2005000343162","7.4750000000000005"
"1701000297","AL SULTAN HABAL BARAKA 200GR","SIZE-2","SIZE-1","3030000000456","8.625"
"1701000297","AL SULTAN HABAL BARAKA 200GR","SIZE-2","1KG","2004000076254","27.599999999999998"
"1701000300","AL SULTAN GINGER WHOLE 200GR","200GR","1KG","2004000076667","27.16875"
"1701000303","AL SULTAN CORIANDER WHOLE 200G","200GR","SIZE-2","3030000000481","4.6000000000000005"
"1701000303","AL SULTAN CORIANDER WHOLE 200G","200GR","SIZE-1","3030000000466","6.0375"
"1701000303","AL SULTAN CORIANDER WHOLE 200G","200GR","1KG","2004000076803","16.099655000000002"
"1701000304","AL SULTAN BICARBONATE SODA 200","200GR PDR","SIZE-2","3030000000489","4.3125"
"1701000304","AL SULTAN BICARBONATE SODA 200","200GR PDR","SIZE-1","3030000000468","6.325"
"1701000304","AL SULTAN BICARBONATE SODA 200","200GR PDR","1KG","2004000077893","8.625"
"1701000305","AL SULTAN MINT 100GR","PCS","200GR","1000053100053","6.61227"
"1701000313","AL SULTAN JADI PATR 100GR","100GR","1KG","2004000080459","138.8625"
"1701000315","AL SULTAN HABAT AL HAMARA 200G","200GR","SIZE-2","3030000000479","5.4625"
"1701000315","AL SULTAN HABAT AL HAMARA 200G","200GR","200GR PDR","3030000000498","12.362499999999999"
"1701000315","AL SULTAN HABAT AL HAMARA 200G","200GR","1KG","2004000081562","16.9625"
"1701000315","AL SULTAN HABAT AL HAMARA 200G","200GR","1KG","2015011050751","16.9625"
"1701000318","AL SULTAN CHILLI POWDER 200GR","200GR PDR","SIZE-2","3030000000474","5.4625"
"1701000318","AL SULTAN CHILLI POWDER 200GR","200GR PDR","SIZE-1","3030000000452","6.612500000000001"
"1701000318","AL SULTAN CHILLI POWDER 200GR","200GR PDR","1KG","2004000081999","18.6875"
"1701000321","AL SULTAN CHANA DAL 1KG","500GR","1KG","1000051200038","8.625"
"1701000329","AL SULTAN CINAMON STICK 200GR","200GR","1KG","2004000115328","31.9125"
"1701000331","AL SULTAN G/MASALA PWDR 200GR","200GR PDR","SIZE-2","3030000000477","5.75"
"1701000331","AL SULTAN G/MASALA PWDR 200GR","200GR PDR","SIZE-1","3030000000455","8.625"
"1701000331","AL SULTAN G/MASALA PWDR 200GR","200GR PDR","1KG","2004000115359","18.71625"
"1701000342","AL SULTAN CUMIN SEEDS 200GR","200GR","SIZE-2","3030000000482","8.05"
"1701000342","AL SULTAN CUMIN SEEDS 200GR","200GR","SIZE-1","3030000000458","9.775"
"1701000342","AL SULTAN CUMIN SEEDS 200GR","200GR","1KG","2004000133063","41.4"
"1701000374","AL SULTAN FENNEL SEEDS 200GR","200GR","SIZE-2","3030000000485","5.75"
"1701000374","AL SULTAN FENNEL SEEDS 200GR","200GR","SIZE-1","3030000000460","6.612500000000001"
"1701000374","AL SULTAN FENNEL SEEDS 200GR","200GR","1KG","2004000133223","20.7"
"1701000377","AL SULTAN B/PEPPER WHOLE 200GR","SIZE-2","SIZE-1","3030000000457","9.775"
"1701000377","AL SULTAN B/PEPPER WHOLE 200GR","SIZE-2","200GR","2005000343070","17.825"
"1701000377","AL SULTAN B/PEPPER WHOLE 200GR","SIZE-2","1KG","2004000133254","79.35"
"1701000379","AL SULTAN CARDAMOM WHOLE 200GR","SIZE-2","SIZE-1","3030000000463","33.349999999999994"
"1701000379","AL SULTAN CARDAMOM WHOLE 200GR","SIZE-2","200GR","2005000343148","43.125"
"1701000379","AL SULTAN CARDAMOM WHOLE 200GR","SIZE-2","500GR","2007000409589","119.59930999999999"
"1701000379","AL SULTAN CARDAMOM WHOLE 200GR","SIZE-2","1KG","2004000115311","241.5"
"1701000383","NATCO TANDOORI MASALA 100GR","PCS","CTN","2004000304036","134.54999999999998"
"1701000384","NATCO BLACK PEPPER POWDER 100 GR","PCS","CTN","2004000170754","158.8725"
"1701000385","NATCO GINGER POWDER 100 GR","PCS","CTN","2004000243205","108.09908"
"1701000386","NATCO PAPRIKA POWDER 100GR","PCS","CTN","2004000286691","144.8425"
"1701000389","NATCO GARAM MASALA 100 GR","PCS","CTN","2004000286721","144.8425"
"1701000391","MAGGI SOUP OAT W CKN 12X65G","PCS","OUT","8690632016504","117.3"
"1701000392","MAGGI SOUP OAT T+BEEF 12X65G","PCS","OUT","8690632016511","60.375"
"1701000445","AL SULTAN CORN FLOUR 500GR","PCS","500GR","1000063100616","3.3925"
"1701000445","AL SULTAN CORN FLOUR 500GR","PCS","CTN","2005000337376","157.55"
"1701000447","AJINOMOTO SEASONING SALT 454GR","PCS","CTN","2005000353789","498.81250000000006"
"1701000448","AJINOMOTO SEASONING BOTTLE 70GR","PCS","CTN","2004000304005","93.725"
"1701000496","AL SULTAN 7 MIX MASALA POW.200","200GR PDR","1KG","2006000370004","56.35"
"1701000497","MEHRAN QOORMA MASALA POWDER 50GR","PCS","CTN","2006000370424","268.8125"
"1701000498","MEHRAN CHICKEN MASALA POWDER 50GR","PCS","CTN","2006000370431","258.75"
"1701000499","MEHRAN TIKKA MASALA POWDER 50GR","PCS","CTN","2006000370448","268.8125"
"1701000500","MEHRAN VEG. MASALA POWDER 50GR","PCS","CTN","2006000370455","269.09999999999997"
"1701000501","MEHRAN BIRYANI MASALA POWDER 50GR","PCS","CTN","2006000370462","267.95"
"1701000502","MEHRAN FISH MASALA POWDER 50GR","PCS","CTN","2006000370479","269.09999999999997"
"1701000503","MEHRAN TANDOORI MASALA POWDER 50GR","PCS","CTN","2006000370486","268.8125"
"1701000505","MEHRAN CHAAT MASALA POWDER 50GR","PCS","CTN","2006000370509","269.09999999999997"
"1701000506","MEHRAN ACHAR GOSHT MASALA POWDER 50GR","PCS","CTN","2006000370516","262.1425"
"1701000507","MEHRAN KARAHI GOSHT MASALA POWDER 50GR","PCS","CTN","2006000370523","269.09999999999997"
"1701000508","MEHRAN SINDHI BIRYANI MASALA POWDER 50GR","PCS","CTN","2006000370530","268.8125"
"1701000509","MEHRAN B/MASALA PWR 50GR","PCS","CTN","2006000370547","269.09999999999997"
"1701000510","MEHRAN CHOLEY MASALA POWDER 50GR","PCS","CTN","2006000370554","215.625"
"1701000511","MEHRAN PULAO BIRYANI MASALA POWDER 50GR","PCS","CTN","2006000370561","268.8125"
"1701000512","MEHRAN KHEER MIX 180GR","PCS","CTN","2006000370578","293.25"
"1701000513","MEHRAN FIRNI MIX 180GR","PCS","CTN","2006000370585","248.3586"
"1701000514","MEHRAN CHILLI POWDER JAR 250GR","PCS","CTN","2006000370592","126.50000000000001"
"1701000515","MEHRAN BIRYANI MASALA JAR POWDER 250GR","PCS","CTN","2006000370608","181.64249999999998"
"1701000517","MEHRAN TANDOORI MASALA JAR POWDER 250GR","PCS","CTN","2006000370622","131.1"
"1701000519","MEHRAN G/MASALA JAR POWDER 250GR","PCS","CTN","2006000370646","142.6"
"1701000521","MEHRAN TURMERIC JAR POWDER 250GR","PCS","CTN","2006000370660","150.65"
"1701000522","MEHRAN CURRY MASALA JAR POWDER 250GR","PCS","CTN","2006000370677","88.55"
"1701000542","AL SULTAN NUT MEG 200GR","200GR","1KG","2004000011583","33.809999999999995"
"1701000543","AL SULTAN RIHA AL CAAKE 200GR","200GR","1KG","2004000011972","43.46999999999999"
"1701000545","AL SULTAN SAGOO SEEDS 1KG","500GR","KG","1000051900204","6.612500000000001"
"1701000550","AL SULTAN FENNGREEK SEED 200G","200GR","SIZE-2","3030000000483","4.3125"
"1701000550","AL SULTAN FENNGREEK SEED 200G","200GR","200GR PDR","3030000000499","7.1875"
"1701000550","AL SULTAN FENNGREEK SEED 200G","200GR","1KG","2004000162322","13.2825"
"1701000551","AL SULTAN LONG CHILLI WHOL 200","200GR","1KG","2005000316487","29.900000000000002"
"1701000555","M.RECIPE MADRAS CURRY POWDER 250GR","PCS","CTN","2007000406700","323.72499999999997"
"1701000557","AL SULTAN GARLIC POWDER 200GR","200GR PDR","1KG","2007000410363","18.1125"
"1701000558","AL SULTAN CARDAMON POW 200GR","200GR PDR","1KG","2007000410370","241.5"
"1701000560","AL AMEER CORIANDER POWDER 300GR","PCS","CTN","2008000431174","301.875"
"1701000561","AL AMEER CHILLY POWDER 300GR","PCS","CTN","2008000431181","374.89977"
"1701000562","AL AMEER PRAWN MASALA 300GR","PCS","CTN","2008000431198","338.09999999999997"
"1701000564","AL AMEER AGAR AGAR 25GR","PCS","CTN","2008000431211","322"
"1701000569","AEROPLANE CURRYPOWDER500G","PCS","CTN","2009000448636","397.325"
"1701000570","MEHRAN CUMMIN SEEDS POWDER 400GR","PCS","CTN","2009000005419","589.6625"
"1701000571","MEHRAN CHILLY POWDER 400GR","PCS","CTN","2009000005426","511.175"
"1701000573","MEHRAN CURRY POWDER 400GR","PCS","CTN","2009000005440","265.937385"
"1701000574","MEHRAN TURMERIC POWDER 400GR","PCS","CTN","2009000005457","622.725"
"1701000577","MEHRAN GARAM MASALA POWDER 400GR","PCS","CTN","2009000005495","628.9925"
"1701000580","MEHRAN CHILLY POWDER 200GR","PCS","CTN","2009000005525","448.49931"
"1701000582","MEHRAN CURRY POWDER 200GR","PCS","CTN","2009000005549","298.2525"
"1701000583","MEHRAN TURMERIC POWDER 200GR","PCS","CTN","2009000005556","553.15"
"1701000584","MEHRAN CUMMIN SEEDS POWDER 200GR","PCS","CTN","2009000005563","679.075115"
"1701000587","MEHRAN MUSTARD SEEDS. 200GR","PCS","CTN","2009000005594","214.762385"
"1701000589","MEHRAN CURRY POWDER 100GR","PCS","CTN","2009000005617","74.69250000000001"
"1701000591","MEHRAN GARLIC POWDER 100GR","PCS","CTN","2009000005631","156.4"
"1701000592","MEHRAN CHILLY POWDER 100GR","PCS","CTN","2009000005648","496.225"
"1701000593","MEHRAN TURMERIC POWDER 100GR","PCS","CTN","2009000005655","662.4"
"1701000594","MEHRAN CUMMIN POWDER 100GR","PCS","CTN","2009000005662","667.5749999999999"
"1701000595","MEHRAN GARAM MASALA 100GR","PCS","CTN","2009000005679","1195.425"
"1701000596","MEHRAN GINGER POWDER 100GR","PCS","CTN","2009000005686","728.6904850000001"
"1701000597","MEHRAN MUSTARD SEEDS 100GR","PCS","CTN","2009000005693","241.5"
"1701000599","NATCO ROSEMARY 25GR","PCS","CTN","2009000023437","51.6925"
"1701000708","KABATILO THYME 440G","PCS","CTN","2012011034729","515.2"
"1701000740","AL MASHREQ DRIED JEW.S MALLOW 2","PCS","OFFER","2015011051017","25.587500000000002"
"1701000749","AL SULTAN YANSOON POWDER 200g","200GR PDR","1KG","2014011049178","26.565"
"1701000839","AL SULTAN CUMIN POWDER 200GM","200GR PDR","SIZE-2","3030000000476","6.325"
"1701000839","AL SULTAN CUMIN POWDER 200GM","200GR PDR","SIZE-1","3030000000454","8.625"
"1701000839","AL SULTAN CUMIN POWDER 200GM","200GR PDR","1KG","2004000133049","25.0125"
"1701000840","AL SULTAN BLACK PEPER POW 200G","200GR PDR","SIZE-2","3030000000469","5.4625"
"1701000840","AL SULTAN BLACK PEPER POW 200G","200GR PDR","1KG","2004000115335","24.15"
"1701000841","AL SULTAN CINAMON POW 200GM","SIZE-2","SIZE-1","3030000000448","6.8425"
"1701000841","AL SULTAN CINAMON POW 200GM","SIZE-2","200GR PDR","2005000342974","7.1875"
"1701000841","AL SULTAN CINAMON POW 200GM","SIZE-2","1KG","2014011048737","31.05"
"1701000842","AL SULTAN GINGER POWD 200GM","200GR PDR","SIZE-2","3030000000473","6.325"
"1701000842","AL SULTAN GINGER POWD 200GM","200GR PDR","SIZE-1","3030000000451","7.4750000000000005"
"1701000842","AL SULTAN GINGER POWD 200GM","200GR PDR","1KG","2004000083375","19.549425"
"1701000845","AL SULTAN CORIANDER POW 200GM","200GR PDR","SIZE-2","3030000000475","5.175"
"1701000845","AL SULTAN CORIANDER POW 200GM","200GR PDR","SIZE-1","3030000000453","6.612500000000001"
"1701000845","AL SULTAN CORIANDER POW 200GM","200GR PDR","1KG","2004000081982","16.674999999999997"
"1701000847","AL SULTAN YENSOON POW 200GM","200GR PDR","1KG","2004000133148","32.775"
"1701000848","AL SULTAN R/CHILLI WHOLE 200GM","200GR PDR","1KG","2014011048751","28.75"
"1702000100","A.GARDEN PIZZA SAUCE 14OZ","PCS","CTN","2008000424732","212.75"
"1702000102","INDOMIE INDOFOOD SOYA/S SWEET 340ML","PCS","CTN","2005000318542","326.3125"
"1702000103","INDOMIE BANGKOK CHILLI SAUCE 340ML","PCS","CTN","2005000318559","175.0875"
"1702000104","INDOMIE SAUCE HOT&SWEET 340ML","PCS","CTN","2005000318566","247.19249999999997"
"1702000105","INDOMIE SAUCE EXTRA HOT 340ML","PCS","CTN","2005000318573","261.625"
"1702000110","ABC SOYA SAUCE SALTED 600ML","PCS","CTN","2005000323171","74.865"
"1702000111","AL ALALI PIZZA SAUCE 320GR","PCS","CTN","2004000286905","129.0875"
"1702000112","AL ALALI PASTA SAUCE 640GR","PCS","CTN","2004000286912","213.61249999999998"
"1702000115","HP SAUCE STEAK 255GR","PCS","CTN","2004000286769","205.5625"
"1702000117","KIKOKIN SOY SAUCE 300ml","PCS","CTN","2004000291145","62.790000000000006"
"1702000119","KIMBALL CHILLI & GARLIC SAUCE 325GR","PCS","CTN","2004000148661","200.3875"
"1702000122","MAMA SITA SAUCE-OYSTER 350ML","PCS","CTN","2004000291206","460"
"1702000123","PHL MANILA SOYA SAUCE 750ML","PCS","CTN","2004000243021","68.1375"
"1702000141","A.GARDEN PASTA SAUCE MUSHROOM 14OZ","PCS","CTN","2004000205272","212.75"
"1702000145","ACORSA OLIVES GREEN STUFFED JAR 575 GR","PCS","CTN","2004000155119","133.11249999999998"
"1702000147","AMAZON RED SAUCE 98ML","PCS","CTN","2004000188124","74.75"
"1702000148","AMAZON GREEN SAUCE 98ML","PCS","CTN","2004000188131","77.05000000000001"
"1702000149","AMAZON HABANERO SAUCE 98ML","PCS","CTN","2004000188148","74.75"
"1702000150","AMAZON HOT AND SWEET SAUCE 98ML","PCS","CTN","2004000188155","73.025"
"1702000151","A.GARDEN PASTA SAUCE 14OZ","PCS","OFFER","6514747041324","22.425"
"1702000151","A.GARDEN PASTA SAUCE 14OZ","PCS","CTN","2004000037231","199.8125"
"1702000152","A.GARDEN YELLOW MUSTARD SQUEEZE 14OZ","PCS","CTN","2005000316678","212.6925"
"1702000153","A.GARDEN YEL.MUSTARD 8OZ","PCS","CTN","2004000155089","197.22500000000002"
"1702000158","SIBLING FISH SAUCE 750ML","PCS","CTN","2004000221128","85.215"
"1702000159","TABASCO SAUCE JALAPENO GREEN PEPPER 2OZ","PCS","CTN","2004000228820","169.04999999999998"
"1702000160","TABASCO SAUCE P/G 2OZ","PCS","CTN","2004000228837","158.4125"
"1702000161","TABASCO PEPPER SAUCE 2OZ","PCS","CTN","2004000228844","1046.5"
"1702000162","TABASCO PEPPER SAUCE 5OZ","PCS","CTN","2004000228851","399.05"
"1702000163","TABASCO GARLIC SAUCE 5 OZ","PCS","CTN","2004000228868","382.375"
"1702000164","TABASCO JALAPENO GREEN PEPPER SAUCE 5OZ","PCS","CTN","2004000228875","409.40000000000003"
"1702000178","KIMBALL SAUCE SPAGHETTI BASIL GARLIC 350GR","PCS","CTN","2007000394373","123.51"
"1702000179","KIMBALL SAUCE SPAGHETTI TRADITIONAL 350GR","PCS","CTN","2007000394380","113.85"
"1702000180","KIMBALL SAUCE SPAGHETTI MUSHROOM 350GR","PCS","CTN","2007000394397","113.85"
"1702000181","AL ALALI PIZZA SAUCE HOT CHILLI 320GR","PCS","CTN","2007000399514","157.8375"
"1702000182","AL ALALI PIZZA SAUCE OLIVE MUSHROOM 320GR","PCS","CTN","2007000399521","157.8375"
"1702000183","AL ALALI PASTA SAUCE HOT CHILLI 320GR","PCS","CTN","2007000399538","141.737615"
"1702000184","AL ALALI PASTA SAUCE OLIVE MUSHROOM 320GR","PCS","CTN","2007000399545","141.737615"
"1702000187","A.GARDEN WORCHESTER SAUCE 10OZ","PCS","CTN","2008000415525","233.45"
"1702000188","KIMBALL OYSTAR SAUCE 510ML","PCS","CTN","2008000416331","180.55"
"1702000191","CLASSICO SAUCE TOMATO BASAIL 737GR","PCS","CTN","2008000425234","287.5"
"1702000192","CLASSICO SAUCE FOUR CHEESE ALFREDO 454GR","PCS","CTN","2008000425241","220.79999999999998"
"1702000193","CLASSICO SAUCE ROASTED PEPPER ALFREDO 425GR","PCS","CTN","2008000425258","238.33635"
"1702000194","CLASSICO SAUCE TRIPLE MUSHROOM 680GR","PCS","CTN","2008000425265","258.46181"
"1702000196","AMAZON CARRIBEAN HABANERO SAUCE 167ML","PCS","CTN","2009000441668","95.44999999999999"
"1702000201","CRYSTAL HOT SAUCE 3OZ","PCS","CTN","2012011039007","92"
"1702000202","UFC SOY SAUCE 750ML","PCS","CTN","2009000007062","77.625"
"1702000214","CANTINA MAXICANA TACO SAUCE MILD 210G","PCS","CTN","2010198011489","142.6"
"1702000215","CANTINA MAXICANA TACO SAUCE HOT 210G","PCS","CTN","2010198011496","138.8625"
"1702000228","KIMBALL MUSHROOM CARBONARA SAUCE 350G","PCS","CTN","2011011032919","173.59249999999997"
"1702000229","KIMBALL CHEESY ALFREDO SAUCE 350G","PCS","CTN","2011011032926","169.04999999999998"
"1702000230","DATU PUTI SOY SAUCE 1L VINEGAR 1L VALUEPACK","PCS","CTN","2012011035610","109.25"
"1702000242","A.GARDEN TOMATO KETCHUP HOT&SPICY 20 OZ","PCS","CTN","2013011042424","235.74999999999997"
"1702000259","A.KITCHEN SOY SAUCE 296 ML","PCS","CTN","2015011051987","175.95000000000002"
"1702000260","A.KITCHEN WORCESTERSHIRE SAUCE 296 ML","PCS","CTN","2015011051994","74.865"
"1702000261","A.KITCHEN ORIGINAL BBQ SAUCE 473ML","PCS","CTN","2015011052007","166.75"
"1702000262","A.KITCHEN STEAK SAUCE 296 ML","PCS","CTN","2015011052014","178.25"
"1704000065","A.GARDEN HOT SAUCE 16 OZ","PCS","CTN","2004000174738","175.0875"
"1704000066","CRYSTAL HOT SAUCE 6OZ","PCS","CTN","2004000193333","132.82500000000002"
"1704000067","CRYSTAL HOT SAUCE 12OZ","PCS","CTN","2004000170853","129.375"
"1704000068","CRYSTAL HOT SAUCE 16OZ","PCS","CTN","2004000170846","144.8425"
"1704000073","EXCELLENCE SAUCE HOT 3OZ","PCS","CTN","0870340400112","158.9875"
"1704000073","EXCELLENCE SAUCE HOT 3OZ","PCS","CTN","2007000397633","158.9875"
"1704000074","EXCELLENCE HOT SAUCE 12OZ","PCS","CTN","2004000148579","142.6"
"1704000075","EXCELLENCE HOT SAUCE 16OZ","PCS","CTN","2005000339653","155.25"
"1704000076","EXCELLENCE HOT SAUCE 6 OZ","PCS","CTN","2004000148609","136.275"
"1704000080","HP SAUCE SPICY FRUITY 255GR","PCS","CTN","2004000243601","212.75"
"1704000085","MAGGI TOMATO KETCHUP CHILLI 340 GR","PCS","CTN","09556001601582","155.53692500000002"
"1704000091","A.GARDEN HOT SAUCE 3 OZ","PCS","CTN","2004000205234","193.2"
"1704000093","A.GARDEN AG HOT SAUCE 6 OZ","PCS","CTN","2004000206378","178.25"
"1704000097","AL ALALI HOT SAUCE 88ML","PCS","CTN","2007000399484","71.875"
"1704000097","AL ALALI HOT SAUCE 88ML","PCS","CTN","617950130895","71.875"
"1704000098","AL ALALI HOT SAUCE 176ML","PCS","CTN","2007000399491","75.9"
"1704000098","AL ALALI HOT SAUCE 176ML","PCS","CTN","617950131779","75.9"
"1704000099","AL ALALI HOT SAUCE 473ML","PCS","CTN","617950131618","80.2125"
"1704000101","A.GARDEN AG HOT SAUCE 12OZ","PCS","CTN","2008000411756","159.85011500000002"
"1704000103","KIMBALL CHILLI SAUCE 340GR","PCS","OUT","6295199300442","22.712500000000002"
"1704000103","KIMBALL CHILLI SAUCE 340GR","PCS","CTN","2009000009387","183.71249999999998"
"1706000215","NAMAKIN MIXED PICKLE 700GR","PCS","CTN","2004000170266","151.8"
"1706000235","A.GARDEN DILL PICKLE WHOLE 32OZ","PCS","CTN","2004000171270","212.75"
"1706000251","M.RECIPE PICKLE MANGO MILD 300GR","PCS","CTN","2004000170709","101.2"
"1706000252","M.RECIPE PICKLE MANGO 300GR","PCS","CTN","2004000170716","98.325"
"1706000254","M.RECIPE PICKLE CHILLI 300GR","PCS","CTN","2004000170693","101.2"
"1706000255","M.RECIPE PICKLE MANGO&CHILLI 300GR","PCS","CTN","2004000170747","119.60000000000001"
"1706000257","M.RECIPE PICKLE GARLIC IN OIL 300GR","PCS","CTN","2004000170730","119.02499999999999"
"1706000258","M.RECIPE PICKLE GARLIC IN VINEGAR 300GR","PCS","CTN","2004000170723","119.02499999999999"
"1706000259","M.RECIPE PICKLE S/K/S 450GR","PCS","CTN","2004000170860","81.5925"
"1706000279","MEHRAN PICKLE MIXED 340GR","PCS","CTN","2006000370387","142.025"
"1706000280","MEHRAN PICKLE MANGO 340GR","PCS","CTN","2006000370394","142.025"
"1706000281","MEHRAN PICKLE LEMON 340GR","PCS","CTN","2006000370400","146.625"
"1706000282","MEHRAN PICKLE CHILLI 340GR","PCS","CTN","2006000370417","146.05"
"1706000287","MAHRAM CUCUMBER 700G","PCS","CTN","2006000374248","219.64999999999998"
"1706000288","MAHRAM MIXED PICKLE 700G","PCS","CTN","2006000374255","136.85"
"1706000310","HALAWANI PICKLE GARLIC 350GR","PCS","CTN","2007000405048","213.8425"
"1706000340","AEROPLANE PICKLE -LEMON 400GM","PCS","CTN","2012011036365","80.5"
"1706000341","AEROPLANE PICKLE -MANGO 400GM","PCS","CTN","2012011036372","100.625"
"1706000342","AEROPLANE PICKLE- CHILLY400 GM","PCS","CTN","2012011036389","100.56750000000001"
"1706000343","AEROPLANE PICKLE- MIX 400GM","PCS","CTN","2012011036396","81.9375"
"1706000344","AEROPLANE PICKLE SLICED MNAGO 450GM","PCS","CTN","2012011036402","134.54999999999998"
"1710000062","A.GARDEN APPLE CIDER VINEGAR 16OZ","PCS","CTN","2004000161134","244.37511500000002"
"1710000067","CRYSTAL VINEGAR-WHITE 1GAL","PCS","CTN","2004000304029","44.848965"
"1710000068","CRYSTAL VINEGAR-WHITE 32OZ","PCS","CTN","2004000170815","49.449999999999996"
"1710000069","CRYSTAL VINEGAR-WHITE 16 OZ","PCS","CTN","2004000170822","49.1625"
"1710000070","D.FRESH WHITE VINEGAR 1GAL","PCS","CTN","6291023109557","39.675"
"1710000070","D.FRESH WHITE VINEGAR 1GAL","PCS","CTN","6291069501841","39.675"
"1710000071","D.FRESH WHITE VINEGAR 473ML","PCS","CTN","62910690501803","47.15"
"1710000072","D.FRESH WHITE VINEGAR 1LTR","PCS","CTN","2004000194989","51.75"
"1710000073","D.FRESH RED VINEGAR 500ML","PCS","CTN","2004000194996","45.9425"
"1710000074","D.FRESH RED VINEGAR 1LTR","PCS","CTN","2004000195009","45.9425"
"1710000081","A.GARDEN APPLE CIDER VINGAR 32OZ","PCS","CTN","2004000161240","192.04999999999998"
"1710000085","HEINZ VINEGAR WHITE 16OZ","PCS","CTN","2004000213550","154.0885"
"1710000086","HEINZ VINEGAR CIDER 16OZ","PCS","CTN","2004000213567","154.0425"
"1710000087","HEINZ VINEGAR WHITE 32OZ","PCS","CTN","2004000213574","217.35"
"1710000099","YAMAMA VINEGAR-RED 1000ML","PCS","CTN","2004000239062","96.6"
"1710000100","YAMAMA APPLE VINEGAR 600 ML","PCS","CTN","2004000149538","224.25"
"1710000102","YAMAMA RED GRAPE VINEGAR 750 ML","PCS","CTN","2004000239086","128.8"
"1710000103","YAMAMA VINEGAR-WHITE 32OZ","PCS","CTN","2004000239147","83.95"
"1710000106","AL ALALI VINEGAR NATURAL 473ML","PCS","CTN","2007000399323","79.925"
"1710000109","A.GARDEN VINEGAR 32OZ","PCS","CTN","2008000415365","152.95000000000002"
"1710000111","LORENA BALSAMIC VINIGAR 500ML","PCS","CTN","2009000441637","276"
"1710000130","A.KITCHEN WHITE VINEGER 16 OZ","PCS","CTN","2015011052359","157.55"
"1710000131","A.KITCHEN WHITE VINEGAR 32 OZ","PCS","CTN","2015011052366","155.25"
"1710000132","A.KITCHEN APPLE CIDER VINEGAR 16 OZ","PCS","CTN","2015011052373","210.45000000000002"
"1710000133","A.KITCHEN APPLE CIDER VINEGAR 32 OZ","PCS","CTN","2015011052380","178.25"
"1712000009","D.FRESH MUSTARD OIL 450 ML","PCS","CTN","2004000194453","95.44999999999999"
"1712000010","D.FRESH MUSTARD OIL 250 ml","PCS","CTN","2004000170099","121.9575"
"1712000014","R.R.O MUSTARD OIL 500ML","PCS","CTN","2009000005785","362.825"
"1712000015","R.R.O MUSTARD OIL 1LTR","PCS","CTN","2009000005792","308.77500000000003"
"1712000022","A.KITCHEN YELLOW MUSTARD 8 OZ","PCS","CTN","2015011052212","102.35000000000001"
"1712000023","A.KITCHEN YELLOW MUSTARD 14 OZ","PCS","CTN","2015011052229","162.14999999999998"
"1714000066","KIMBALL TOMATO KETCHUP 2X485GR","OFFER","CTN","2005000350405","75.9"
"1714000107","KIMBALL TOMATO KETCHUP 3X325 GR P.PACK","OFFER","CTN","2004000170150","156.975"
"1714000108","KIMBALL TOMATO KETCHUP SQUEEZE 745GR","PCS","CTN","2004000245773","186.3"
"1714000109","KIMBALL TOMATO KETCHUP 485GR","PCS","CTN","195561910703","99.9925"
"1714000110","KIMBALL TOMATO KETCHUP 340 GR","PCS","CTN","2004001498734","161.86249999999998"
"1714000112","LIBBYS TOMATO KETCHUP 567 GR","PCS","CTN","2004000287575","90.5625"
"1714000113","LIBBYS TOMATO KETCHUP 340 GR","PCS","CTN","2004000287582","108.675"
"1714000117","MAGGI KETCHUP 325GR","PCS","CTN","09556001601483","196.075115"
"1714000118","MAGGI KETCHUP 475GR","PCS","CTN","09556001600882","97.75"
"1714000119","MAGGI KETCHUP CHILLY WITH GARLIC 320GR","PCS","CTN","09556001601285","171.35"
"1714000120","A.GARDEN TOMATO KETCHUP 14OZ","PCS","CTN","2005000340574","268.2375"
"1714000121","A.GARDEN TOMATO KETCHUP 24OZ","PCS","CTN","2005000340581","331.775"
"1714000122","A.GARDEN TOMATO KETCHUP 36OZ","PCS","CTN","2005000340598","346.725"
"1714000152","HEINZ TOMATO KETCHUP 570GM","PCS","CTN","10013000001332","215.625"
"1714000154","HEINZ TOMATO KETCHUP 300GR","PCS","CTN","2004000149439","82.5125"
"1714000163","A.GARDEN TOMATO KETCHUP SQUEEZE 20OZ","PCS","CTN","2007000395325","214.475"
"1714000164","AL ALALI KETCHUP 395GR","PCS","CTN","617950600138","120.75"
"1714000165","AL ALALI KETCHUP 585GR","PCS","CTN","617950600145","148.92499999999998"
"1714000166","AL ALALI KETCHUP 785GR","PCS","CTN","617950600152","201.825"
"1714000167","AL ALALI HOT KETCHUP 340GR","PCS","CTN","2007000399316","86.25"
"1714000173","LIBBYS TOMATO KETCHUP SQUEEZE 800GR","PCS","CTN","2008000423605","126.4425"
"1714000174","HEINZ KETCHUP 910GM","PCS","CTN","2008000425166","275.1375"
"1714000182","HEINZ TOMATO KETCHUP 342GM","PCS","CTN","2009000007314","139.72500000000002"
"1714000190","HEINZ KETCHUP 38OZ","PCS","OFFER","8715700123349","26.438499999999998"
"1714000190","HEINZ KETCHUP 38OZ","PCS","CTN","2010198000476","373.75"
"1714000191","HEINZ KETCHUP 14OZ","PCS","CTN","2010198000483","305.90000000000003"
"1716000080","A.GARDEN MAYONNAISE 16OZ","PCS","CTN","2004000287629","261.625"
"1716000081","A.GARDEN MAYONNAISE 8OZ","PCS","CTN","2004000161257","180.55"
"1716000091","LESIEUR MAYONNAISE 235GR","PCS","CTN","2004000287742","110.39999999999999"
"1716000092","LESIEUR MAYONNAISE 710GR","PCS","CTN","2004000287766","244.37511500000002"
"1716000093","LESIEUR MAYONNAISE L/F 235GR","PCS","CTN","2004000287773","110.39999999999999"
"1716000096","MAZOLA MAYONNAISE 946ML","PCS","CTN","2004000245353","385.25"
"1716000097","MAZOLA MAYONNAISE 473ML","PCS","CTN","2004000245360","144.9"
"1716000099","MAZOLA MAYONNAISE 340ML","PCS","CTN","2004000287797","218.5"
"1716000100","MAZOLA MAYO CHUP 340GR","PCS","CTN","2004000287803","218.5"
"1716000101","MAZOLA MAYONNAISE 250ML","PCS","CTN","2004000287810","95.44999999999999"
"1716000102","MAZOLA M/NAISE CHILLI 340GR","PCS","CTN","2004000287827","218.5"
"1716000103","MAZOLA M/NAISE LEMON 340ML","PCS","CTN","2004000287834","218.5"
"1716000109","LESIEUR MAYONNAISE 475GR","PCS","CTN","2004000287759","186.3"
"1716000117","A.GARDEN MAYONNAISE 30OZ","PCS","CTN","10017273504514","339.825"
"1716000118","A.GARDEN MAYONNAISE GARLIC 16OZ","PCS","CTN","2004000208884","286.35"
"1716000119","A.GARDEN MAYONNAISE LITE 30OZ","PCS","CTN","2004000209249","405.375"
"1716000120","A.GARDEN MAYONNAISE LITE 8OZ","PCS","CTN","2004000161127","205.85"
"1716000121","A.GARDEN MAYONNAISE 11.5OZ","PCS","CTN","2004000210719","143.6925"
"1716000122","A.GARDEN MAYONNAISE LITE 16OZ","PCS","CTN","2004000161196","293.25"
"1716000123","HELLMANS MAYONNAISE 500ML JAR","PCS","CTN","2006000376785","189.75"
"1716000125","KNORR MAYONNAISE 500ML JAR","PCS","CTN","2006000376808","188.6"
"1716000127","KNORR MAYONNAISE 295ML","PCS","CTN","2006000376822","202.6875"
"1716000128","KNORR MAYONNAISE 532ML","PCS","CTN","2006000376839","265.65000000000003"
"1716000129","KNORR MAYONNAISE CHUP 295ML","PCS","CTN","2006000376846","201.19249999999997"
"1716000130","KNORR MAYONNAISE CHILLI 295ML","PCS","CTN","2006000376853","195.5"
"1716000131","KNORR MAYONNAISE LEMON 295ML","PCS","CTN","2006000376860","146.625"
"1716000132","KNORR MAYONNAISE LIGHT 532ML","PCS","CTN","2006000376877","271.975"
"1716000136","HEINZ MAYONNAISE 440GR","PCS","CTN","2004000213284","276"
"1716000137","HEINZ MAYONNAISE 220GR","PCS","CTN","2004000213291","175.66250000000002"
"1716000140","KNORR MAYONNAISE LIGHT 68% LESS FAT 500ML","PCS","CTN","2006000377751","167.9"
"1716000150","KNORR MAYONNAISE LIGHT 946ML JAR","PCS","CTN","2007000393277","302.73749999999995"
"1716000151","KNORR MAYO-CHUP 532ML","PCS","CTN","2007000393284","282.0375"
"1716000152","KNORR MAYO-CHILI 532ML","PCS","CTN","2007000393291","296.125"
"1716000157","MAZOLA MAYONNAISE GARLIC 340ML","PCS","CTN","2007000401125","217.35"
"1716000179","KNORR MAYONNAISE LIGHT 295ML","PCS","CTN","2010198007383","191.475"
"1716000206","A.KITCHEN MAYONNAISE SQUEEZE 11oZ","PCS","CTN","2015011052168","144.9"
"1716000207","A.KITCHEN MAYO CHUP MAYONNAISE SQUEEZE 12oZ","PCS","CTN","2015011052151","156.975"
"1716000208","A.KITCHEN MAYONNAISE PET 15 OZ","PCS","CTN","2015011052175","172.5"
"1716000209","A.KITCHEN MAYONNAISE PET 30 OZ","PCS","CTN","2015011052182","227.7"
"1716000210","A.KITCHEN MAYONNAISE LITE 15 oZ","PCS","CTN","2015011052199","156.975"
"1716000211","A.KITCHEN MAYONNAISE OLIVE OIL 30 oZ","PCS","CTN","2015011052205","286.1775"
"1718000017","A.GARDEN ITALIAN DRESSING 9OZ","PCS","CTN","2004000207238","182.79261499999998"
"1718000018","A.GARDEN FRENCH DRESSING 9OZ","PCS","CTN","2004000208396","172.5"
"1718000021","A.GARDEN THOUSAND ISLAND DESSING LIGHT 9OZ","PCS","CTN","2008000411732","198.95"
"1718000022","A.GARDEN ITALIAN DESSING LIGHT9OZ","PCS","CTN","2008000411749","201.25"
"1718000023","A.GARDEN SALAD DRESSING CEASER 9OZ","PCS","CTN","2008000415518","184.000115"
"1718000035","A.GARDEN JALAPENO SLICED BOTTLE16 OZ","PCS","CTN","2013011042387","209.3"
"1718000036","A.GARDEN JALAPENO WHOLE16 OZ","PCS","CTN","2013011042394","132.82500000000002"
"1718000037","A.GARDEN POPCORN GOURMET 15OZ","PCS","CTN","2013011042400","188.88750000000002"
"1718000042","A.KITCHEN FRENCH SALAD DRESSING 237 ML","PCS","CTN","2015011051857","201.25"
"1718000043","A.KITCHEN ITALIAN SALAD DRESSING 237ML","PCS","CTN","2015011051864","200.1"
"1718000044","A.KITCHEN CAESAR SALAD DRESSING 237ML","PCS","CTN","2015011051871","171.35"
"1718000045","A.KITCHEN THOUSAND ISLAND SALAD DRESSING 237ML","PCS","CTN","2015011051888","171.35"
"1718000046","A.KITCHEN RANCH SALAD DRESSING 237ML","PCS","OFFER","0106050087616","16.674999999999997"
"1718000046","A.KITCHEN RANCH SALAD DRESSING 237ML","PCS","CTN","2015011051895","198.95"
"1718000047","A.KITCHEN BLUE CHEESE SALAD DRESSING 237ML","PCS","CTN","2015011051901","179.91749999999996"
"1718000048","A.KITCHEN FRENCH SALAD DRESSING 16 OZ","PCS","CTN","2015011051918","138"
"1718000051","A.KITCHEN THOUSAND ISLAND SALAD DRESSING 16OZ","PCS","CTN","2015011051949","164.45"
"1718000052","A.KITCHEN RANCH SALAD DRESSING 16OZ","PCS","CTN","2015011051956","157.55"
"1718000053","A.KITCHEN HONEY MUSTARD S/DRESSING 16oZ","PCS","CTN","2015011051963","112.2975"
"1718000055","A.KITCHEN JALAPENO WHOLE 16 OZ","PCS","CTN","2015011052304","177.67499999999998"
"1718000056","A.KITCHEN JALAPENO SLICE 16 OZ","PCS","CTN","2015011052298","253.00000000000003"
"1720000144","CORDOBA GREEN OLIVES STUFFED 285GM","PCS","CTN","2004000305781","299"
"1720000151","ACORSA OLIVES STUFFED JAR 200GR","PCS","CTN","2004000174110","203.55"
"1720000152","ACORSA OLIVES PLAIN JAR 285GR","PCS","CTN","2004000174127","197.79999999999998"
"1720000153","ACORSA OLIVES GREEN SLICED JAR 230 GR","PCS","CTN","2004000174134","211.88750000000002"
"1720000154","ACORSA OLIVES BLACK PLAIN JAR 200 GR","PCS","CTN","2004000155096","140.875"
"1720000171","ACORSA GREEN OLIVE PLAIN JAR 200 GR","PCS","CTN","2004000168485","141.45"
"1720000172","ACORSA OLIVES GREEN PITTED JAR 170GR","PCS","CTN","2004000287988","212.75"
"1720000173","ACORSA OLIVES BLACK SLICED JAR 230 GR","PCS","CTN","2004000287995","244.37511500000002"
"1720000174","ACORSA OLIVES GREEN PLAIN JAR 575GR","PCS","CTN","2004000155102","127.9375"
"1720000175","ACORSA OLIVES GREEN SLICED JAR 450GR","PCS","CTN","2004000288008","243.8"
"1720000176","ACORSA OLIVES BLACK SLICED JAR 450 GR","PCS","CTN","2004000288015","241.5"
"1720000177","ACORSA OLIVES BLACK PLAIN TIN 225 GR","PCS","CTN","2004000155126","73.6575"
"1720000180","ACORSA OLIVES STUFFED JAR 285GR","PCS","CTN","2004000288046","224.25"
"1720000193","CORDOBA OLIVE GREEN PITTED 170GR","PCS","CTN","2005000317836","217.35"
"1720000194","CORDOBA OLIVES STUFFED GREEN 575GM","PCS","CTN","2004000288053","460"
"1720000196","CORDOBA OLIVES GREEN PITTED 450GM","PCS","CTN","2004000288060","486.45000000000005"
"1720000198","CORDOBA OLIVE GREEN PLAIN 575 GR","PCS","CTN","2004000170631","451.95000000000005"
"1720000199","CORDOBA OLIVE GREEN STUFFED 200GR","PCS","CTN","2004000288084","225.4"
"1720000200","CORDOBA OLIVE GREEN PLAIN 200GR","PCS","CTN","2004000288091","95.3925"
"1720000201","CORDOBA OLIVES GREEN SLICED 230GM","PCS","CTN","2004000288107","240.35"
"1720000202","CORDOBA OLIVES GREEN SLICED 275GR","PCS","CTN","2004000288114","263.35"
"1720000203","CORDOBA OLIVES GREEN SLICED 450 GR","PCS","CTN","2004000170648","458.85"
"1720000204","CORDOBA OLIVE GREEN PLAIN 285GR","PCS","CTN","2004000170655","267.95"
"1720000209","FAMILY OLIVE GREEN M.BRINE 200GR","PCS","CTN","2004000170891","96.6"
"1720000210","FAMILY OLIVE BLACK M.BRINE 200 GR","PCS","CTN","2004000170884","82.225"
"1720000211","FAMILY SLICED G/OLIVE 200GR","PCS","CTN","2004000170907","116.15"
"1720000213","FAMILY SLICED BLACK OLIVES","PCS","CTN","2004000288336","102.2925"
"1720000218","FIGARO OLIVES PLAIN GREEN 575 GR","PCS","CTN","2004000288343","205.85"
"1720000219","FIGARO OLIVES STUFFED GREEN 575 GR","PCS","CTN","2004000288350","246.9625"
"1720000220","FIGARO OLIVES PITTED GREEN 454 GR","PCS","CTN","2004000288367","227.7"
"1720000221","FIGARO OLIVES SLICED BLACK 480GR","PCS","CTN","2004000288374","239.20000000000002"
"1720000222","FIGARO OLIVES PLAIN BLACK 270GR","PCS","CTN","38410159038273","226.54999999999998"
"1720000223","FIGARO OLIVES SLICED GREEN 480GR","PCS","CTN","38410159270026","239.20000000000002"
"1720000224","FIGARO OLIVES PLAIN GREEN 270GR","PCS","CTN","78410159047367","226.83749999999998"
"1720000225","FIGARO OLIVES PLAIN GREEN 200 GR","PCS","CTN","2004000288381","188.88750000000002"
"1720000226","FIGARO OLIVES STUFFED GREEN 285GR","PCS","CTN","2004000288398","273.41249999999997"
"1720000227","FIGARO OLIVES STUFFED GREEN 200 GR","PCS","CTN","2004000288404","228.5625"
"1720000228","FIGARO OLIVES PITTED GREEN 220GR","PCS","CTN","2004000288411","239.775"
"1720000250","CORDOBA BLACK PLAIN OLIVES 200GR","PCS","CTN","2005000325267","195.5"
"1720000251","CORDOBA BLACK PLAIN OLIVES 285GR","PCS","CTN","2005000325274","265.65000000000003"
"1720000252","CORDOBA GREEN PITTED OLIVES 275GR","PCS","CTN","2005000325281","323.15000000000003"
"1720000253","CORDOBA BLACK SLICED OLIVES 230GR","PCS","CTN","2005000325298","240.35"
"1720000254","CORDOBA BLACK SLICED OLIVES 275GR","PCS","CTN","2005000325304","264.5"
"1720000256","HALAWANI BLACK OLIVES SLICED IN OIL 650GR","PCS","CTN","2004000211181","274.85"
"1720000259","HALAWANI BLACK OLIVES SLICED IN OIL 325GR","PCS","CTN","2004000169673","271.4"
"1720000262","HALAWANI PICKLE GARLIC IN OLIVE OIL 350GR","PCS","CTN","2004000211211","213.61249999999998"
"1720000263","HALAWANI SLICED GREEN OLIVE WITH CHILLI 650GR","PCS","CTN","2004000212041","286.0625"
"1720000264","HALAWANI SLI.GREEN OLIVES 650GR","PCS","CTN","2004000212034","251.85"
"1720000265","HALAWANI GRED PEPPER 375GR","PCS","CTN","2004000212027","219.64999999999998"
"1720000266","HALAWANI GROUND RED PEPPER W/OLIVE OIL 775GR","PCS","CTN","2004000212010","201.25"
"1720000296","HALAWANI SLICED GREEN OLIVES 325GR","PCS","CTN","2007000405055","261.05"
"1720000297","HALAWANI GREEN OLIVES WITH CHILLI 325GR","PCS","OFFER","6514747054133","44.85"
"1720000297","HALAWANI GREEN OLIVES WITH CHILLI 325GR","PCS","CTN","2007000405062","271.4"
"1720000346","ACORSA BLACK OLIVES PLAIN 575G","PCS","CTN","2011011021197","218.5"
"1725000036","AL ALALI VINE LEAVES 908GR USA","PCS","CTN","2004000154846","354.775"
"1725000037","C.GARDEN GRAPE LEAVES 16OZ PRC","PCS","CTN","2004000288497","239.085"
"1725000040","ORLANDO VINE LEAVES 16OZ","PCS","CTN","2005000337901","460"
"1725000052","VIRGINIA VINE LEAVES 16OZ","PCS","CTN","2004000236634","258.75"
"1725000061","AL ALALI VINE LEAVES 970GR TURKEY","PCS","CTN","2007000399712","262.487615"
"1725000069","HALAWANI EGYPTIAN GRAPE LEAVES 500GR","PCS","CTN","2007000405116","385.25"
"1725000079","AL ALALI GRAPE LEAVES 800G","PCS","CTN","2011011020886","217.925"
"1725000081","A.GARDEN GRAPE LEAVES TURKISH 32OZ","PCS","CTN","2011011022163","277.725"
"1725000086","AL ALALI VINE LEAVES TUKEY FAMILY PACK 970G 2 S","PCS","SIZE-1","3030000000376","23"
"1725000086","AL ALALI VINE LEAVES TUKEY FAMILY PACK 970G 2 S","PCS","CTN","2012011034514","251.275"
"1725000096","A.KITCHEN GRAPE LEAVES 32 oZ","PCS","OFFER","0105090237319","39.24375"
"1725000096","A.KITCHEN GRAPE LEAVES 32 oZ","PCS","CTN","2015011052076","299.46"
"1725000104","A.KITCHEN TURKISH GRAPE LEAVES 32 OZ","PCS","CTN","2017011053565","180.55"
"1801000003","ETISALAT TELEPHONE CARD 25DH","PCS","PCS-2","3030000x000086","63.25000000000001"
"1801000003","ETISALAT TELEPHONE CARD 25DH","PCS","PCS-3","30300x00000087","126.50000000000001"
"1901000083","NESTLE CHOCAPIC CEREAL 375GM","PCS","CTN","2005000323263","332.2925"
"1901000091","POPPINS FLICK FLAKES 1KG","PCS","CTN","2005000318627","126.78750000000001"
"1901000100","KELLOGS RAISIN ALL BRAN 500 GR","PCS","CTN","05013503082843","250.12499999999997"
"1901000101","KELLOGS ASS PACK VARIETY 205G","PCS","OUT2","5053827109864","48.24250000000001"
"1901000101","KELLOGS ASS PACK VARIETY 205G","PCS","OUT2","5053827188517","48.24250000000001"
"1901000102","KELLOGS FROOT LOOPS CERALS 375GR","PCS","CTN","2004000167853","672.75"
"1901000103","KELLOGS CHOCOS 40GR","PCS","CTN","2004000288534","230"
"1901000104","KELLOGS FROSTIES 250 GR","PCS","CTN","5050083155895","423.77500000000003"
"1901000105","KELLOGS FROSTIES 500 GR","PCS","CTN","05013503150207","698.625"
"1901000106","KELLOGS HONEY NUT C/FLAKES 375GR","PCS","CTN","2004000288565","494.5"
"1901000107","KELLOGS SMACKS 375 GR","PCS","CTN","5050083156489","589.375"
"1901000108","KELLOGS CORN FLAKES 750GR","PCS","CTN","05013503010853","521.8125"
"1901000109","KELLOGS RICE KRISPIES 375G","PCS","CTN","04003994646472","392.4375"
"1901000110","KELLOGS COCO POPS 375GR + GI","PCS","CTN","05013503119556","419.75"
"1901000113","KELLOGS ALL-BRAN FLAKES 375G","PCS","CTN","05013503063842","323.4375"
"1901000113","KELLOGS ALL-BRAN FLAKES 375G","PCS","CTN","5013503063842","323.4375"
"1901000115","KELLOGS CORN FLAKE 500GR","PCS","OFFER","5050083540233","30.1875"
"1901000115","KELLOGS CORN FLAKE 500GR","PCS","CTN","5050083155871","422.625"
"1901000116","KELLOGS FROSTIES 35GR","PCS","CTN","2004000288664","230"
"1901000117","KELLOGS FROSTIES 750 GR","PCS","CTN","05013503159705","668.4375"
"1901000118","KELLOGS SMACKS 33GR","PCS","CTN","2004000288688","132.82500000000002"
"1901000119","KELLOGS COCO POPS 35GR","PCS","CTN","2004000288695","230"
"1901000121","KELLOGS RICE KRISPIES 22GR","PCS","CTN","4003994140697","230"
"1901000122","KELLOGS CHOCOS 375 GR","PCS","CTN","5050083157738","524.1125000000001"
"1901000123","KELLOGS CORN FLAKES 375 GR","PCS","CTN","05013503010655","284.625"
"1901000124","NESTLE NESQUICK CEREAL 30GR","PCS","CTN","2004000288947","405.66249999999997"
"1901000125","NESTLE CEREALS FITNESS FRUIT 375GR","PCS","CTN","2004000170587","557.75"
"1901000127","NESTLE CEREALS FITNESS LOW FAT 375GR","PCS","CTN","2004000288732","442.75"
"1901000130","NESTLE C/FLAKES 375GR15 EXT","PCS","CTN","2004000288961","208.150115"
"1901000130","NESTLE C/FLAKES 375GR15 EXT","PCS","CTN","8690632074306","208.150115"
"1901000139","NESTLE FITNESS LOW FAT 40GR","PCS","CTN","2006000360210","441.59999999999997"
"1901000140","NESTLE NESQUICK BREAKFAST CEREAL 375GR + 20% OFF","PCS","CTN","5900020013132","235.69250000000002"
"1901000157","KELLOGS SPECIAL K 375GR","PCS","CTN","2006000373739","633.65"
"1901000164","NESTLE HONEY NUT CHEERIOS 375GR","PCS","CTN","2004000288886","283.7625"
"1901000171","ALPEN CEREAL BREAKFAST 550GM","PCS","CTN","2004000170686","297.275"
"1901000172","ALPEN CEREAL BREAKFAST 375GR","PCS","CTN","2004000170679","244.95"
"1901000182","KELLOGS COCO POPS JUMBOS 375GR","PCS","CTN","2007000390214","614.9625"
"1901000183","NESTLE COOKIE CRISP BREAKFAST SEREAL 375GR","PCS","CTN","2007000391204","353.625"
"1901000184","POPPINS CHOCO POPS 375GR","PCS","CTN","2007000392843","129.2025"
"1901000185","POPPINS CHOCO BUMPS 375GR","PCS","CTN","2007000392850","136.85"
"1901000186","POPPINS CHOCO FLAKES 375GR","PCS","CTN","2007000392867","114.7125"
"1901000187","POPPINS COCO BITS 500GR 33%FREE","PCS","CTN","2007000392874","136.85"
"1901000188","POPPINS HONEY FLAKES 375GR","PCS","CTN","2007000392881","114.7125"
"1901000191","POPPINS CORN FLAKES 375GR","PCS","CTN","2007000392911","96.3125"
"1901000192","POPPINS CORN FLAKES 750GR","PCS","CTN","2007000392928","120.175"
"1901000196","NESTLE LION CEREAL 400GR","PCS","CTN","2007000410950","432.4"
"1901000201","KELLOGS COCO POPS ROCKS 350GR","PCS","CTN","2008000424336","570.975"
"1901000204","ALPEN MUESLI NO ADDED SUGAR 560GR","PCS","CTN","2009000441569","293.25"
"1901000205","WEETABIX CEREAL ORIGINAL 215GR","PCS","CTN","2009000441583","244.95"
"1901000206","WEETABIX CEREAL ORIGINAL 430GR","PCS","CTN","2009000441590","402.5"
"1901000207","KELLOGS CORN FLAKES 1KG","PCS","CTN","2010198007352","323.4375"
"1901000210","NESTLE FITNESS HONEY & ALMOND 355G","PCS","CTN","2009000008533","467.762615"
"1901000218","KELLOGS TRESOR CHOCO & HAZELNUT 375GR","PCS","CTN","2010198007338","326.59977"
"1901000221","NESTLE COUNTRY CORNFLAKES 700G","PCS","CTN","2010198011021","247.825"
"1901000221","NESTLE COUNTRY CORNFLAKES 700G","PCS","CTN","8690632074290","247.825"
"1901000223","FAMILIA SWISS CHOCO BITS CEREAL 375G","PCS","CTN","2011011021784","182.275"
"1901000224","NESTLE NESQUICK DUO CEREAL 335G","PCS","CTN","2011011022934","395.31261499999994"
"1901000233","KELLOGS COCOPOPS 500GR","PCS","CTN","2011011025904","566.6625"
"1901000234","KELLOGS CEREAL CHOCOS 500GR","PCS","CTN","2011011025911","724.4425"
"1901000241","NESTLE FITNESS CHOC CEREAL 1X450G PR EF20%107 XA","OFFER","CTN","2012011036235","304.75011499999994"
"1901000250","LUSINE CHEESE CROISSANT 60G","PCS","OUT","6281007057851","14.0875"
"1901000264","POPPINS FROASTED FLAKES 30G","PCS","OUT2","5283003385120","7.7625"
"1901000264","POPPINS FROASTED FLAKES 30G","PCS","OUT","5283003385113","31.05"
"1901000274","KELLOGS COCO POPS 20GM","PCS","OUT2","5053827189132","36.225"
"1901000274","KELLOGS COCO POPS 20GM","PCS","OUT","05050083439759","75.32511500000001"
"1901000275","KELLOGS FROSTIES CMB 25GM","PCS","SIZE-1","5053827181471","18.1125"
"1901000275","KELLOGS FROSTIES CMB 25GM","PCS","OUT2","5053827189156","36.225"
"1901000276","KELLOGS RICE KRISPIES CMB 20GM","PCS","SIZE-1","5053827181402","18.1125"
"1901000276","KELLOGS RICE KRISPIES CMB 20GM","PCS","OUT2","5053827189149","35.65"
"1901000276","KELLOGS RICE KRISPIES CMB 20GM","PCS","OUT","2014011048393","74.69250000000001"
"1901000278","WEETABIX BANANA 580 GM","PCS","CTN","2014011049192","304.75011499999994"
"1901000279","WEETABIX WEETOS 375GM","PCS","CTN","2014011049208","263.35"
"1901000280","WEETABIX CHOCOLATE CEREAL 500GM","PCS","CTN","2014011049215","321.9425"
"1901000281","WEETABIX FRUIT & FIBRES 500GM","PCS","CTN","2014011049222","301.875"
"1901000282","WEETABIX MINIBIX CHOCO 450GM","PCS","CTN","2014011049239","252.42499999999998"
"1901000283","WEETABIX BRAN FLAKES 500GM","PCS","CTN","2014011049246","240.0625"
"1901000284","ALPEN APPLE RASPBERRY CEREAL 560GM","PCS","CTN","2014011049253","139.15"
"1901000286","NESTLE FITNESS CHOC CEREAL 375GM","PCS","CTN","7613032267490","586.5"
"1901000287","NESTLE FITNESS CHOCOLATE CEREAL BAR 23.5GM","PCS","OUT","3387390320008","21.5625"
"1901000287","NESTLE FITNESS CHOCOLATE CEREAL BAR 23.5GM","PCS","OUT","5900020025067","21.5625"
"1901000287","NESTLE FITNESS CHOCOLATE CEREAL BAR 23.5GM","PCS","OUT2","5900020025111","84.8125"
"1901000288","NESTLE FITNESS STRAWBERRY CEREAL BAR 23.5 GM","PCS","OUT","3387390326291","21.5625"
"1901000288","NESTLE FITNESS STRAWBERRY CEREAL BAR 23.5 GM","PCS","OUT","5900020025081","21.5625"
"1901000289","NESTLE NESQUIK CEREAL BAR 25 GM","PCS","OUT","3387390406719","18.6875"
"1901000289","NESTLE NESQUIK CEREAL BAR 25 GM","PCS","OUT","5900020025104","18.6875"
"1901000308","NESTLE CHEERIOS MULTIGRAIN CER 375G","PCS","CTN","5011546118833","310.3275"
"1901000320","NESTLE FITNESS GRANOLA CRANBERRY 300GM 25% OFF","OFFER","CTN","6294003568979","199.23749999999998"
"1901000321","NESTLE FITNESS HONEY CEREAL 300GM 25% OFF","OFFER","CTN","6294003568993","199.23749999999998"
"1906000007","AMERICANA FRESH RUSKS SILVER 375GR","PCS","CTN","2004000189565","86.25"
"1906000008","AMERICANA FRESH RUSK BROWN 400GR","PCS","CTN","2004000189626","102.35000000000001"
"1906000009","AMERICANA FRESH RUSK DIET RED 375GR","PCS","CTN","2004000189633","80.5"
"2001000113","MILUPA MULTI CEREAL SNACKES 180GR","PCS","CTN","2004000305255","247.25"
"2001000115","MILUPA SOLUBLE STICKS 250GR","PCS","CTN","2004000000006","261.05"
"2001000137","NAN A.R.INFANT MILK POWDER 400GR","PCS","CTN","4005500018674","477.25000000000006"
"2001000144","NAN HA NO1 BL 400GR","PCS","CTN","2005000341915","572.125"
"2001000145","NAN PROTECT PLUS 400GR","PCS","CTN","2005000341922","572.125"
"2001000146","NAN ONE P\START 400GR","PCS","CTN","2005000341939","483"
"2001000146","NAN ONE P\START 400GR","PCS","CTN","7613035488793","483"
"2001000168","PROGRESS S-26 PROG GOLD 400G","PCS","CTN","18886472103789","983.2500000000001"
"2001000169","PROGRESS S-26 PROGRESS GOLD 3 CAN 900GR","PCS","CTN","18886472103796","517.5"
"2001000174","PROGRESS S-26 PRO GOLD 1   900G","PCS","CTN","18886472103680","626.1750000000001"
"2001000203","PROGRESS S26 PRO GOLD CAN  1  400G","PCS","CTN","18886472103673","1181.625"
"2001000205","BEBELAC 1 900GR","PCS","CTN","2004000305231","1079.5625"
"2001000210","GUIGOZ INFANT MILK-1 400GR","PCS","CTN","2004000210894","465.75"
"2001000211","GUIGOZ INFANT MILK-2 400GR","PCS","CTN","2004000210900","465.75"
"2001000213","PROGRESS S-26 GOLD PROMI  2 400G","PCS","CTN","18886472103727","1132.7497700000001"
"2001000214","PROGRESS S26 PROMIL GOLD CAN 2  900GR","PCS","CTN","18886472103734","621"
"2001000236","NAN 3 BL DHA PROBIO 400GM","PCS","CTN","7613035502017","478.17"
"2001000236","NAN 3 BL DHA PROBIO 400GM","PCS","CTN","7613036487276","478.17"
"2001000242","BEBELAC NUTRICIA MILK HA - 400 GR","PCS","CTN","2009000008830","1104"
"2001000245","MILUPA APTAMIL MILK LF 400 GR","PCS","CTN","2009000008861","1147.125"
"2001000255","BEBELAC BEBEKID MILK 900GR","PCS","CTN","2009000008960","794.65"
"2001000266","NAN HA 3 BL 400GR","PCS","CTN","2010198005884","551.8275000000001"
"2001000275","NAN MILK 1 SCOOP 800G","PCS","OUT","7613035493803","500.24999999999994"
"2001000275","NAN MILK 1 SCOOP 800G","PCS","CTN","2011011027960","1000.4999999999999"
"2001000295","PROGRESS S-26 PROKIDS GOLD 4 CAN 400G","PCS","CTN","18886472101624","931.5"
"2001000295","PROGRESS S-26 PROKIDS GOLD 4 CAN 400G","PCS","CTN","18886472103840","931.5"
"2001000295","PROGRESS S-26 PROKIDS GOLD 4 CAN 400G","PCS","CTN","2013011046392","931.5"
"2001000296","PROGRESS S-26 PROKIDS GOLD CAN 900G","PCS","CTN","18886472101631","483"
"2001000296","PROGRESS S-26 PROKIDS GOLD CAN 900G","PCS","CTN","2013011046408","483"
"2001000297","PROMISE GOLD P/EATTER XA BABY MILK400GM","PCS","CTN","2013011046415","517.5"
"2001000298","CERELAC REDFRUITFFA215A 400G","PCS","CTN","7613034145833","737.7825"
"2001000299","CERELAC YELLOW FRUITFFA 400G","PCS","CTN","7613034146151","737.7825"
"2001000300","NAN JUNIOR BABY MILK PODER # 4 BL 400GM","PCS","CTN","7613033832857","439.875"
"2001000301","PROGRESS S-26 PROGRESS GOLD CAN 1.6KG","PCS","CTN","18886472101594","888.375"
"2001000302","PROMISE P/GOLD QA BMP 900GM","PCS","CTN","7613034661838","510.02511499999997"
"2001000306","ALMARAI NURALAC PLUS BABY MILK STAGE3 400GM","PCS","OFFER","6281007036559","16.3875"
"2001000321","PROGRESS S 26PROMIL GOLD 2  1.6KG","PCS","CTN","7613035582897","1075.25"
"2001000324","CERELAC WHEAT 1 KG@10% OFF","OFFER","OUT","6294003534721","734.5625"
"2001000329","NAN 4 JUNIOR MILK PWDER 400GR","PCS","CTN","7613035502031","477.249885"
"2001000329","NAN 4 JUNIOR MILK PWDER 400GR","PCS","CTN","7613036487290","477.249885"
"2001000330","NAN HA 3 MILK POWDER 800GR","PCS","CTN","7613035669604","514.395"
"2002000142","R.D.L. SOAP - CUCUMBER 1 pc","PCS","CTN","2004000181392","74.865"
"2002000288","HERO BABY MIXED FRUITS 125GM","PCS","CTN","2004000309581","104.075"
"2002000303","HERO BABY BANANA MANDARIN & PEAR 125 GR","PCS","CTN","2004000151098","104.075"
"2002000304","HERO BABY APP COMPOTE JAR 125G","PCS","CTN","2004000151050","104.075"
"2002000308","HERO BABY FRUITS CEREALS 125GM","PCS","CTN","2004000151067","104.075"
"2002000314","HERO BABY PEACH BANANA JAR 125G","PCS","CTN","2004000151074","104.075"
"2002000325","CERELAC DATES 400GR","PCS","CTN","2004000289432","983.2500000000001"
"2002000329","CERELAC F\CEREALS 400GR","PCS","CTN","01054100010132542001","1028.1"
"2002000330","CERELAC RICE CEREALS 400GR","PCS","CTN","2004000289395","932.9375000000001"
"2002000331","CERELAC HONEY CEREALS 400GR","PCS","CTN","2004000289388","977.5"
"2002000333","CERELAC DATE PIECES 400GR","PCS","CTN","2006000366038","977.5"
"2002000334","CERELAC FRUITS PIECES 400GR","PCS","CTN","2006000366021","977.5"
"2002000336","CERELAC CEREALS FRUIT 1 KG","PCS","CTN","2006000369480","1053.400115"
"2002000337","CERELAC PREBIO WH&MK 1KG","PCS","CTN","0629400355747800","1030.4"
"2002000338","CERELAC WHEAT CEREALS PRI BIO 400GR","PCS","CTN","0629400355735500","868.25"
"2002000338","CERELAC WHEAT CEREALS PRI BIO 400GR","PCS","CTN","16281019002686","868.25"
"2002000339","CERELAC HONEY 1KG","PCS","CTN","2004000244813","1053.400115"
"2002000367","FARLEYS MIXED VEG. 120GR","PCS","CTN","2010198000490","103.499655"
"2002000368","FARLEYS PEAR 120GR","PCS","CTN","2010198000506","103.499655"
"2002000369","FARLEYS MIXED FRUITS 120GR","PCS","CTN","2010198000513","101.774195"
"2002000370","FARLEYS BANANA 120GR","PCS","CTN","2010198000520","103.499655"
"2002000371","FARLEYS APPLE 120GR","PCS","CTN","2010198000537","92.37375"
"2002000372","FARLEYS APPLE BANANA 120GR","PCS","CTN","2010198000544","92.37375"
"2002000385","NAN 2P+ INFM PWDR 400GM","PCS","CTN","7613035507265","553.035"
"2002000385","NAN 2P+ INFM PWDR 400GM","PCS","CTN","7613036848008","553.035"
"2002000391","ANDROS FRUIT ME UP APL 90GM","PCS","OUT","3608580005070","16.1"
"2002000391","ANDROS FRUIT ME UP APL 90GM","PCS","OUT","3608580005117","16.1"
"2002000392","ANDROS FRUIT ME UP APPLE BANANA 90GM","PCS","OUT","3608580004974","18.6875"
"2002000392","ANDROS FRUIT ME UP APPLE BANANA 90GM","PCS","OUT","3608580005131","18.6875"
"2002000393","ANDROS FRUIT ME UP APPLE PEAR 90GM","PCS","OUT","3608580004981","18.400000000000002"
"2002000393","ANDROS FRUIT ME UP APPLE PEAR 90GM","PCS","OUT","3608580005148","18.400000000000002"
"2002000394","ANDROS F/ME UP A/STRB 90GM","PCS","OUT","3608580004967","18.400000000000002"
"2002000394","ANDROS F/ME UP A/STRB 90GM","PCS","OUT","3608580005124","18.400000000000002"
"2003000009","MILUPA TEA CAMOMILE 200 GR","PCS","CTN","2005000342301","135.125"
"2003000010","MILUPA TEA FRUIT 200 GR","PCS","CTN","2004000305217","278.3"
"2004000004","HERO BABY MIXED VEGETABLE 120G","PCS","CTN","2004000310877","104.075"
"2004000006","HERO BABY BISCUITS 180 GR","PCS","CTN","2004000151197","130.525"
"2004000007","DIETERBA FIRST BISCUITS 300GR","PCS","CTN","2004000162223","271.6875"
"2004000008","HEINZ BABY BISCUITS 300GR","PCS","CTN","2008000425142","264.5"
"2005000046","HERO BANANA 125 GR","PCS","CTN","2004000151135","104.075"
"2005000047","HERO BABY MANGO/BANANA  125GM","PCS","CTN","2004000151128","103.5"
"2005000048","HERO BABY JUICE-MIXED FRUITS 130 ML","PCS","CTN","2004000151203","94.5875"
"2005000049","HERO BABY JUICE-APPLE 130 ML","PCS","CTN","2004000214410","94.5875"
"2005000050","HERO BABY GRAPE WITH CARROT JUICE 130 ML","PCS","CTN","2004000214427","94.5875"
"2005000051","HERO BABY GRAPE ORANGE & BANANA JUICE 130 ML","PCS","CTN","2004000151210","80.5"
"2005000070","WOODWARDS GRIPE WATER 150ML","PCS","CTN","2004000237648","229.425"
"2006000025","FARLEYS RUSK BANANA 300GR","PCS","CTN","2004000290216","471.49999999999994"
"2006000027","FARLEYS RUSK ORANGE 300GR","PCS","CTN","2004000290247","447.925"
"2006000028","FARLEYS RUSK ORIGINAL 300GR","PCS","CTN","05000218506337","470.34999999999997"
"2006000032","FARLEYS RUSK ORIGINAL 150GR","PCS","CTN","2006000384223","540.5"
"2006000033","FARLEYS RUSK BANANA 150GR","PCS","CTN","2006000384230","540.5"
"2006000040","AMERICANA RUSK RICH ORIGINAL WITH GRAINS 385GR","PCS","CTN","2008000420253","110.39999999999999"
"2006000041","AMERICANA RUSK RICH BROWN WITH GRAINS 385GR","PCS","CTN","2008000420260","113.85"
"2006000042","AMERICANA RUSK RICH DIET WITH GRAINS 385GR","PCS","CTN","2008000420277","107.525"
"2101000098","PEDIGREE PET FOOD CHICKEN 400GR","PCS","CTN","2004000290391","250.70000000000002"
"2101000099","PEDIGREE PET FOOD ORIGINAL 400GR","PCS","CTN","2004000290261","207"
"2101000100","PEDIGREE PET FOOD LAMB 400G","PCS","CTN","2004000290292","207"
"2101000156","THOMAS PET FOOD CAT LITTER 5 KG","PCS","CTN","2004000230823","128.8"
"2101000157","TRILL PET FOOD PARROT 1 KG","PCS","CTN","2004000233268","187.45"
"2101000158","TRILL PET FOOD FINCH 500GR","PCS","CTN","2004000233251","172.5"
"2101000159","TRILL PET FOOD CANARY 500GR","PCS","CTN","2004000233237","161"
"2101000160","TRILL PET FOOD BUDGIE 1KG","PCS","CTN","2004000233220","185.15"
"2101000161","TRILL PET FOOD BUDGIE 500 GR","PCS","CTN","2004000233213","169.04999999999998"
"2101000164","WHISKAS TRADITIONAL CHICKEN 400G","PCS","CTN","2004000238195","190.785"
"2101000166","WHISKAS PET FOOD F.WHOLE SARDINES 400GR","PCS","CTN","2004000238218","190.785"
"2101000167","WHISKAS PET FOOD MINCE LAMB/TURKEY 400GR","PCS","CTN","2004000238232","326.025"
"2101000168","WHISKAS PET FOOD TASTY MINCE BEEF 400GR","PCS","CTN","2004000238379","294.3885"
"2101000169","WHISKAS PET FOOD TASTY MINCE CHICKEN 400GR","PCS","CTN","2004000238362","326.025"
"2101000176","WHISKAS FISH W/ SNAPPER POUCH 85G","PCS","CTN","2010198009417","90.5625"
"2101000177","WHISKAS FISH W/ SHRIMP POUCH 85g","PCS","CTN","2010198009424","90.5625"
"2201000164","KOKA CUP NOODLES N/MSG MUSHROOM 70GR","PCS","CTN","2005000325069","120.69250000000001"
"2201000185","INDOMIE CUP NOODLES CHICKEN 55GR","PCS","CTN","2004000290704","114.98849999999999"
"2201000187","INDOMIE CUP NOODLES-TOMATO 55GR","PCS","CTN","2004000290711","35.65"
"2201000191","KOKA NOODLES STIR FRIED PACKET 85 GR","PCS","CTN","2004000290797","124.2"
"2201000192","KOKA NOODLES SEAFOOD BOWL 90GR","PCS","CTN","2004000290803","85.1"
"2201000193","KOKA NOODLES BEEF BOWL 90GR","PCS","CTN","2004000290810","102.0625"
"2201000194","KOKA NOODLES TOM YAM BOWL 90GR","PCS","CTN","2004000290827","102.0625"
"2201000195","KOKA NOODLES MUSHROOM BOWL 90GR","PCS","CTN","2004000290834","102.0625"
"2201000196","KOKA NOODLES CHICKEN BOWL 90GR","PCS","CTN","2004000290841","102.0625"
"2201000198","KOKA NOODLES BEEF CUP 70 GR","PCS","CTN","2004000290865","127.65"
"2201000199","KOKA NOODLES SEAFOOD CUP 70 GR","PCS","CTN","2004000290872","150.65"
"2201000200","KOKA NOODLES CURRY CUP 70 GR","PCS","CTN","2004000290889","120.69250000000001"
"2201000201","KOKA NOODLES CHICKEN CUP 70 GR","PCS","CTN","2004000290896","126.4425"
"2201000202","KOKA NOODLES CHIC &CORN CUP 70 GR","PCS","CTN","2004000290902","150.65"
"2201000203","KOKA NOODLES TOMYAM SPICY CUP 70 GR","PCS","CTN","2004000290919","150.65"
"2201000204","KOKA NOODLES VEGETABLE CUP 70 GR","PCS","CTN","2004000290926","124.14250000000001"
"2201000205","KOKA NOODLES BEEF M/PACK 85 GR","PCS","OUT","8888056702220","13.7885"
"2201000205","KOKA NOODLES BEEF M/PACK 85 GR","PCS","CTN","2004000290933","165.3125"
"2201000206","KOKA NOODLES CHICKEN 85GR","PCS","OUT","8888056701117","11.7875"
"2201000206","KOKA NOODLES CHICKEN 85GR","PCS","CTN","2004000290940","139.72500000000002"
"2201000207","KOKA NOODLES CRAB M/PACK 85 GR","PCS","OUT","8888056704446","10.925"
"2201000207","KOKA NOODLES CRAB M/PACK 85 GR","PCS","CTN","2004000290957","129.375"
"2201000208","KOKA NOODLES CURRY M/PACK 85 GR","PCS","OUT","8888056705559","13.7885"
"2201000208","KOKA NOODLES CURRY M/PACK 85 GR","PCS","CTN","2004000290964","165.3125"
"2201000209","KOKA NOODLES MUSHROOM M/PACK 12X5 85 GR","PCS","OUT","8888056706662","10.6375"
"2201000209","KOKA NOODLES MUSHROOM M/PACK 12X5 85 GR","PCS","CTN","2004000290971","127.65"
"2201000210","KOKA NOODLES PRAWN 85GR","PCS","OUT","8888056703333","10.6375"
"2201000210","KOKA NOODLES PRAWN 85GR","PCS","CTN","2004000290988","127.65"
"2201000211","KOKA NOODLES STIR FOOD M/PACK 12X5 85 GR","PCS","OUT","8888056709991","10.925"
"2201000211","KOKA NOODLES STIR FOOD M/PACK 12X5 85 GR","PCS","CTN","2004000290995","127.65"
"2201000212","KOKA NOODLES TOMYAM M/PACK 5`S 85 GR","PCS","OUT","8888056708888","13.7885"
"2201000212","KOKA NOODLES TOMYAM M/PACK 5`S 85 GR","PCS","CTN","2004000291008","165.3125"
"2201000213","KOKA NOODLES TOMATO M/PACK 12X5 S 85 GR","PCS","OUT","8888056700004","11.7875"
"2201000213","KOKA NOODLES TOMATO M/PACK 12X5 S 85 GR","PCS","CTN","2004000291015","139.72500000000002"
"2201000214","KOKA NOODLES VEG. M/PACK 5 S 85 GR","PCS","OUT","8888056700110","11.7875"
"2201000214","KOKA NOODLES VEG. M/PACK 5 S 85 GR","PCS","CTN","2004000291022","135.700115"
"2201000220","MAGGI 2MIN. NOODLES VEG. 77GM","PCS","OUT","9556001129673","15.2375"
"2201000220","MAGGI 2MIN. NOODLES VEG. 77GM","PCS","OUT","9556001835918","15.2375"
"2201000220","MAGGI 2MIN. NOODLES VEG. 77GM","PCS","CTN","09556001035776","194.35"
"2201000220","MAGGI 2MIN. NOODLES VEG. 77GM","PCS","CTN","09556001129666","194.35"
"2201000221","MAGGI SOUP CHICKEN NOODLES 60GR","PCS","OUT","8690632010199","47.15"
"2201000221","MAGGI SOUP CHICKEN NOODLES 60GR","PCS","CTN","7610100555480","557.75"
"2201000221","MAGGI SOUP CHICKEN NOODLES 60GR","PCS","CTN","8690632010205","557.75"
"2201000222","MAGGI 2MIN NOOD. CURRY 79G","PCS","OFFER","6294003521462X","15.812500000000002"
"2201000222","MAGGI 2MIN NOOD. CURRY 79G","PCS","OUT","9556001129635","15.812500000000002"
"2201000222","MAGGI 2MIN NOOD. CURRY 79G","PCS","OUT","9556001832511","15.812500000000002"
"2201000222","MAGGI 2MIN NOOD. CURRY 79G","PCS","CTN","09556001035752","178.25"
"2201000222","MAGGI 2MIN NOOD. CURRY 79G","PCS","CTN","09556001129628","178.25"
"2201000223","MAGGI 2MIN NOOD CHEESE 77GR","PCS","OUT","9556001129598","7.992500000000001"
"2201000223","MAGGI 2MIN NOOD CHEESE 77GR","PCS","OUT","9556001828712","7.992500000000001"
"2201000223","MAGGI 2MIN NOOD CHEESE 77GR","PCS","CTN","09556001828781","94.5875"
"2201000228","KNORR SALAD SEASSONING VINEGAR/PAPRIKA 4X10 GR","PCS","CTN","2005000328527","164.45"
"2201000229","MAGGI 2MIN. NOODLES CHICKEN 77GR","PCS","OUT","9556001129659","15.2375"
"2201000229","MAGGI 2MIN. NOODLES CHICKEN 77GR","PCS","OUT","9556001832412","15.2375"
"2201000229","MAGGI 2MIN. NOODLES CHICKEN 77GR","PCS","CTN","09556001035738","182.85000000000002"
"2201000229","MAGGI 2MIN. NOODLES CHICKEN 77GR","PCS","CTN","09556001129642","182.85000000000002"
"2201000254","INDOMIE MIGORENG RENDANG 80GR","PCS","OUT","089686171655","12.592499999999998"
"2201000254","INDOMIE MIGORENG RENDANG 80GR","PCS","OUT","5285000396383","12.592499999999998"
"2201000254","INDOMIE MIGORENG RENDANG 80GR","PCS","CTN","2006000363082","100.05"
"2201000255","INDOMIE MIGORENG SATAY 80GR","PCS","OUT","0896861717092","7.848750000000001"
"2201000255","INDOMIE MIGORENG SATAY 80GR","PCS","OUT","5285000396390","7.848750000000001"
"2201000255","INDOMIE MIGORENG SATAY 80GR","PCS","CTN","10089686170815","62.042615"
"2201000256","INDOMIE MIGORENG PEDAS 80GR (HOT FRIED)","PCS","OUT","089686171686","10.925"
"2201000256","INDOMIE MIGORENG PEDAS 80GR (HOT FRIED)","PCS","OUT","5285000396109","10.925"
"2201000256","INDOMIE MIGORENG PEDAS 80GR (HOT FRIED)","PCS","CTN","10089686171676","104.9375"
"2201000282","KNORR SINIGANG SA SAMPALOK 20GR","PCS","OUT","2008000412739","28.75"
"2201000305","GIANT DRAGON BROAD NOODLE W/EGG 400GR","PCS","CTN","2008000428945","103.845"
"2201000306","GIANT DRAGON FINE NOODLE W/EGG 400GR","PCS","CTN","2008000428952","103.845"
"2201000307","GIANT DRAGON MEDIUM NOODLE W/EGG 400GR","PCS","CTN","2008000428969","106.26"
"2201000308","JUMBO VERMICELLI GREEN BEAN THREAD RED 100GR","PCS","CTN","2008000429621","655.7874999999999"
"2201000309","JUMBO VERMICELLI GREEN BEAN THREAD RED 250GR","PCS","CTN","2008000429645","646.3000000000001"
"2201000313","KNORR SHRIMP BROTH CUBES 60GM","PCS","CTN","2008000429683","322"
"2201000317","KNORR LIQUID SEASONING ORIGINAL 250ML","PCS","CTN","2008000429720","251.85"
"2201000320","KNORR SINIGANG NA MAY MISO RECIPE MIX 25GR","PCS","CTN","2008000429744","253.00000000000003"
"2201000323","KNORR SINIGANG SA SAMPALOK MIX W/GABI 22GR","PCS","CTN","2008000429775","345"
"2201000324","KNORR TAMARIND SOUP BASE 40GR","PCS","CTN","2008000429782","472.65000000000003"
"2201000327","KSK BOY BAWANG CORN CHILLI & CHEESE 100GR","PCS","CTN","2008000429812","149.5"
"2201000328","KSK BOY BAWANG CORN GARLIC 100GR","PCS","CTN","2008000429829","191.475"
"2201000329","KSK BOY BAWANG CORN BBQ 100GR","PCS","CTN","2008000429836","139.15"
"2201000330","LUCKY ME NOODEL HOT CHILLI 60GR","PCS","OUT","4807770272172","11.2125"
"2201000330","LUCKY ME NOODEL HOT CHILLI 60GR","PCS","CTN","2008000429911","131.9625"
"2201000331","LUCKY ME NODLE W/CHILLIMNSI 60GR","PCS","OUT","4807770272189","11.2125"
"2201000331","LUCKY ME NODLE W/CHILLIMNSI 60GR","PCS","CTN","2008000429928","133.6875"
"2201000332","LUCKY ME BEEF NOODLE 65GR","PCS","OUT","4807770272196","9.775"
"2201000332","LUCKY ME BEEF NOODLE 65GR","PCS","CTN","2008000429935","117.58761500000001"
"2201000333","LUCKY ME NOODLE  CHICKEN 6X55GR","PCS","OUT","4807770027222","9.775"
"2201000333","LUCKY ME NOODLE  CHICKEN 6X55GR","PCS","OUT","4807770272202","9.775"
"2201000333","LUCKY ME NOODLE  CHICKEN 6X55GR","PCS","CTN","2008000429942","117.58761500000001"
"2201000334","LUCKY ME NOODLE KALAMANSI 60GR","PCS","OUT","4807770275593","11.2125"
"2201000334","LUCKY ME NOODLE KALAMANSI 60GR","PCS","CTN","2008000429959","129.66261500000002"
"2201000335","LUCKY ME NOODEL REGULAR 65G","PCS","OUT","4807770275586","11.2125"
"2201000335","LUCKY ME NOODEL REGULAR 65G","PCS","CTN","2008000429966","106.26"
"2201000336","LUCKY ME SUPREME INSTANT MAMI NOODLES BEEF 70GM","PCS","CTN","2008000429973","170.48749999999998"
"2201000337","LUCKY ME SUPREME INSTANT MAMI NOODLES PNOY CHICKN 70GM","PCS","CTN","2008000429980","136.275"
"2201000338","LUCKY ME SUPREME INSTANTMAMI NOODLES BULALO 70GM","PCS","CTN","2008000429997","183.71249999999998"
"2201000340","LUCKY ME MINI BOWL NOODLE BULALO 35GR","PCS","CTN","2008000430016","166.74976999999998"
"2201000341","LUCKY ME SUPREME MAMI NOODLES MINI SPECIAL BEEF 35GR","PCS","CTN","2008000430023","119.5425"
"2201000342","LUCKY ME SUPREME MINIINSMAMI NOODLES PNOY CHICKN 35GR","PCS","CTN","2008000430115","118.33500000000002"
"2201000343","LUCKY ME SUPREME SOTANGHON CHICKN NOODLE SOUP 28GR","PCS","CTN","2008000430122","223.3875"
"2201000344","MONTY GLUTINOUS RICE FLOUR 500GR","PCS","CTN","2008000430337","198.375"
"2201000347","MAMA SITA TAMARIND SEASONINGMIX HOT ECNOMYPK 50GR","PCS","CTN","2008000430467","237.87749999999997"
"2201000348","MAMA SITA TAMARINDMIX PANGSINIGAN GECNMPCK 50GR","PCS","CTN","2008000430474","79.695"
"2201000349","NISSIN CUP NOODLES CHICKEN W/VEGETABLES 60GR","PCS","CTN","2008000430481","170.775"
"2201000351","SUPER SWAN SUPER SAWN JASMINE 5KG","PCS","CTN","2008000430580","227.7"
"2201000354","SWALLOW TOILET COLOUR BALL 3PC","PCS","CTN","2008000430610","150.9375"
"2201000392","INDOMIE NOODLES 10X75GR","OFFER","CTN","3030000000505","60.95"
"2201000412","MAGGI NOODLES MIGORENG 72G","PCS","OUT","9556001149640","10.35"
"2201000412","MAGGI NOODLES MIGORENG 72G","PCS","CTN","2010198012455","124.2"
"2201000430","NISSIN CUP NOODLES BEEF STIR FRIED 77G","PCS","CTN","2012011035566","170.775"
"2201000431","NISSIN CUP NOODLES SPICY CHICKEN 77G","PCS","CTN","2012011035573","171.925115"
"2201000433","LUCKY ME SUPEREME MINI BOWL NOODLES 35G","PCS","CTN","2012011035597","166.74976999999998"
"2201000445","KNORR CHICKEN GRILL SEASONING 32G","PCS","OUT","6281006810075","74.17430999999999"
"2201000447","KNORR CHICKEN SPICE GARLIC 37GM","PCS","OUT","6281006810082","74.17430999999999"
"2201000454","INDOMIE MI GORENG FRIED 85G","PCS","OUT","089686170924","10.925"
"2201000454","INDOMIE MI GORENG FRIED 85G","PCS","OUT","5285000396406","10.925"
"2201000459","INDOMIE G/FRIED NOODLES 80G","PCS","OUT","0896861719690","12.592499999999998"
"2201000459","INDOMIE G/FRIED NOODLES 80G","PCS","OUT","5285000396079","12.592499999999998"
"2201000465","MAGGI CKN LOW SALT MP24 20G","OFFER","CTN","6294003563134","420.21"
"2204000022","PHL DATU PUTI SOY SAUCE PVC 1LTR","PCS","CTN","2005000358883","125.35000000000001"
"2204000024","PHL DATU PUTI VINEGAR PLASTIC 1LT","PCS","CTN","2005000358906","93.43761500000001"
"2204000032","DEL MONTE HOMMOUS TAHINA 400 GR","PCS","CTN","2007000388068","151.8"
"2204000036","PHL BOY BAWANG CORNICK ADOB 100GM","PCS","CTN","2008000412593","139.15"
"2204000041","JUFRAN BANANA SAUCE 320GR","PCS","CTN","2008000429607","107.8125"
"2204000042","JUFRAN BANANA SAUCE HOT & SPICY 320GR","PCS","CTN","2008000429614","108.0425"
"2204000043","LADYS CHOICE MAYONNAISE FRESH EGGS 220ML","PCS","CTN","2008000429843","262.77500000000003"
"2204000044","MANG TOMAS ALL PURPOSE SAUCE 330GR","PCS","CTN","2008000430313","158.7"
"2204000045","MANG TOMAS ALL PURPOSE SAUCE HOT 320GR","PCS","CTN","2008000430320","157.55"
"2204000046","OYSTER FISH SAUCE 720ML","PCS","CTN","2008000430566","97.74954"
"2204000048","SIBLING ANCHOVY SAUCE BAGOONG BALAYAN 340GR","PCS","CTN","2008000430689","113.85"
"2204000049","SIBLING MUNG BEAN NOODLE SOTANGHON 227GR","PCS","CTN","2008000430696","194.0625"
"2204000050","SIBLING SALTED ANCHOVIES 340GR","PCS","CTN","2008000430702","198.375"
"2205000002","GRANNY GOOSE CHIPS CHILLI 100GR","PCS","CTN","2008000428983","244.37511500000002"
"2205000003","GRANNY GOOSE TORTILLOS CHIPS BBQ 100GM","PCS","CTN","2008000428990","244.37511500000002"
"2205000004","LESLIES CLOVER CHIPS BBQ 55GM","PCS","CTN","2008000429850","132.82500000000002"
"2205000005","LESLIES CLOVER CHIPS CHEESIER 55GM","PCS","CTN","2008000429867","143.75"
"2205000006","LIGO SARDINES RED 155GR","PCS","CTN","2008000429874","433.55"
"2205000007","NAGRAYA CRACKER NUTS ADOBO 160GR","PCS","CTN","2008000430344","402.5"
"2205000008","NAGRAYA CRACKER NUTS BBQ 160GR","PCS","CTN","2008000430351","316.25"
"2205000009","NAGRAYA CRACKER NUTS GARLIC 160GR","PCS","CTN","2008000430368","316.25"
"2205000010","NAGRAYA CRACKER NUTS HOT 160GR","PCS","CTN","2008000430375","314.2375"
"2205000011","NAGRAYA CRACKER NUTS ORIGINAL 160GR","PCS","CTN","2008000430382","393.875"
"2205000012","NEWTON CHICKY CHIPS CHICKEN 100GR","PCS","CTN","2008000430399","179.4"
"2205000013","NEWTON LALA FISH CRACKERS SALT & VINEGAR 100GR","PCS","CTN","2008000430412","155.25"
"2205000014","NEWTON LALA FISH CRACKERS SWEET CHILI 100GR","PCS","CTN","2008000430429","155.25"
"2205000015","MY SAN SKY FLAKES CRACKERS 200GM","PCS","CTN","2008000430436","113.85"
"2205000016","OISHI PRAWN CRACKERS 60GR","PCS","CTN","2008000430504","179.4"
"2205000017","OISHI PRAWN CRACKERS SPICY 60GR","PCS","CTN","2008000430511","241.5"
"2205000019","ORIENTAL ROTA PRAWN CRACKERS 60GM","PCS","CTN","2008000430535","124.77499999999999"
"2205000020","ORIENTAL SUPER RINGS CHEESE 14GR","PCS","OUT","9556023775612","21.275"
"2205000020","ORIENTAL SUPER RINGS CHEESE 14GR","PCS","CTN","2008000430542","126.50000000000001"
"2205000021","ORIENTAL SUPER RINGS CHEESE 60GM","PCS","CTN","2008000430559","146.05"
"2205000022","CONCHING SHRIMP CRAKERS 70G","PCS","CTN","2012011035627","201.25"
"2206000005","LADYS CHOICE TUNA SPREAD 220ML","PCS","CTN","2006000374323","313.375"
"2206000006","LADYS CHOICE TUNA SPREAD 470ML","PCS","CTN","2006000374330","327.75"
"2206000015","BARRIO FIESTA SAUTEED SHRIMP PASTE REGULAR 250GR","PCS","CTN","2008000428822","299"
"2206000016","BARRIO FIESTA SAUTEED SHRIMP PASTE SPICY 250GR","PCS","CTN","2008000428839","296.7"
"2206000017","BARRIO FIESTA SAUTEED SHRIMP PASTE SWEET 250GR","PCS","CTN","2008000428846","294.6875"
"2206000018","NEWTON LA-LA FISH CRACKERS 100GR","PCS","CTN","2008000430405","172.5"
"2207000007","PHL MY SAN SKYFLAKES CRACKE 250GR","PCS","CTN","2004000223351","208.150115"
"2207000008","MY SAN SKYFLAKES CRACKE TUBS 800GM","PCS","CTN","10750515018102","239.20000000000002"
"2207000015","LADYS CHOICE SANDWICH SPREAD 220M","PCS","CTN","2006000374347","301.875"
"2207000037","BETTER THAI FRAGRANT RICE 5KG","PCS","CTN","2008000428853","285.2"
"2207000038","BETTER THAI WHITE RICE 2KG","PCS","CTN","2008000428860","132.82500000000002"
"2207000039","CHAMPION SALTED BLACK BEANS 180GR","PCS","CTN","2008000428877","395.31261499999994"
"2207000040","CROLEY FOODS SUNFLOWER CRACKERS CHICKEN 170GR","PCS","CTN","2008000428884","201.25"
"2207000041","CROLEY FOODS SUNFLOWER CRACKERS ONION-GARLIC 170GR","PCS","CTN","2008000428891","224.25"
"2207000042","CROLEY FOODS SUNFLOWER CRACKERS PIZZA 170GR","PCS","CTN","2008000428907","253.00000000000003"
"2207000043","CROLEY FOODS SUNFLOWER CRACKERS PLAIN 170GR","PCS","CTN","2008000428914","251.85"
"2207000044","CROLEY FOODS SUNFLOWER CRACKERS REAL CHEESE 170GR","PCS","CTN","2008000428921","228.85"
"2207000045","DING DANG SUPER MIX NUTS 100GR","PCS","CTN","2008000428938","238.04999999999998"
"2207000046","LILYS THE ORIGINAL PEANUT BUTTER 296GR","PCS","CTN","2008000429881","517.5"
"2207000048","TEP TIP COCONUT JUICE 330ML","PCS","CTN","2008000430658","118.7375"
"2207000049","UFC BANANA CHILI SAUCE HOT&SPICY 320GR","PCS","CTN","2008000430665","113.85"
"2207000050","UFC BANANA SAUCE REGULAR 320GR","PCS","CTN","2008000430672","110.39999999999999"
"2207000051","SIBLING SWEET COCONUT SPORT MACAPUNO 340GR","PCS","CTN","2008000430719","345"
"2207000052","SIBLING SWEET JACKFRUIT LANGKA 340GR","PCS","CTN","2008000430726","273.125"
"2207000054","SIBLING BETTER SWEET SUGAR PALMFRUIT KAONG 340GR","PCS","CTN","2008000430740","224.25"
"2207000070","HEINZ SAUCE ABC SALTY 600 G","PCS","CTN","2012011036518","86.25"
"2207000078","HEINZ SAUCE OYSTER 260GM","PCS","CTN","2012011036525","96.02499999999999"
"2207000083","UFC SPAGHETI SAUCE 250GR","PCS","CTN","2012011035542","181.125"
"2207000084","UFC TOMATO SAUCE 250GR","PCS","CTN","2012011035559","114.94250000000001"
"2207000088","HEINZ ABC SOYA SWEET SAUCE","PCS","CTN","2012011036327","144.9"
"2621015000","AL SULTAN SUNFLOWER SEEDS SALT","SIZE-1","KG","2621015000","20.688499999999998"
"2621015000","AL SULTAN SUNFLOWER SEEDS SALT","SIZE-1","KG","55015","20.688499999999998"
"3001000054","REGAL 16P CHEESE PORTION 240GR","PCS","OUT","2004001491940","21.275"
"3001000054","REGAL 16P CHEESE PORTION 240GR","PCS","CTN","2004000183082","340.1125"
"3001000055","REGAL 8P CHEESE 120GR","PCS","OFFER","3073781049831","20.688499999999998"
"3001000055","REGAL 8P CHEESE 120GR","PCS","OUT","2004001491513","25.875"
"3001000055","REGAL 8P CHEESE 120GR","PCS","CTN","2004000183099","247.25"
"3001000056","REGAL 32P CHEESE 480GM","PCS","OFFER","6291058081484","19.8375"
"3001000056","REGAL 32P CHEESE 480GM","PCS","CTN","2004000170174","311.65"
"3001000057","REGAL 24P CHEESE PORTION 360GR","PCS","OUT","2004001491957","30.475"
"3001000057","REGAL 24P CHEESE PORTION 360GR","PCS","CTN","2004000183105","365.125115"
"3001000066","KIRI CHEESE PORTION 108GR","PCS","OUT2","3073781191042","43.125"
"3001000066","KIRI CHEESE PORTION 108GR","PCS","OUT","3073780840545","85.9625"
"3001000066","KIRI CHEESE PORTION 108GR","PCS","CTN","2005000321238","516.35"
"3001000067","KIRI CHEESE PORTION 324GR","PCS","CTN","03073780773140","772.8"
"3001000069","KIRI CHEESE PORTION 432GR","PCS","CTN","03073780858731","527.85"
"3001000070","KIRI CHEESE PORTION 200GM","PCS","CTN","2005000315329","736"
"3001000074","KIRI BABY BEL 200GR","PCS","CTN","2004000283058","113.505"
"3001000075","KIRI BABY BEL 5X100GR","PCS","CTN","2004000283065","163.29999999999998"
"3001000077","LAVACHEQUI CHEESE 16PORTIONS 256GR","PCS","CTN","2005000321207","452.8125"
"3001000079","LAVACHEQUI CHEESE 24 PCS 360GR","PCS","CTN","2005000321221","484.43750000000006"
"3001000080","LAVACHEQUI CHEESE 8-PORTION 120GR","PCS","CTN","2004001500116","340.3425"
"3001000081","LAVACHEQUI CHEESE 32-PORTION 480GR","PCS","CTN","03073780820684","419.175"
"3001000102","PUCK TRIA. CHEESE 360GR","PCS","CTN","5760466801096","229.425"
"3001000106","PUCK TRIA. CHEESE 240GR","PCS","CTN","5760466801089","223.675"
"3001000116","LAVACHEQUI CHEESE 8 PORTION REDUCED FAT","PCS","CTN","2004001497065","441.59999999999997"
"3001000117","N.VACHE CHEESE 8 PORTIONS 140GR","PCS","CTN","2004000308096","169.533"
"3001000185","REGAL CHEESE RED 360GR 24PCS","PCS","CTN","2009000448759","372.6"
"3001000207","LAVACHEQUI CHEESE 8-PORTION 120GR WITH GREEN OLIVE","PCS","CTN","2010198007918","191.475"
"3001000208","LAVACHEQUI CHEESE 8-PORTION 120GR WITH BARBECUE","PCS","CTN","2010198007925","191.475"
"3001000233","ALMARAI KIDS  TRIANGLE CHESE 120","PCS","CTN","6281007035460","142.025"
"3001000234","ALMARAI KIDS TRIANGLE CHEES 240GM","PCS","CTN","6281007035477","282.9"
"3001000236","ALMARAI KIDS TRIANGLE CHEES 480GM","PCS","CTN","6281007035491","345.575"
"3002000107","PHILADELPHIA LIGHT CHEESE 280GR","PCS","CTN","2011011025270","752.9625000000001"
"3002000108","FRICO PROCESSED CHEESE 1LB","PCS","CTN","2005000323980","477.25000000000006"
"3002000122","KIRI AL JARRA CHEESE 440G","PCS","CTN","2004000168324","403.59250000000003"
"3002000146","ALMARAI GOLD JAR CHESE CHEDAR TAST 500GR","PCS","CTN","2005000320002","324.29999999999995"
"3002000147","ALMARAI  C/CHEESE JAR 900GR","PCS","CTN","2005000320019","258.75"
"3002000152","ALMARAI CHEESE JAR - CREAM 900 GM","PCS","CTN","2005000320040","254.15"
"3002000164","KRAFT CHEESE CREAM SPREAD 910GR","PCS","CTN","0119300650355283","206.1375"
"3002000164","KRAFT CHEESE CREAM SPREAD 910GR","PCS","CTN","19300650355283","206.1375"
"3002000164","KRAFT CHEESE CREAM SPREAD 910GR","PCS","CTN","2004000246695","206.1375"
"3002000166","PHILADELPHIA PHILADELPHIA 180GR","PCS","CTN","2004000246732","733.125"
"3002000167","KRAFT CHEESE CREAM SPREAD 500GR","PCS","CTN","19300650354521","247.5375"
"3002000168","KRAFT CHEESE CREAM SPREAD 240GR","PCS","CTN","0110000093650707","143.75"
"3002000168","KRAFT CHEESE CREAM SPREAD 240GR","PCS","CTN","10000093650707","143.75"
"3002000169","KRAFT CHEDDAR CHEESE BLOCK 500GR","PCS","CTN","2004000246770","951.9125"
"3002000170","KRAFT CHEDAR CHEESE BLOCK 250GR","PCS","CTN","2004000246787","483"
"3002000171","PHILADELPHIA LIGHT CHEESE 180GR","PCS","CTN","2004000247111","632.5"
"3002000172","PHILADELPHIA  CHEESE 280GR","PCS","CTN","2011011032476","851"
"3002000176","KRAFT CREAM CHEESE SPREAD 140GR","PCS","OUT","0109300650991910","98.325"
"3002000176","KRAFT CREAM CHEESE SPREAD 140GR","PCS","OUT","9300650991910","98.325"
"3002000176","KRAFT CREAM CHEESE SPREAD 140GR","PCS","CTN","10000093650653","393.3"
"3002000188","KRAFT CREAM CHEESE WHITE 240GR","PCS","CTN","2006000363662","143.75"
"3002000189","KRAFT CREAM CHEESE WHITE 500GR","PCS","CTN","2006000363679","247.5375"
"3002000190","KRAFT CREAM CHEESE WHITE 910GR","PCS","CTN","2006000363686","205.85"
"3002000193","POWER COWS WHITE GLASS JAR 140 GR","PCS","CTN","2004000178583","60.375"
"3002000198","POWER COWS WHITE GLASS JAR 240 GR","PCS","CTN","2004000179009","90.5625"
"3002000199","POWER COWS WHITE GLASS JAR 500GR","PCS","CTN","2004000179016","123.62511500000001"
"3002000201","PUCK CHEESE GLASS 140GR","PCS","CTN","2004000179528","243.7425"
"3002000202","PUCK CHEESE GLASS 240GR","PCS","CTN","05760466321808","368"
"3002000202","PUCK CHEESE GLASS 240GR","PCS","CTN","05760466879507","368"
"3002000203","PUCK CHEESE IN JAR 690GR","PCS","CTN","5760466324502","159.39"
"3002000204","PUCK CHEESE GLASS 500 GR","PCS","CTN","5760466324601","189.75"
"3002000205","PUCK CHEESE IN JAR 910GR","PCS","OFFER","6291021920307","47.4375"
"3002000205","PUCK CHEESE IN JAR 910GR","PCS","CTN","2004000179542","268.525115"
"3002000210","PUCK TRIANGLES CHEESE 120","PCS","CTN","2005000347429","184.000115"
"3002000226","ALMARAI BLUE JAR CREAMY TASTE 500GR","PCS","CTN","2005000320026","324.29999999999995"
"3002000271","PUCK WHITE CHEESE JAR 1100GR","PCS","CTN","2007000403297","281.75"
"3002000272","PUCK TUB CHEESE HERBAL GARLIC 200GR","PCS","CTN","2007000403303","283.47499999999997"
"3002000277","ALMARAI TIN CHEESE LOW FAT 113GR","PCS","CTN","6281007155267","211.60000000000002"
"3002000279","KIRI AL JARRA CHEESE 600GR","PCS","CTN","2007000407028","509.7375"
"3002000290","PUCK CHEESE JAR WHITE LIGHT 240GR","PCS","CTN","2008000417963","362.25"
"3002000334","KIRI CHEESE AL JARRA 230GR","PCS","CTN","2009000447974","441.8875"
"3002000391","KRAFT CREAM CHEESE ORIGINAL SQUEEZE 440G","PCS","CTN","07622300535841","322"
"3002000391","KRAFT CREAM CHEESE ORIGINAL SQUEEZE 440G","PCS","CTN","2011011021128","322"
"3002000395","KIRI SPREADABLE CREAMY CHEESE 200G","PCS","CTN","2011011028981","262.2"
"3002000396","KIRI SPREADABLE CREAMY CHEESE 350G","PCS","CTN","2011011028998","214.475"
"3002000414","KRAFT CCS SQUEEZE 2X440G","OFFER","OUT","6291105063777","26.7375"
"3002000436","ALMARAI CHEES REDUCED FAT JAR 240GR","PCS","CTN","6281007033510","144.9"
"3002000452","ALMARAI JAR CHEESE GOLD 200GM","PCS","CTN","6281007037549","328.90011499999997"
"3002000453","ALMARAI JAR CHEESE BLUE 200GM","PCS","CTN","6281007037501","133.39999999999998"
"3002000454","ALMARAI JAR CHEESE REDUCED FAT 200gm","PCS","CTN","6281007037563","227.01"
"3002000455","ALMARAI JAR CHEESE LOW CHOL 200GM","PCS","CTN","6281007037525","128.8"
"3003000027","PAYSAN BRETON EMMENTAL FRANCAIS 200GM","PCS","CTN","2005000317255","576.7249999999999"
"3003000036","ANCHOR CHEESE SLICES 454G","PCS","CTN","2010198012226","239.085"
"3003000039","THREE COW WHITE CHEESE L\F 200GR","PCS","CTN","2004000230496","417.16249999999997"
"3003000040","THREE COW WHITE CHEESE MORE CREAMY[GREEN] 200 GR","PCS","CTN","2004000230359","274.10249999999996"
"3003000041","THREE COW WHITE CHEESE [GREEN] 500GR","PCS","CTN","2004000230342","253.57500000000002"
"3003000042","THREE COW WHITE CHEESE L.S.[RED] 200 GR","PCS","CTN","2004000230335","369.15"
"3003000043","THREE COW WHITE CHEESE L/S [RED] 500GR","PCS","CTN","2004000230328","311.65"
"3003000056","UNIGRANA CHEESE GRANDE PADANO 150GR","PCS","CTN","2007000396834","374.325"
"3004000023","FRESHCO HALLOUMI CHEESE 240G","PCS","CTN","2005000347504","246.32999999999998"
"3004000025","PITTAS HALLOUMI LIGHT 200GR","PCS","CTN","2005000327179","1230.5"
"3004000030","HAJADU HALLOMI CHEESE 300GR","PCS","CTN","2007000396902","276"
"3004000031","HAJADU HALLOMI CHEESE SMOKED 300GR","PCS","CTN","2007000396919","270.25"
"3004000039","PITTAS HALLOUMI MINT 200GR","PCS","CTN","2008000433994","524.6875"
"3004000041","PITTAS HALLOUMI 200GR","PCS","CTN","2008000400000","999.0626149999999"
"3004000058","AL RAWABI HALLOUMI CHEESE FULL FAT250GR","PCS","OFFER","6291030108901","36.225"
"3005000054","PINAR LIGHT WHITE CHE  400GR","PCS","CTN","2004001497485","331.2"
"3005000073","PUCK FETA CHEESE 200GR","PCS","CTN","5760466830256","235.46249999999998"
"3005000074","PUCK FETA CHEESE 500GR","PCS","CTN","2006000373630","231.84"
"3005000077","THREE COW SHREDDED PIZZA TOPPING 200GR","PCS","CTN","2004000230427","169.04999999999998"
"3005000078","THREE COW SHREDDED PIZZA TOPPING 500GR","PCS","CTN","2004000230410","247.25"
"3005000079","THREE COW FETA EGYP.CHEESE [BLUE] 200GR","PCS","CTN","2004000230373","480.7"
"3005000080","THREE COW FETA EGYPTION [BLUE] 500 GR","PCS","CTN","5760466641586","400.2"
"3005000081","THREE COW FETA CHEESE IN OIL 150GR","PCS","CTN","2004000230366","184.000115"
"3005000082","ALMARAI FETA FF EASYOPEN200G","PCS","CTN","2005000323454","203.55"
"3005000082","ALMARAI FETA FF EASYOPEN200G","PCS","CTN","6281007031318","203.55"
"3005000083","ALMARAI FETA FF EASYOPEN400G","PCS","CTN","2005000323447","244.37511500000002"
"3005000083","ALMARAI FETA FF EASYOPEN400G","PCS","CTN","6281007031370","244.37511500000002"
"3005000131","ALMARAI FETA LITE EASY OPEN 200GR","PCS","CTN","2009000025165","263.35"
"3005000131","ALMARAI FETA LITE EASY OPEN 200GR","PCS","CTN","6281007031325","263.35"
"3005000132","ALMARAI L/FETA EASYOPEN 400G","PCS","CTN","2009000025172","258.75"
"3005000132","ALMARAI L/FETA EASYOPEN 400G","PCS","CTN","6281007031387","258.75"
"3006000001","LAVACHEQUI SLICE SANDWICH 200GR","PCS","CTN","2009000007185","396.4625"
"3006000049","LAVACHEQUI LOW CALORIECHEESE 8 S","PCS","CTN","2005000321351","408.25"
"3006000060","BEGA CHEESE SLICE U/C 84 PSC 1KG","PCS","CTN","2005000323317","422.625"
"3006000067","ANCHOR IWS 334G","PCS","CTN","2010198012257","233.3925"
"3006000110","ANCHOR CHEESE SLICES 189G","PCS","CTN","2010198012233","265.65000000000003"
"3006000167","LAVACHEQUI SLICE LIGHT 200GR","PCS","CTN","2009000007154","431.25"
"3006000168","LAVACHEQUI SLICE CHEDDAR 200GR","PCS","CTN","2009000007161","396.4625"
"3006000169","LAVACHEQUI SLICE BURGER 200GR","PCS","CTN","2009000007178","396.4625"
"3006000170","LAVACHEQUI SLICE CHEDDAR 480GR","PCS","CTN","2009000007192","331.48749999999995"
"3006000189","PUCK SLICE CHEESE REGULAR 200G","PCS","CTN","9009301000703","227.7"
"3006000190","PUCK SLICE CHEESE CHEDDAR 200G","PCS","CTN","9009301000727","223.9625"
"3006000191","PUCK SLICE CHEESE LOW FAT 200G","PCS","CTN","9009301000710","285.775"
"3007000048","THREE COW MOZZARELLA PORTION 200 GR","PCS","CTN","2004000230397","138"
"3007000051","ALMARAI SHD.MOZZARELLA 200 GR","PCS","OFFER","6281007024358","13.799999999999999"
"3007000051","ALMARAI SHD.MOZZARELLA 200 GR","PCS","CTN","2005000323560","322"
"3007000053","ALMARAI MOZZ.SHREDDED 1KG","PCS","CTN","2005000323591","340.97385"
"3007000054","ALMARAI MOZZ. SHREDDED 500GR","PCS","CTN","2005000323553","258.75"
"3007000055","ALMARAI MOZZARELLA BLOCK 200GR","PCS","CTN","2005000323577","304.29"
"3007000057","PUCK PIZZA 200G","PCS","CTN","6281048100691","161"
"3007000058","PUCK PIZZA 500G","PCS","CTN","6281048100714","241.5"
"3007000111","ALMARAI MOZZARELLA SHREDDED500G@20%EXTRA FREE","PCS","CTN","6281007031035","266.79999999999995"
"3007000112","ALMARAI MOZZARELLA SHREDDED LITE 200G","PCS","CTN","6281007031707","166.75"
"3007000113","AL RAWABI SHREDDED MOZARELLA CHEESE 200G","PCS","OFFER","6291030000816","25.3"
"3008000064","MONTE.CHRI CHEDDAR CHEESE 400GR","PCS","CTN","2005000317187","971.7499999999999"
"3008000065","MONTE.CHRI CHEDDAR CHEESE COL RED 200GR","PCS","CTN","2004000171836","1081"
"3008000066","MONTE.CHRI CHEDDAR CHEESE WHITE 200 GR","PCS","CTN","2004000171867","1081"
"3008000076","KRAFT CHEESE TIN 200GR","PCS","CTN","19300650271132","332.0625"
"3008000076","KRAFT CHEESE TIN 200GR","PCS","CTN","2004000246985","332.0625"
"3008000084","PUCK CHEDDAR CHEESE JAR 24X240 GR","PCS","OUT","6281048097786","143.75"
"3008000084","PUCK CHEDDAR CHEESE JAR 24X240 GR","PCS","CTN","6281048097571","287.5"
"3008000085","PUCK CHEDDAR CHEESE JAR 500 GR","PCS","CTN","1000108560313","146.625"
"3008000087","PUCK CHEDDAR CHEESE JAR 910 GR","PCS","CTN","6281048097632","235.69250000000002"
"3008000089","MONTE.CHRI DANABLUE 100 GR","PCS","OUT","2004000171898","67.27499999999999"
"3008000095","ALMARAI TINNED CHEESE 200GR","PCS","CTN","2005000323522","306.1875"
"3008000096","ALMARAI TINNED CHEESE 113GR","PCS","OUT","6281007168694","46"
"3008000096","ALMARAI TINNED CHEESE 113GR","PCS","CTN","2005000320118","178.25"
"3008000097","ALMARAI TINNED CHEESE LOCAL 56 GR","PCS","CTN","2005000323539","200.0425"
"3008000132","ALMARAI BLOCK CHEDDAR CHEESE 454GR","PCS","CTN","2007000405185","345"
"3008000133","ALMARAI BLOCK CHEDDAR CHEESE LOW FAT454GR","PCS","CTN","2007000405192","356.5"
"3008000149","VONK CHEDDAR CHEESE SHREDDED 150GR","PCS","CTN","2008000424862","211.3125"
"3008000195","KRAFT CHEDDAR SINGLE SLICES 216 GM","PCS","CTN","2012011036723","307.9125"
"3008000196","KRAFT CHEDDAR SINGLE SLICES 432 GM","PCS","CTN","2012011036730","440.7375"
"3008000197","KRAFT CHEDDAR SINGLES LIGHT 216GM","PCS","CTN","2012011036747","313.95"
"3008000198","KRAFT CHEDDAR SINGLES LIGHT 432 GM","PCS","CTN","2012011036754","464.88750000000005"
"3008000199","KRAFT CHEDDAR EXTRA THICK 336GM","PCS","CTN","2012011036761","338.09999999999997"
"3010000003","FRICO EDAM CHEESE SLICE 150GR","PCS","CTN","2005000317286","178.25"
"3010000006","FRICO EDAM CHEESE CUTS 470 GR","PCS","CTN","2004000247012","736"
"3010000013","FRICO EDAM CHEESE GRATED 150GR","PCS","CTN","2008000413996","297.5625"
"3011000001","FRICO GOUDA CHHEESE SLICE 150GR","PCS","CTN","2005000317293","188.6"
"3011000012","FRICO GOUDA CHEESE GRATED 150GR","PCS","CTN","2008000413989","310.5"
"3013000003","HAJADU KASHKAVAL COW MILK 250GR","PCS","CTN","2006000375344","678.5"
"3013000006","TERIMPEX KASHKAVAL COW MILK LOW FAT 250GR","PCS","CTN","2006000375375","724.5"
"3013000018","VONK HAJDU KASHKAVAL CHEESE SHREDDED 150GR","PCS","CTN","2008000424794","439.29999999999995"
"3013000027","TERIMPEX KASHKAVAL COW MILK 700GR","PCS","CTN","2004000230083","1219"
"3013000028","HAJADU HAJDU CHEESE 350GR","PCS","CTN","2004000230113","977.5"
"3013000030","HAJADU KASHKAVAL SHEEP MILK CHEESE LOW FAT 350G","PCS","CTN","2011011028424","1167.25"
"3013000031","HAJADU KASHKAVAL SHEEP MILK CHEESE LOW FAT 700G","PCS","CTN","2011011028431","1333.1374999999998"
"3013000033","HAJADU KASHKAVAL SLICED CHEESE LIGHT 150G","PCS","CTN","2013011044794","260.82000000000005"
"3013000035","HAJADU KASHKAVAL HERBS SLICE CHEESE 150G","PCS","CTN","2013011044817","260.82000000000005"
"3013000038","HAJADU KASHKAVAL SMOKED SLICE CHEESE 150G","PCS","CTN","2013011044848","260.82000000000005"
"3016000051","AL AIN CHICKEN 1100GR","PCS","CTN","2008000432812","327.75"
"3016000053","AL AIN CHICKEN 1200GR","PCS","CTN","2008000432836","281.75"
"3016000068","AL YOUM FRESH CHICKEN (BP) 800GM","PCS","CTN","6281007025072","251.85"
"3016000069","AL YOUM FRESH CHICKEN (BP) 900G","PCS","CTN","6281007025089","280.02500000000003"
"3016000070","AL YOUM FRESH CHICKEN (BP) 1000GM","PCS","CTN","6281007025096","320.85"
"3017000001","ANCHOR IWS 167G","PCS","CTN","2010198012264","259.9"
"3018000040","LURPAK DANISH BUT. U/SALT 200GR","PCS","CTN","2009000007956","696.9"
"3018000041","ALMARAI BUTTER SALTED 200GR","PCS","CTN","2005000331985","333.5"
"3018000059","ALMARAI BUTTER UNSALTED 200GM","PCS","CTN","2005000320125","339.25"
"3018000064","LURPAK DANISH BUT. SALT 200GR","PCS","CTN","2004000247159","745.7750000000001"
"3018000065","LURPAK BUTTER UN\S 2X400GR","PCS","OFFER","6291021911879","36.225"
"3018000065","LURPAK BUTTER UN\S 2X400GR","PCS","CTN","2004000247166","724.5"
"3018000066","LURPAK DANISH BUTTER SOFT UNSALTED 250GR","PCS","CTN","2004000247180","205.27499999999998"
"3018000069","LURPAK BUITTER UNSALTED CUPS 100X10GR","OUT","CTN","2007000407608","396.17499999999995"
"3018000070","LURPAK DANISH BUTTER 100GR","PCS","CTN","2004001494064","407.675"
"3018000071","LURPAK DANISH BUTTER 50GR","PCS","SIZE-1","5740900867208","2.87385"
"3018000071","LURPAK DANISH BUTTER 50GR","PCS","CTN","5740900867260","390.0225"
"3018000072","LURPAK DANISH BUTTER SOFT 250 GR","PCS","CTN","2004000247197","205.27499999999998"
"3018000074","LURPAK DANISH BUTTER 400GR","PCS","CTN","2004000247210","661.25"
"3018000077","LURPAK D/BUTTER UNSALTED 10X10GR","PCS","CTN","2007000403242","431.25"
"3018000108","LURPAK SOFT LIGHT UNSALT250G","PCS","CTN","2014011048782","227.7"
"3018000109","LURPAK SOFT LIGHT SALT250G","PCS","CTN","2014011048799","227.7"
"3018000135","LURPAK BUTTER 1KG","PCS","CTN","2008000417994","666.1375"
"3018000160","ALMARAI BUTTER UNSALTED 60GR","PCS","CTN","6281007024310","335.225"
"3018000179","ALMARAI NATURAL BUTTER UNSALTED 400GM","PCS","CTN","2014011049529","586.5"
"3019000003","ABU DHABI EGGS 12 PCS","PCS","CTN","2004000315063","271.6875"
"3019000004","ABU DHABI EGGS LARGE 30 PCS","PCS","PCS-2","3030000000379","22.9885"
"3019000004","ABU DHABI EGGS LARGE 30 PCS","PCS","CTN","2004000315049","273.6425"
"3019000006","AL AIN EGGS 30 PCS","PCS","CTN","2004001497713","338.3875"
"3019000012","AL JAZIRA FRESH EGGS AA GRADE 6PCS","PCS","CTN","2005000320804","392.725"
"3019000013","AL RAWDAH CHICKEN 1100GR","PCS","CTN","6291038111002","265.9375"
"3019000014","AL RAWDAH CHICKEN 650GR","PCS","CTN","6291038106503","157.2625"
"3019000015","AL RAWDAH CHICKEN 700GR","PCS","CTN","6291038107005","189.75"
"3019000016","AL RAWDAH CHICKEN 750GR","PCS","CTN","6291038107500","181.4125"
"3019000017","AL RAWDAH CHICKEN 800GR","PCS","CTN","6291038108002","215.3375"
"3019000018","AL RAWDAH CHICKEN 900GR","PCS","CTN","6291038109009","246.38750000000002"
"3019000019","AL RAWDAH CHICKEN 950GR","PCS","CTN","6291038109504","217.35"
"3019000020","AL RAWDAH CHICKEN 1000GR","PCS","CTN","6291038110005","270.25"
"3019000021","AL RAWDAH FRESH CHICKEN 1050 GR","PCS","CTN","6291038110500","254.15"
"3019000022","AL RAWDAH CHICKEN 850GR","PCS","CTN","6291038108507","205.85"
"3019000025","AL JAZIRA GOLDEN EGGS FAMILY PACK 15PC","PCS","CTN","2005000320798","379.4425"
"3019000034","AL AIN LARGE EGGS 30PCS","PCS","CTN","2005000350160","355.34999999999997"
"3019000042","AL RAWDAH FRESH CHICKEN 600GR","PCS","CTN","2005000350603","145.1875"
"3019000042","AL RAWDAH FRESH CHICKEN 600GR","PCS","CTN","6291038106008","145.1875"
"3019000043","AL RAWDAH FRESH CHICKEN 1150GR","PCS","CTN","2005000350610","278.3"
"3019000043","AL RAWDAH FRESH CHICKEN 1150GR","PCS","CTN","6291038111507","278.3"
"3019000065","AL JAZIRA LARGE EGGS TRAY 30PCS","PCS","CTN","62911001510281","359.8925"
"3019000082","AL AIN FRESH CHICKEN 700GR","PCS","CTN","2004001493692","205.85"
"3019000083","AL AIN FRESH CHICKEN 800GR","PCS","CTN","2004001493708","238.04999999999998"
"3019000084","AL AIN FRESH CHICKEN 600 GR","PCS","CTN","2004000150091","141.3925"
"3019000088","AL AIN FRESH CHICKEN 850GR","PCS","CTN","2004001497515","177.5025"
"3019000089","AL AIN FRESH CHICKEN 900GR","PCS","CTN","2004001498123","264.2125"
"3019000091","AL AIN FRESH CHICKEN 950GR","PCS","CTN","2004001499649","198.03"
"3019000094","AL AIN FRESH CHICKEN 1000GR","PCS","CTN","2006000381499","294.40000000000003"
"3019000107","AL JAZIRA EGGS LUTEIN 15PCS","PCS","CTN","2007000399170","354.2"
"3019000116","AL JAZIRA EGGS SUPER SIX AA GRADE 6PCS","PCS","CTN","2007000411674","449.3625"
"3019000128","ABU DHABI EGGS 6PCS","PCS","CTN","2007000411360","263.235"
"3019000131","ABU DHABI EGGS LARGE 15PCS","PCS","CTN","2007000412633","293.1925"
"3019000145","AL SEMMAN QUAIL EGGS 18PCS","PCS","CTN","2008000426002","222.18"
"3019000154","AL AIN EGGS LARGE 20PCS","PCS","CTN","2008000436575","289.8"
"3019000160","AL JAZIRA MEDIUM EGGS 30PCS","PCS","CTN","2009000008816","239.085"
"3019000161","AL AIN EGGS SMALL 30PCS","PCS","CTN","2009000009417","189.6925"
"3019000173","LAND SEA QUAIL EGGS 15OZ/425G","PCS","CTN","2012011035603","302.45"
"3020002501","AL RAWABI MILK RICE FRESH KHEER PLAIN 6X150 GR","PCS","CTN","1000122000017","12.075"
"3020002507","ALMARAI UHT MILK L/F W/ADDED VITAMINS 200ML","PCS","OUT","6281007035941","14.375"
"3020002507","ALMARAI UHT MILK L/F W/ADDED VITAMINS 200ML","PCS","OUT","6281007063166","14.375"
"3020002507","ALMARAI UHT MILK L/F W/ADDED VITAMINS 200ML","PCS","CTN","6281007032728","42.5385"
"3020002508","ALMARAI UHT MILK F/F W/ADDED VITAMINS 200ML","PCS","OUT","6281007035934","14.375"
"3020002508","ALMARAI UHT MILK F/F W/ADDED VITAMINS 200ML","PCS","OUT","6281007063159","14.375"
"3020002508","ALMARAI UHT MILK F/F W/ADDED VITAMINS 200ML","PCS","CTN","6281007032704","48.875"
"3020002511","ALMARAI UHT DOUBLE CHOCOLATE MILK 200ML","PCS","OUT","6281007032148","18.3425"
"3020002511","ALMARAI UHT DOUBLE CHOCOLATE MILK 200ML","PCS","OUT","6281007070492","18.3425"
"3020002511","ALMARAI UHT DOUBLE CHOCOLATE MILK 200ML","PCS","CTN","6281007032131","54.625"
"3020002515","LACNOR MILK NON FAT 1LT","PCS","OUT","6291016011256","19.4925"
"3020002515","LACNOR MILK NON FAT 1LT","PCS","CTN","2005000330872","60.375"
"3020002515","LACNOR MILK NON FAT 1LT","PCS","CTN","6291016011454","60.375"
"3020002516","LACNOR LOW FAT MILK  1LTR","PCS","OUT","6291016011225","22.712500000000002"
"3020002516","LACNOR LOW FAT MILK  1LTR","PCS","CTN","2004000247234","67.838615"
"3020002516","LACNOR LOW FAT MILK  1LTR","PCS","CTN","6291016011423","67.838615"
"3020002517","LACNOR MILK FULL CREAM 1LTR","PCS","OUT","6291016002063","16.0885"
"3020002517","LACNOR MILK FULL CREAM 1LTR","PCS","OUT","6291016011218","16.0885"
"3020002517","LACNOR MILK FULL CREAM 1LTR","PCS","CTN","2004000127130","58.075"
"3020002517","LACNOR MILK FULL CREAM 1LTR","PCS","CTN","6291016011416","58.075"
"3020002520","LACNOR S/BERRY MILK 180ML","PCS","OUT","6291016024218","10.925"
"3020002520","LACNOR S/BERRY MILK 180ML","PCS","CTN","6291016024416","43.6425"
"3020002568","SAFA UHT MILK FC 1LTR","PCS","OUT","2005000333347","17.238500000000002"
"3020002568","SAFA UHT MILK FC 1LTR","PCS","OUT","6291044170413","17.238500000000002"
"3020002568","SAFA UHT MILK FC 1LTR","PCS","CTN","2004000218081","56.925"
"3020002577","FRESHCO LABAN UP WITH MINT BOT 200ML","PCS","CTN","6291074316201","9.1885"
"3020002625","AL AIN LOW FAT L/L.MILK 1LTR","PCS","OUT","6291056200511","19.4925"
"3020002625","AL AIN LOW FAT L/L.MILK 1LTR","PCS","CTN","2010198001817","57.5"
"3020002647","ALMARAI W\CREAM SCREWCAP250M","PCS","CTN","6281007031295","175.375"
"3020002647","ALMARAI W\CREAM SCREWCAP250M","PCS","CTN","6281007062985","175.375"
"3020002651","PUCK THICK CREAM 250ML","PCS","CTN","2008000411022","195.5"
"3020002652","ALMARAI LACTOFREE MILK 1LTR","PCS","OUT","6281007050890","41.34250000000001"
"3020002667","RAINBOW MILK FULL CREAM 185ML","PCS","OUT","6281021332309","7.7625"
"3020002667","RAINBOW MILK FULL CREAM 185ML","PCS","CTN","6281021331104","30.1875"
"3020002791","ALMARAI COOKING CREAM SCREWCAP 1LTR","PCS","CTN","6281007027663","310.5"
"3020002791","ALMARAI COOKING CREAM SCREWCAP 1LTR","PCS","CTN","6281007031790","310.5"
"3020002803","ALMARAI LABANA UP 200ML","PCS","OUT","6281007026055","5.75"
"3020002803","ALMARAI LABANA UP 200ML","PCS","OUT2","6281007049818","11.442499999999999"
"3020002845","UNIKAI UHT MILK 1LITRE","PCS","OUT","6291034147821","15.525"
"3020002845","UNIKAI UHT MILK 1LITRE","PCS","CTN","3030000000565","56.3385"
"3020002866","ALMARAI UHT MILK F/F W/VITAMIN 1LTR","PCS","OUT","6281007032391","21.8385"
"3020002866","ALMARAI UHT MILK F/F W/VITAMIN 1LTR","PCS","CTN","6281007032308","67.85"
"3020002867","ALMARAI UHT MILK L/F W/VITAMIN 1LTR","PCS","OUT","6281007032407","24.138499999999997"
"3020002867","ALMARAI UHT MILK L/F W/VITAMIN 1LTR","PCS","OUT","6281007072328","24.138499999999997"
"3020002867","ALMARAI UHT MILK L/F W/VITAMIN 1LTR","PCS","CTN","6281007032315","82.8"
"3020002867","ALMARAI UHT MILK L/F W/VITAMIN 1LTR","PCS","CTN","6281007072144","82.8"
"3020002868","ALMARAI UHT MILK F/FREE W/VITAMIN 1LTR","PCS","OUT","6281007032414","25.875"
"3020002868","ALMARAI UHT MILK F/FREE W/VITAMIN 1LTR","PCS","CTN","6281007032322","77.05000000000001"
"3020002887","ALMARAI SAGHIRI CHOCOLATE UHT MILK 150ML","PCS","OUT","6281007035569","12.014625"
"3020002887","ALMARAI SAGHIRI CHOCOLATE UHT MILK 150ML","PCS","CTN","6281007035576","34.957125"
"3020002889","ALMARAI SAGHIRI PLAIN UHT MILK 150ML","PCS","OUT","6281007035620","12.014625"
"3020002889","ALMARAI SAGHIRI PLAIN UHT MILK 150ML","PCS","CTN","6281007035637","34.957125"
"3020002894","AL RAWABI F/C LONG LIFE MILK 1LTR","PCS","OUT","6291030109731","21.5625"
"3020002895","AL RAWABI L/F LONG LIFE MILK 1LTR","PCS","OUT","6291030109748","21.85"
"3020002899","ALMARAI UHT MILK NIJOOM SRAWBERRY 150ML 5+1 FREE","PCS","OUT","6281007039048","11.7875"
"3020002899","ALMARAI UHT MILK NIJOOM SRAWBERRY 150ML 5+1 FREE","PCS","OUT","6281007070454","11.7875"
"3020002901","ALMARAI UHT MILK NIJOOM VANILLA 200ML","PCS","OUT","6281007038843","12.075"
"3020002901","ALMARAI UHT MILK NIJOOM VANILLA 200ML","PCS","CTN","6281007038850","36.225"
"3020002902","ALMARAI UHT MILK NIJOOM BANANA 200ML","PCS","OUT","6281007038874","12.075"
"3020002902","ALMARAI UHT MILK NIJOOM BANANA 200ML","PCS","CTN","6281007038881","36.225"
"3020002903","AL RAWABI FRESH UPLABAN DRINK 200ML","PCS","OUT","6291030000342","6.0375"
"3020002905","ALMARAI UHT MILK NIJOOM CHOCLATE 150ML B4G2","SIZE-1","OFFER","6281007038478","11.7875"
"3020002905","ALMARAI UHT MILK NIJOOM CHOCLATE 150ML B4G2","SIZE-1","OFFER","6281007039031","11.7875"
"3020002905","ALMARAI UHT MILK NIJOOM CHOCLATE 150ML B4G2","SIZE-1","OFFER","6281007040969","11.7875"
"3020002905","ALMARAI UHT MILK NIJOOM CHOCLATE 150ML B4G2","SIZE-1","OFFER","6281007070461","11.7875"
"3020002913","AL RAWABI CHOCLATE LONG LIFE MILK 200ML","PCS","OUT","6291030000021","9.66"
"3020002913","AL RAWABI CHOCLATE LONG LIFE MILK 200ML","PCS","CTN","6291030109663","26.565"
"3020002914","AL RAWABI STRAWBERRY LONG LIFE MILK 200ML","PCS","OUT","6291030000014","9.66"
"3020002914","AL RAWABI STRAWBERRY LONG LIFE MILK 200ML","PCS","CTN","6291030109670","26.565"
"3020002915","ALMARAI UHT MILK NIJOOM VANILLA 150ML","PCS","OUT","6281007070485","11.442499999999999"
"3020002918","ALMARAI UHT MILK NIJOOM BANANA 150ML","PCS","OUT","6281007070478","12.075"
"3020002919","SAFA LABAN UP 300 ML","PCS","OUT","6291044000123","9.775"
"3021000226","AL AIN FRESH YOUGHT LOW FAT 170GM","PCS","OUT","2009000441965","10.6375"
"3021000332","AL AIN UP 200 ML","PCS","OUT","6291056055600","10.0625"
"3021000344","AL AIN NATURAL YOGHURT 170 GR","PCS","OUT","2009000441972","11.4885"
"3021000381","MARMUM NATURAL YOGHURT 170GR","PCS","OUT","2009000441941","10.0625"
"3021000381","MARMUM NATURAL YOGHURT 170GR","PCS","CTN","2004000247524","60.375"
"3021000386","MARMUM FULL CREAM LABAN 2 LT (PROACTIV)","PCS","CTN","2004000247562","141.1625"
"3021000399","MILCO YOGHURT 170GR","PCS","CTN","6291021111514","24.138499999999997"
"3021000401","MILCO YOGHURT 100 CC","PCS","CTN","6291021111569","6.612500000000001"
"3021000401","MILCO YOGHURT 100 CC","PCS","CTN","6291044001106","6.612500000000001"
"3021000401","MILCO YOGHURT 100 CC","PCS","OUT","6291016008713","6.612500000000001"
"3021000430","ALMARAI FRESH YOGHURT FULL FAT 170GR","PCS","OUT","6281007040877","8.912615"
"3021000432","ALMARAI FRESH YOGHURT LOW FAT 170GR","PCS","OUT","6281007040952","8.912615"
"3021000451","MARMUM FRESH YOGHURT 100GR","PCS","OUT","2000003285129","7.4750000000000005"
"3021000453","ALMARAI ZABADI SKIMMED 170GR","PCS","OUT","2009000441989","8.912615"
"3021000453","ALMARAI ZABADI SKIMMED 170GR","PCS","OUT","6281007022071","8.912615"
"3021000458","PINAR LABANEH 750GR","PCS","CTN","2004000177722","908.5001149999999"
"3021000459","PINAR LABANEH 400 GR","PCS","CTN","2004000177739","747.5"
"3021000462","PINAR LABANEH WITH ZATTAR 200GR","PCS","CTN","2004000177760","677.925"
"3021000468","ABU DHABI LABAN UP 200ML","PCS","OUT","1000121660410","10.925"
"3021000468","ABU DHABI LABAN UP 200ML","PCS","OUT","6291074723207","10.925"
"3021000480","SAFA YOGHURT 180 GR","PCS","OUT","6291074087125","8.912615"
"3021000480","SAFA YOGHURT 180 GR","PCS","CTN","2006000384254","17.825"
"3021000490","RAINBOW MILK FULL FAT 1LT","PCS","OUT","6281021331203","20.124885000000003"
"3021000490","RAINBOW MILK FULL FAT 1LT","PCS","CTN","6281021323802","59.742270000000005"
"3021000490","RAINBOW MILK FULL FAT 1LT","PCS","CTN","6281021331005","59.742270000000005"
"3021000491","RAINBOW MILK LOW FAT 1LT","PCS","OUT","6281021341103","18.975"
"3021000491","RAINBOW MILK LOW FAT 1LT","PCS","CTN","6281021341004","56.637499999999996"
"3021000494","PUCK LABNEH 650 GR","PCS","CTN","6281048092057","236.6125"
"3021000556","MARMUM YOUGHURT LOW FAT 170GR","PCS","OUT","2009000441958","10.35"
"3021000569","PUCK LABNEH 400GR","PCS","CTN","2007000403310","200.1"
"3021000578","CHTOORA YOGHURT 200GR","PCS","OUT","2008000411435","8.150625000000002"
"3021000578","CHTOORA YOGHURT 200GR","PCS","OUT","6291029130074","8.150625000000002"
"3021000580","PINAR LABNEH LIGHT 400GR","PCS","CTN","2008000421427","654.35"
"3021000602","AL RAWABI YOGHURT LOW FAT 170GR","PCS","OUT","2009000007628","9.200000000000001"
"3021000618","AL AIN YOGHURT 100GR","PCS","OUT","6291056068944","7.4750000000000005"
"3021000628","KIRI LABNEH 200GR","PCS","CTN","2010198007932","267.6625"
"3021000629","KIRI LABNEH 350GR","PCS","CTN","2010198007949","210.45000000000002"
"3021000640","FRESHCO YOGHURT FULL FAT 160G","PCS","OUT","6291074918245","8.337499999999999"
"3021000652","ALMARAI VETAL FRUIT YOGHURT MANGO 120G","PCS","OFFER","6281007024228","5.433749999999999"
"3021000670","YOPLAIT PETIT FILOUS STRAWBERRY4X50G","PCS","OUT","6291100852253","13.5125"
"3021000671","YOPLAIT PETIT FILOUS PEACH50G","PCS","OUT","6291100852260","13.5125"
"3021000677","YOPLAIT PETITS FILOUS RASPBERRY 4X50G","PCS","OUT","6291105810142","13.5125"
"3021000694","AL RAWABI FULL CREAM YOUG 90GM","PCS","OUT","6291030400043","7.4750000000000005"
"3021000695","AL RAWABI LOW FAT YOUG 90GM","PCS","OUT","6291030940013","7.1875"
"3021000698","ALMARAI VETAL LAYERED STRB YOGHURT 140GM","PCS","OUT","6281007072014","14.0875"
"3021000702","ALMARAI VETAL YOG LAYERED BLACK CHERRY 140GM","PCS","OUT","6281007072021","14.0875"
"3021000710","SAFA LABAN UP TETRA 200ML","PCS","OUT2","6291044000178","5.6925"
"3021000710","SAFA LABAN UP TETRA 200ML","PCS","OUT","6291044112314","11.2125"
"3021000716","ALMARAI YOGHURT FULL FAT 90 GM","PCS","OFFER","6281007037297","3.6225"
"3022000066","ALMARAI CUSTARD CHOCOLATE 85GR","PCS","OFFER","6281007334921","6.943125"
"3022000069","ALMARAI CUSTARD VANILLA 85G","PCS","OFFER","6281007333429","7.4750000000000005"
"3022000069","ALMARAI CUSTARD VANILLA 85G","PCS","OUT","6281007315722","7.4750000000000005"
"3022000098","ALMARAI CREME CARAMEL 100G","PCS","OUT","6281007026260","10.6375"
"3022000098","ALMARAI CREME CARAMEL 100G","PCS","OUT","6281007027106","10.6375"
"3022000098","ALMARAI CREME CARAMEL 100G","PCS","OUT","6281007072038","10.6375"
"3023000375","MARMUM ORANGE / CARROT JUICE 2 LT","PCS","CTN","2004000247791","90.5625"
"3023000376","MARMUM ORANGE JUICE 2.5LT","PCS","CTN","2004000247821","93.15"
"3023000389","MILCO FRESH JUICES ORANGE 250ML","PCS","CTN","6291021151021","10.0625"
"3023000390","MILCO FRESH JUICES MANGO 250ML","PCS","OUT","2004000247876","10.0625"
"3023000391","MILCO FRESH JUICES COCKTAIL 250ML","PCS","CTN","62910211610521","10.0625"
"3023000392","MILCO FRESH JUICE APPLE 250ML","PCS","CTN","6291021161069","10.0625"
"3023000393","MILCO FRUIT DRINK ORANGE 250ML","PCS","OUT","6291016223215","15.2375"
"3023000393","MILCO FRUIT DRINK ORANGE 250ML","PCS","CTN","6291016223413","45.712500000000006"
"3023000394","MILCO FRUIT DRINK MANGO 250 ML","PCS","OUT","6291016223222","14.8925"
"3023000394","MILCO FRUIT DRINK MANGO 250 ML","PCS","CTN","6291016223420","44.275"
"3023000615","DEL MONTE PINEAPPLE JUICE 100% UN SWEETENED 240 ML","PCS","CTN","2007000387924","101.2"
"3023000616","DEL MONTE PINEAPPLE CRUSH (W/FRUIT BITS) 240 ML","PCS","CTN","2007000387931","129.95"
"3023000624","MILCO FRUIT DRINK COCKTAIL 250ML","PCS","OUT","2007000387788","14.8925"
"3023000624","MILCO FRUIT DRINK COCKTAIL 250ML","PCS","OUT","6291016223239","14.8925"
"3023000624","MILCO FRUIT DRINK COCKTAIL 250ML","PCS","CTN","6291016223437","44.275"
"3023000780","FRESHCO UHT JUICE ORANGE 200 ML","PCS","OUT","6291074636019","10.0625"
"3023000780","FRESHCO UHT JUICE ORANGE 200 ML","PCS","CTN","6291074637016","39.675"
"3023000781","FRESHCO UHT JUICE MANGO 200 ML","PCS","OUT","6291074636026","10.0625"
"3023000781","FRESHCO UHT JUICE MANGO 200 ML","PCS","CTN","6291074637023","39.675"
"3023000782","FRESHCO UHT JUICE COCKTAIL 200ML","PCS","OUT","6291074636033","12.075"
"3023000782","FRESHCO UHT JUICE COCKTAIL 200ML","PCS","CTN","6291074637054","43.46999999999999"
"3023004409","ROBINSON FRT SHOOT AP/B CR200","PCS","OUT","5010102105409","9.599625000000001"
"3026000003","PAYSAN BRETON WHIPPING CREAM 1LT","PCS","CTN","2005000317231","603.75"
"3026000004","PAYSAN BRETON WHIPPING CREAM 200ML","PCS","CTN","2005000317224","341.55"
"3026000005","PAYSAN BRETON WIPPIED CREAM 250ML","PCS","CTN","2005000317217","389.5625"
"3026000006","PUCK WHIPPING CREAM 200 ML","PCS","CTN","2004000190974","310.5"
"3026000007","PUCK WHIPPING CREAM 500 M@15% OFF","PCS","OFFER","6291021917345","20.987614999999998"
"3026000007","PUCK WHIPPING CREAM 500 M@15% OFF","PCS","CTN","2004000190981","422.625"
"3026000008","PUCK WHIPPING CREAM 1 LT","PCS","CTN","2004000190998","426.65"
"3026000019","PUCK COOKING CREAM 1LTR","PCS","CTN","2013011046675","431.25"
"3026000020","PUCK SPRAY CREAM 250GR","PCS","CTN","2013011046682","293.25"
"3027000109","GALAXY CHOCOLATE CAKE 5 PCS","PCS","CTN","4011100985377","243.51250000000002"
"3027000110","GALAXY CARAMEL CAKE 5 PCS150G","PCS","CTN","2005000324543","227.125"
"3027000111","GALAXY VANILLA CAKE 5 PCS","PCS","CTN","4011100985384","220.79999999999998"
"3027000119","AMERICANA CHOCO WAFER 32GR","PCS","OUT","6281033242719","13.222125"
"3027000119","AMERICANA CHOCO WAFER 32GR","PCS","CTN","2008000416638","154.56"
"3027000120","AMERICANA DOUBLE CHOCOLATE 45GR","PCS","OUT","6281033214655","13.799999999999999"
"3027000120","AMERICANA DOUBLE CHOCOLATE 45GR","PCS","CTN","2008000416645","109.25"
"3027000139","AMERICANA M\R S\B 120GR","PCS","CTN","2010198000827","142.8875"
"3028000053","NESTLE CREAM 160GR","PCS","CTN","07891000040881","349.3125"
"3028000054","NESTLE STERLIZED CREAM HONEY 170GR","PCS","CTN","2004000281634","286.2925"
"3028000054","NESTLE STERLIZED CREAM HONEY 170GR","PCS","CTN","7616100425525","286.2925"
"3028000055","NESTLE STERLIZED CREAM BANANA 170 GR","PCS","CTN","7616100425501","248.4"
"3028000063","PUCK STERLIZED CREAM STRAWBERRY170 GR","PCS","CTN","5760466913812","106.26"
"3028000064","PUCK STERLIZED CREAM HONEY 170GR","PCS","CTN","5760466913829","112.98750000000001"
"3028000066","NESTLE S/COND.MILK 397GR","PCS","CTN","2004000148777","553.725"
"3028000066","NESTLE S/COND.MILK 397GR","PCS","CTN","7613036135962","553.725"
"3028000066","NESTLE S/COND.MILK 397GR","PCS","CTN","7616100994137","553.725"
"3028000067","PUCK STER. CREAM  170GR","PCS","OUT","6291021915679","26.263125"
"3028000067","PUCK STER. CREAM  170GR","PCS","CTN","5760466913836","207.69"
"3028000068","ALMARAI STERLIZED CREAM 170ML","PCS","CTN","6281007043090","296.7"
"3028000068","ALMARAI STERLIZED CREAM 170ML","PCS","CTN","6281007245104","296.7"
"3028000071","PUCK STERILISED HALF CREAM 170GR","PCS","CTN","2007000398531","99.015"
"3028000089","NESTLE CONDENSED MILK FAT FREE 405G","PCS","CTN","2011011022927","633.9375"
"3028000098","ALMARAI LONG LIFE CREAM F/F 95G","PCS","CTN","6281007032902","229.425"
"3028000099","ALMARAI LONG LIFE CREAM L/F 170G","PCS","CTN","6281007032438","265.65000000000003"
"3029000043","FRICO MAASDAM CHEESE SLICE 150GR","PCS","CTN","2005000317309","188.3125"
"3029000044","FRICO EMMENTAL 220GR","PCS","CTN","2005000317248","524.975"
"3029000063","LAVACHEQUI CHEESE DIPPERS 140GR","PCS","CTN","2005000321306","187.1625"
"3029000067","PITTAS ANARI CHEESE 200GR","PCS","CTN","2006000367004","563.5"
"3029000078","VONK PARMESAN CHEESE POWDERED 150GR","PCS","CTN","2008000424855","942.9999999999999"
"3101000028","SUNBULAH GARDEN PEAS 450GR","PCS","CTN","2005000323973","128.8"
"3101000049","HEINZ GARDEN PEAS 450GR","PCS","CTN","2006000371476","270.25"
"3101000050","HEINZ GARDEN PEAS 900GR","PCS","CTN","2006000371483","247.25"
"3101000053","SUNBULAH GREEN PEAS 900GR","PCS","CTN","2004000225911","236.9"
"3101000056","G.GIANT GREEN PEAS 900GR","PCS","CTN","2005000317538","285.2"
"3101000061","GOLD ALEX PEAS 400GR","PCS","CTN","2009000441200","174.51250000000002"
"3101000093","AL AIN GREEN PEAS 400GR","PCS","CTN","2009000439504","298.425"
"3101000094","AL AIN GREEN PEAS 900GR","PCS","CTN","2009000439511","298.425"
"3102000018","GOLD ALEX PEAS&CARROTS FROZEN 400GR","PCS","CTN","2004000210016","117.3"
"3102000024","DAT SCHAUB PEAS & CARROT 450G","PCS","CTN","2011011027366","211.3125"
"3102000025","DAT SCHAUB PEAS & CARROT 900G","PCS","CTN","2011011027373","172.5"
"3102000027","SUNBULAH PEAS & CARROTS 450GR","PCS","OFFER","6291058108952","12.376875"
"3102000027","SUNBULAH PEAS & CARROTS 450GR","PCS","CTN","2013011045630","132.25"
"3102000028","SUNBULAH PEAS & CARROTS 900GR","PCS","CTN","2013011045647","227.64249999999998"
"3102000029","G.GIANT PEAS&DICED CARROTS 450GM","PCS","CTN","2014011049086","296.7"
"3103000010","G.GIANT WHOLE GREEN BEANS 900GR","PCS","CTN","2014011049079","216.2"
"3103000031","AL AIN GREEN BEANS 400GR","PCS","CTN","2009000439528","287.5"
"3103000036","DAT SCHAUB GREEN PEAS 450G","PCS","CTN","2011011027328","180.55"
"3103000037","DAT SCHAUB GREEN PEAS 900G","PCS","CTN","2011011027335","174.8"
"3104000039","G.GIANT MIXED VEG. 450 GR","PCS","CTN","2005000315527","324.29999999999995"
"3104000040","G.GIANT PEAS GARDEN 450 GR","PCS","CTN","2005000315534","324.29999999999995"
"3104000041","DAT SCHAUB MIX VEGITABLE 900G","PCS","CTN","2005000316784","181.70000000000002"
"3104000067","HEINZ MIXED VEG. 450GR","PCS","CTN","2006000371490","292.1"
"3104000068","HEINZ MIXED VEG. 900GR","PCS","CTN","2006000371506","241.5"
"3104000071","SUNBULAH MIXED VEGETABLE 450 GR","PCS","CTN","2004000225935","127.9375"
"3104000072","SUNBULAH MIXED VEGETABLE 900GR","PCS","CTN","2004000225942","241.5"
"3104000074","G.GIANT MIX VEGETABLE 900GR","PCS","CTN","2005000318825","286.925"
"3104000075","G.GIANT MIX VEGETABLES W/O CORN 900GR","PCS","CTN","2004000205364","270.825"
"3104000077","GOLD ALEX MIX VEGETABLE FROZEN 400GR","PCS","CTN","2004000210023","103.5"
"3104000118","AL AIN MIXED VEG. 400GR","PCS","CTN","2009000439481","239.20000000000002"
"3104000119","AL AIN MIXED VEG. 900GR","PCS","CTN","2009000439498","284.05"
"3104000147","DAT SCHAUB MIX VEGITABLE 450G","PCS","CTN","2011011027397","185.15"
"3104000149","G.GIANT CORN ON COB 6 EARS","PCS","CTN","2014011049062","227.125"
"3105000019","GOLD ALEX OKRA NO(0) 400GR","PCS","OUT","200400149267111","10.0625"
"3105000019","GOLD ALEX OKRA NO(0) 400GR","PCS","CTN","20040002100301","201.25"
"3105000036","AL AIN OKRA #0 400GR","PCS","CTN","2009000439573","283.9925"
"3105000038","DAT SCHAUB OKRA -0 400G","PCS","CTN","2011011027427","126.50000000000001"
"3105000039","SUNBULAH OKRA ZERO 400GM","PCS","OFFER","6291058108969","14.375"
"3105000039","SUNBULAH OKRA ZERO 400GM","PCS","CTN","2011011031264","218.5"
"3106000023","GOLD ALEX SPINACH 400GR","PCS","OUT","2004001492633","17.537499999999998"
"3106000023","GOLD ALEX SPINACH 400GR","PCS","CTN","2004000210054","115"
"3106000043","AL AIN CHOPPED SPINACH 400G","PCS","CTN","2012011036907","257.6"
"3106000046","SUNBULAH SPINACH 400GM","PCS","OFFER","6291058108983","6.64125"
"3106000047","AL AIN WHOLE LEAF SPINACH 400GM","PCS","CTN","2014011049482","307.05"
"3107000019","GOLD ALEX MULUKHYA 400 GR","PCS","CTN","2004000210061","146.05"
"3107000035","AL AIN MOLOKHIYA 400GR","PCS","CTN","2009000439566","138"
"3107000041","SUNBULAH MULOKHIA 400GR","PCS","OFFER","6291058108976","6.64125"
"3107000041","SUNBULAH MULOKHIA 400GR","PCS","CTN","2013011045616","93.725"
"3109000015","GOLD ALEX GREEN BEANS CUT 400GR","PCS","CTN","2004000210092","105.80000000000001"
"3110000019","G.GIANT NIBLETS CORN 453 GR","PCS","CTN","2004000149286","193.2"
"3110000029","HEINZ SWEET CORN 450GR","PCS","CTN","2006000371513","317.28499999999997"
"3110000030","HEINZ SWEET CORN 900GR","PCS","CTN","2006000371520","287.5"
"3110000034","G.GIANT NIBLETS CORN 1KG","PCS","CTN","2014011049055","299"
"3110000035","G.GIANT COR ON COB 4PCS","PCS","CTN","2004000205401","295.8375"
"3110000037","SUNBULAH SWEET CORN 450 GR","PCS","OFFER","6281073901874","12.362499999999999"
"3110000037","SUNBULAH SWEET CORN 450 GR","PCS","OFFER","6291058108921","12.362499999999999"
"3110000037","SUNBULAH SWEET CORN 450 GR","PCS","CTN","2004000226321","191.9925"
"3110000048","AL AIN SWEET CORN 500GR","PCS","CTN","2009000439542","396.75"
"3110000049","AL AIN SWEET CORN 1KG","PCS","CTN","2009000439559","264.5"
"3110000055","DAT SCHAUB CUT BEANS 450G","PCS","CTN","2011011027304","189.175"
"3110000056","DAT SCHAUB CUT BEANS 900G","PCS","CTN","2011011027311","184.000115"
"3112000018","SUNBULAH BROAD BEANS 450 GR","PCS","OFFER","6281073901850","13.7885"
"3112000018","SUNBULAH BROAD BEANS 450 GR","PCS","OFFER","6291058108907","13.7885"
"3112000018","SUNBULAH BROAD BEANS 450 GR","PCS","CTN","2004000225676","212.75"
"3112000019","SUNBULAH BROAD BEANS 900GR","PCS","CTN","2004000225683","412.84999999999997"
"3112000020","SUNBULAH GREEN BEANS CUT 450 GR","PCS","CTN","2004000225959","152.95000000000002"
"3112000021","SUNBULAH GREEN BEANS CUT 900GR","PCS","CTN","2004000225966","299"
"3112000022","GOLD ALEX LIMA BEANS 400GR","PCS","CTN","2004000210085","184.000115"
"3112000037","DAT SCHAUB BROAD BEANS 450G","PCS","CTN","2011011027342","307.625"
"3112000038","DAT SCHAUB BROAD BEANS 900G","PCS","CTN","2011011027359","302.45"
"3113000006","GOLD ALEX ARTISHOKE FROZEN 400GR","PCS","CTN","2004000210115","269.09999999999997"
"3114000018","SADIA BEEF FRANKS 340GR","PCS","CTN","2004000217657","199.23749999999998"
"3114000041","ROSE CHICKEN FRANKS 400G","PCS","CTN","2011011022255","134.54999999999998"
"3115000048","EMBORG FRENCH FRIES S/CUT 1KG","PCS","CTN","4006795621044","144.325"
"3115000051","EMBORG F/FRIES S/CUT2.5KG","PCS","CTN","2004000151944","109.24976999999998"
"3115000078","AL AREESH FRENCH FRIES 2.5KG","PCS","CTN","2005000319884","70.725"
"3115000121","FARM FRITES GEKO F\FRIES 2.5KG","PCS","OFFER","3421070712599","14.791875000000003"
"3115000122","SUNBULAH POTATO 1KG","PCS","CTN","2008000431532","142.025"
"3115000123","SUNBULAH POTATO 2.5KG","PCS","CTN","2008000431549","144.325"
"3115000127","AL AIN FRENCH FRIES 1KG","PCS","CTN","2009000439580","126.50000000000001"
"3115000128","AL AIN FRENCH FRIES 2.5KG","PCS","CTN","2009000439597","108.675"
"3115000139","DAT SCHAUB FRENCH FRIES 1KG","PCS","CTN","2011011027403","143.75"
"3115000140","DAT SCHAUB FRENCH FRIES 2.5KG","PCS","CTN","2011011027410","140.29999999999998"
"3115000154","AL AIN FRENCH FRIES THIN CUT 750GM","PCS","CTN","2014011049468","227.7"
"3115000155","AL AIN FRENCH FRIES CRINCKLE CUT 750GM","PCS","CTN","2014011049451","230"
"3115000156","AL AIN FERNCH FRI H/S WEDGES 750GM","PCS","CTN","2014011049475","270.25"
"3117000030","SUNBULAH STRAWBERRY 800GR","PCS","OFFER","6291058109003","15.2375"
"3117000030","SUNBULAH STRAWBERRY 800GR","PCS","CTN","2013011045623","151.8"
"3120000089","SADIA CHICKEN GRILLER 800GR","PCS","CTN","7893000075610","163.875"
"3120000089","SADIA CHICKEN GRILLER 800GR","PCS","CTN","7893000075702","163.875"
"3120000090","SADIA CHICKEN GRILLER 900GR","PCS","CTN","7893000075627","235.74999999999997"
"3120000090","SADIA CHICKEN GRILLER 900GR","PCS","CTN","7893000075719","235.74999999999997"
"3120000090","SADIA CHICKEN GRILLER 900GR","PCS","CTN","7893000075818","235.74999999999997"
"3120000102","SADIA BR.CH.NUGGET 270GR","PCS","CTN","2004000152309","368"
"3120000103","SADIA BREADED NUGGETS AND CHEESE 270GR","PCS","CTN","2012011038642","356.5"
"3120000212","DOUX CHICKEN FROZEN 1100GR","PCS","CTN","3280316007833","200.1"
"3120000214","DOUX CHICKEN FROZEN 900GR","PCS","CTN","3280316007819","172.5"
"3120000218","DOUX CHICKEN FROZEN 1000GR","PCS","CTN","3280316007826","157.55"
"3120000350","SADIA CHICKEN GRILLER 1200GR","PCS","CTN","7893000075658","245.81250000000003"
"3120000350","SADIA CHICKEN GRILLER 1200GR","PCS","CTN","7893000075764","245.81250000000003"
"3120000362","SADIA CHICKEN GRILLER 1100GR","PCS","CTN","7893000075641","195.5"
"3120000362","SADIA CHICKEN GRILLER 1100GR","PCS","CTN","7893000075733","195.5"
"3120000491","SADIA CHICKEN GRILLER 1000GR","PCS","CTN","7893000075634","204.70000000000002"
"3120000491","SADIA CHICKEN GRILLER 1000GR","PCS","CTN","7893000075726","204.70000000000002"
"3120000530","ASAFFA GRILLER CHICKEN 800GM","PCS","CTN","2011011022330","157.4925"
"3120000532","ASAFFA GRILLER CHICKEN 1000GM","PCS","CTN","2011011022354","208.150115"
"3120000532","ASAFFA GRILLER CHICKEN 1000GM","PCS","CTN","6291101360535","208.150115"
"3120000533","ASAFFA GRILLER CHICKEN 1100G","PCS","CTN","2011011022361","228.85"
"3120000533","ASAFFA GRILLER CHICKEN 1100G","PCS","CTN","6291101360542","228.85"
"3120000534","ASAFFA GRILLER CHICKEN 1200GM","PCS","CTN","2011011022378","287.5"
"3120000534","ASAFFA GRILLER CHICKEN 1200GM","PCS","CTN","6291101360559","287.5"
"3120000559","AMERICANA CHICKEN WHOLE900GR","PCS","CTN","2013011046781","147.91875"
"3120000560","AMERICANA CHICKEN WHOLE1000GR","PCS","CTN","2013011046798","164.22000000000003"
"3120000561","AMERICANA CHICKEN WHOLE 1100GR","PCS","CTN","2013011046804","180.52125"
"3120000561","AMERICANA CHICKEN WHOLE 1100GR","PCS","CTN","6281050114600","180.52125"
"3120000576","AL AREESH BLOCK CHICKEN BREAST 2KG","PCS","OFFER","6290360340913","52.612500000000004"
"3120000578","BANVIT CHICKEN GRILLER 1000G","PCS","CTN","2470512100006","123.04908"
"3120000579","BANVIT CHICKEN GRILLER 1100G","PCS","CTN","2470513110004","132.82500000000002"
"3120000580","BANVIT CHICKEN SHAWARMA 200G","PCS","CTN","2470478064008","408.25"
"3121000031","SADIA DRUMSTICK B/I S/O 900GR","PCS","CTN","2004000217633","218.5"
"3121000045","TYSON CHICKEN DRUMSTICKS 900GM","PCS","CTN","2011011022217","181.70000000000002"
"3121000047","PERDIX CHICKEN DRUMSTICK 900G","PCS","CTN","7891515889937","247.5375"
"3121000048","SADIA CHICKEN DRUMSTICK 900G","PCS","PCS-2","7891515543037","8.0385"
"3123000032","SADIA BREAST B/L S/L 2.5 KG","PCS","CTN","7893000456914","197.79999999999998"
"3123000033","SADIA BREADED CHICKEN BREASTS 480 GR","PCS","CTN","2004000151647","89.125"
"3123000036","SADIA BREAST B/L S/L 450 GR","PCS","CTN","2004000217640","529"
"3123000048","ZEINA CHICKEN BREAST 2KG","PCS","CTN","2008000425852","190.785"
"3123000064","FRESHLY TENDER CHICKEN BREAST900GM","PCS","OFFER","6291102146633","34.957125"
"3123000065","FRESHLY CHICKEN BREAST450GM","PCS","OFFER","6291102145872","17.810625"
"3123000088","BANVIT CHKN BREAST TENDER 1000G","PCS","CTN","2470750120002","385.25"
"3124000013","SADIA WINGS 50GM UP 900GR","PCS","CTN","2004000152095","295.548965"
"3124000019","PERDIX CHICKEN WINGS 900G","PCS","CTN","7891515889913","259.61249999999995"
"3125000011","SADIA THIGHS B/I S/O 70/150 900GR","PCS","CTN","2004000169222","276"
"3125000026","PERDIX CHICKEN THIGHS 900GM","PCS","CTN","7891515889920","227.01"
"3126000009","SADIA LIVERS 450GR","PCS","CTN","7893000463515","171.35"
"3126000015","PERDIX CHICKEN LIVER 450G","PCS","CTN","7891515890001","126.78750000000001"
"3127000010","SADIA GIZZARDS 450 GR","PCS","CTN","2004000217824","201.25"
"3127000014","PERDIX CHICKEN GIZZARDS 450GM","PCS","CTN","7891515890018","163.875"
"3128000010","ASTRA FROZEN QUALITY QUAIL 600GR","PCS","CTN","2004001498574","627.9"
"3128000013","AL SEMMAN JUMBO QUAILS 600GR","PCS","CTN","2008000425999","373.75"
"3128000015","AL SEMMAN JUMBO QUAILS 6 S","PCS","CTN","2010198011236","338.09999999999997"
"3132000062","AL AREESH CHICKEN NUGGETS PLAIN 270GR","PCS","CTN","2005000319709","414"
"3132000066","AMERICANA CRAZY (HAPPY)NUGGETS 400GR","PCS","CTN","2005000322662","483"
"3132000067","AMERICANA CHICKEN POP CORN 400GR","PCS","OUT","3030000000401","51.4625"
"3132000067","AMERICANA CHICKEN POP CORN 400GR","PCS","CTN","2005000322686","461.15"
"3132000083","AMERICANA CRAZY(HAPPY)NUGGETS 2X400GR","PCS","OFFER","6281050214447","37.375"
"3132000110","AMERICANA CHICKEN NUGGETS 400G","PCS","CTN","2011011020800","488.75"
"3132000138","BANVIT CHICKEN NUGGETS 280G","PCS","CTN","2470471067204","309.34999999999997"
"3138000028","ARCTIC COOKING SHRIMPS 1KG","PCS","CTN","2004000282709","257.3125"
"3138000031","AL AREESH SHRIMP XL 1KG","PCS","CTN","2006000360333","1149.9425"
"3138000034","AMERICANA MEDIUM SHRIMP 400GR","PCS","CTN","2006000362580","506.00000000000006"
"3140000013","AL AREESH COOKING SHRIMPS 1KG BAG","PCS","CTN","2005000319792","344.13750000000005"
"3140000033","AMERICANA MUTTON MINCED 400GR","PCS","CTN","2004000189831","229.99976999999998"
"3141000014","ARCTIC GROUND BEEF 800GR","PCS","CTN","2004000163701","218.5"
"3141000038","AL KABEER BEEF MINCE 1LB","PCS","CTN","2010198010178","410.54999999999995"
"3141000039","AL KABEER MUTTON MINCE 400GM","PCS","CTN","2010198010185","212.75"
"3141000040","AL KABEER CHICKEN MINCE 400GM","PCS","CTN","2010198010192","235.74999999999997"
"3141000042","AL TAMAM BOBBY VEAL 900GM","PCS","CTN","2011011022187","460"
"3142000020","SADIA CH.FRANKS 340GR","PCS","CTN","2005000343629","156.975"
"3142000034","AMERICANA MINCED CHICKEN 400GR","PCS","CTN","2009000447776","230"
"3143000009","AMERICANA SHISH TAOUK CHICKEN 480 GR","PCS","CTN","2004000190004","479.55"
"3144000010","AL AREESH BREADED CHICKEN FILLET 330GR","PCS","CTN","2005000319693","283.7625"
"3145000103","AL AREESH TANDOORI CHICKEN TIKKA 240GR","PCS","CTN","2005000319754","280.600115"
"3145000106","AMERICANA CHICKEN BURGER 12 S UNBREADED 680 GR","PCS","CTN","2004000189305","459.71250000000003"
"3145000107","AMERICANA CHICKEN BURGER HOT 678GR","PCS","CTN","2004000189312","581.9"
"3145000108","AMERICANA CALIFORNIA BURGER 1344GR","PCS","CTN","2004000189336","503.7"
"3145000110","AMERICANA CHICKEN BURGER 226GR","PCS","CTN","2004000189367","251.5625"
"3145000111","AMERICANA 4-HAMBURGER 224GR","PCS","CTN","2004000189459","209.3"
"3145000112","AMERICANA HAMBURGER 8 S 448GR","PCS","CTN","2004000189466","289.8"
"3145000113","AMERICANA HAMBURGER 1344GR","PCS","CTN","2004000189473","531.3000000000001"
"3145000114","AMERICANA H/B KABIR AL HAJM 1 KG","PCS","CTN","2004000189480","471.49999999999994"
"3145000151","AMERICANA CHICKEN BURGER 1344GR","PCS","CTN","2008000435486","469.2"
"3145000162","AMERICANA CHICKEN BURGER 678GM","PCS","CTN","2010198007093","591.0425000000001"
"3145000179","SADIA CHICKEN BURGER 4PCS 224GM","PCS","CTN","2015011052403","253.00000000000003"
"3145000183","BANVIT CHICKEN BURGER 1000G","PCS","CTN","2470748110008","300.15"
"3146000070","AMERICANA BEEF BURGER 20 PCS 1KG","PCS","CTN","2011011020770","369.15"
"3146000091","SADIA BEEF BURGER 20X50G(1000G)","PCS","OFFER","6297000173214","28.919625"
"3146000093","SADIA C/BURGER20+4X50G(100","PCS","OFFER","6297000173238","27.3125"
"3146000098","SADIA BEEF BURGER SPICY&ONION 4PC 224 GM","PCS","CTN","2015011052410","267.0875"
"3148000014","ARCTIC BEEF MEAT BALLS 375GR","PCS","CTN","2004000282501","261.05"
"3148000024","ARCTIC CHICKEN MEAT BALLS 375GR","PCS","CTN","2004000282587","261.05"
"3148000025","AMERICANA BEEF BALLS 400GR","PCS","CTN","2004000189176","306.475"
"3148000032","AL KABEER BEEF CUBE 2LB","PCS","CTN","2010198010161","506.00000000000006"
"3149000021","AMERICANA VANILLA CREAM 60GR","PCS","OUT","6281033209019","14.375"
"3149000021","AMERICANA VANILLA CREAM 60GR","PCS","CTN","2004001498567","114.7125"
"3149000079","BANVIT CHICKEN KEBAB 900G","PCS","CTN","2470747108006","308.20000000000005"
"3150000026","AMERICANA 8 SHISH KEBAB 320GR","PCS","CTN","2004000190011","356.5"
"3150000030","NABIL LAMB BALLS KUBBA 500GR","PCS","CTN","2008000417505","293.249885"
"3150000036","NABIL STUFFED BURGHOL KUBBA 500GR","PCS","CTN","2008000417598","281.75"
"3150000046","AL KABEER BEEF KIBBEH 400GM","PCS","CTN","2010198010314","247.25"
"3150000047","AL KABEER ARABIC KOFTA 300GM","PCS","CTN","2010198010321","311.65"
"3150000048","AL KABEER CHICKEN KIBBEH 400GM","PCS","CTN","2010198010338","274.562615"
"3151000043","AMERICANA BEEF FRANKFURTER 400GR","PCS","CTN","2011011020824","350.175"
"3151000057","BANVIT CHICKEN FRANKS 340G","PCS","CTN","2470281081605","171.35"
"3152000045","ANCHOR MILK POWDER TIN 900GR","PCS","CTN","19415007015748","655.5"
"3152000065","SUNBULAH KONAFAH DUGH 500GR","PCS","OFFER","6281073901416","13.225000000000001"
"3152000065","SUNBULAH KONAFAH DUGH 500GR","PCS","OFFER","6291058108792","13.225000000000001"
"3152000068","SUNBULAH FILO PASTRY LEAVES 500 GR","PCS","OFFER","6281073901553","14.375"
"3152000068","SUNBULAH FILO PASTRY LEAVES 500 GR","PCS","OFFER","6291058108815","14.375"
"3152000068","SUNBULAH FILO PASTRY LEAVES 500 GR","PCS","CTN","2005000325908","166.175"
"3152000069","SUNBULAH BAKLAWA FILLO 500 GR","PCS","OFFER","6281073901430","10.925"
"3152000069","SUNBULAH BAKLAWA FILLO 500 GR","PCS","OFFER","6291058108808","10.925"
"3152000071","KG SPRING ROLL PASTRY 50 PCS","PCS","CTN","2005000324789","339.25"
"3152000074","SUNBULAH PUFF PASTRY SQR 800GM","PCS","OFFER","6281073901256","17.238500000000002"
"3152000074","SUNBULAH PUFF PASTRY SQR 800GM","PCS","CTN","2004000150558","200.0425"
"3152000075","KG PARATHA ROTI ONION 400GR","PCS","CTN","2004000151777","379.5"
"3152000088","AL KARAMAH SHREDDED KUNAFA 500GR","PCS","CTN","2004000249016","130.8125"
"3152000089","AL KARAMAH 10 PUFF PASTRY SQ. 400GR","PCS","OFFER","2020000045311","11.7875"
"3152000089","AL KARAMAH 10 PUFF PASTRY SQ. 400GR","PCS","CTN","2006000368827","212.6925"
"3152000091","AL KARAMAH 15 PUFF PASTRY LOW FAT 400GM","PCS","CTN","2006000368834","307.05"
"3152000095","KG ROTI PARATHA 400GR","PCS","CTN","2005000324765","194.35"
"3152000137","KG FLAKY PARATHA 400GR","PCS","CTN","2006000365765","155.25"
"3152000139","AL KARAMAH PARATHA PLAIN 450GR","PCS","CTN","2006000368902","93.725"
"3152000142","SUNBULAH PUFF PASTRY SQ.400G","OFFER","CTN","2004000152774","204.125"
"3152000144","SUNBULAH SHREDDED MOZARELA 200 GR","PCS","CTN","2004000225836","346.15"
"3152000145","SUNBULAH SHREDDED MOZARELA 500GR","PCS","CTN","2004000225843","405.95"
"3152000146","SUNBULAH PUFF PASTRY 400 GR","PCS","OFFER","6291058108761","14.429625"
"3152000146","SUNBULAH PUFF PASTRY 400 GR","PCS","CTN","2004000226116","234.6"
"3152001001","AL KABEER SPRING ROLLS CHICKEN 280GM","PCS","CTN","2010198010260","327.75"
"3152001002","AL KABEER SPRING ROLLS CHEESE 240GM","PCS","CTN","2010198010277","295.54999999999995"
"3152001003","AL KABEER PARATHA PLAIN 400GM","PCS","CTN","2010198010345","193.2"
"3152001012","SUNBULAH EGG ROLL PASTRY (SPRING ROLL) 160GM","PCS","OFFER","6291058108860","19.32"
"3152001012","SUNBULAH EGG ROLL PASTRY (SPRING ROLL) 160GM","PCS","OFFER","6291058123146","19.32"
"3152001012","SUNBULAH EGG ROLL PASTRY (SPRING ROLL) 160GM","PCS","CTN","2011011031318","178.25"
"3152001013","SUNBULAH EGG ROLL PASTRY 345G","PCS","CTN","2011011031325","286.2925"
"3152001027","SUNBULAH PUFF PASTRY SQU 400G","PCS","OFFER","6291058108754","11.7875"
"3152001027","SUNBULAH PUFF PASTRY SQU 400G","PCS","CTN","2013011045609","210.45000000000002"
"3152001051","SUNBULAH MN/PF PSTRY SQR320GM","PCS","OFFER","6291058108730","10.2925"
"3152001060","SUNBULAH ASIAN TASTE PARATHA 400GM","PCS","OFFER","6291058108785","11.169375"
"3153000027","SUNBULAH SAMOSA LEAVES 500 GR","PCS","OFFER","6281073901195","8.337499999999999"
"3153000027","SUNBULAH SAMOSA LEAVES 500 GR","PCS","OFFER","6291058108723","8.337499999999999"
"3153000028","SWITZ SAMOSA LEAVES 500GR","PCS","CTN","6281035041020","293.25"
"3153000028","SWITZ SAMOSA LEAVES 500GR","PCS","CTN","6281123041024","293.25"
"3153000033","AL KABEER VEG. SPRING ROLL 240GR","PCS","CTN","2010198010284","281.75"
"3153000034","AL KABEER SAMOSA CHEESE 240GR","PCS","CTN","2010198010222","346.15"
"3153000035","AL KABEER SAMOSA VEG. 240GR","PCS","CTN","2010198010239","307.3375"
"3153000060","SWITZ SAMOSA LEAVES 250GR","PCS","CTN","2008000432942","293.82500000000005"
"3153000071","AL KABEER CHICKEN SAMOSA 240GM","PCS","CTN","2010198010208","350.75"
"3153000072","AL KABEER MUTTON SAMOSA 240GM","PCS","CTN","2010198010215","292.1"
"3153000076","AL KABEER FELAFEL 360GM","PCS","CTN","2010198010307","238.04999999999998"
"3153000083","SUNBULAH SAMOSA LEAVES 500GM","PCS","OFFER","6291058108778","15.999375"
"3153000083","SUNBULAH SAMOSA LEAVES 500GM","PCS","CTN","2011011031301","240.925"
"3155000035","AMERICANA CUP CAKE ORANGE 3 PC","PCS","CTN","2005000327643","29.8425"
"3155000036","AMERICANA SUPER ROLL CHOCO.60GR","PCS","OUT","6281033209064","14.375"
"3155000036","AMERICANA SUPER ROLL CHOCO.60GR","PCS","CTN","2005000322914","115"
"3155000037","AMERICANA MINI SWISS ROLLS VANILLA 120GR","PCS","CTN","2005000322969","142.8875"
"3155000038","AMERICANA VANILLA ROLL 55GR","PCS","OUT","6281033203208","25.0125"
"3155000038","AMERICANA VANILLA ROLL 55GR","PCS","CTN","2005000322990","100.05"
"3155000041","AMERICANA MICKY ROLL STRAWBERRY 25GR","PCS","OUT","6281033204311","28.6925"
"3155000041","AMERICANA MICKY ROLL STRAWBERRY 25GR","PCS","CTN","2004000189435","114.7125"
"3155000042","AMERICANA CUP CAKE ORANGE 55GR","PCS","CTN","2007000405345","31.625000000000004"
"3155000045","AMERICANA CAKE VANILLA 3PCS","PCS","CTN","2004000189602","29.898964999999997"
"3155000047","AMERICANA POUND CAKE CHOCOLATE 300GR","PCS","CTN","2005000327636","171.35"
"3155000049","AMERICANA MINI SWISS ROLL CHOCOLATE 20GR","PCS","OUT","6281033204267","28.6925"
"3155000049","AMERICANA MINI SWISS ROLL CHOCOLATE 20GR","PCS","CTN","2005000322952","114.7125"
"3155000050","AMERICANA MINI SWISS ROLL CHOCOLATE 120GR","PCS","CTN","2005000322983","142.8875"
"3155000051","AMERICANA MINI SWISS ROLL STRAWBERY 20GR","PCS","OUT","6281033204229","28.6925"
"3155000051","AMERICANA MINI SWISS ROLL STRAWBERY 20GR","PCS","CTN","2006000381864","114.7125"
"3155000052","AMERICANA MINI SWISS ROLL VANILLA 22GR","PCS","OUT","6281033204212","28.6925"
"3155000058","AMERICANA MINI POUND 55GR","PCS","CTN","2004000189794","31.624425"
"3155000063","AMERICANA MICKY ROLL 25GR","PCS","OUT","6281033204335","28.6925"
"3155000063","AMERICANA MICKY ROLL 25GR","PCS","CTN","2005000322891","114.7125"
"3155000065","AMERICANA POUND CAKE CHOCOLATE CHIPS 300GR","PCS","CTN","2004000189909","171.35"
"3155000067","AMERICANA POUND CAKE - MARBLE 300GR","PCS","CTN","2004000189930","171.35"
"3155000068","AMERICANA SWISS ROLL VANILLA 125GR","PCS","CTN","2005000328428","100.05"
"3155000069","AMERICANA SWISS ROLL CHOCOLATE 125GR","PCS","CTN","2005000328411","102.35000000000001"
"3155000070","AMERICANA S\ROLL S\B 125GR","PCS","CTN","2005000322976","100.05"
"3155000071","AMERICANA SWISS ROLL CHOCOLATE 55GR","PCS","OUT","6281033203253","25.0125"
"3155000071","AMERICANA SWISS ROLL CHOCOLATE 55GR","PCS","CTN","2005000322878","100.05"
"3155000072","AMERICANA S/ROLLS STRAWBERRY 60GR","PCS","OUT","6281033209026","14.375"
"3155000072","AMERICANA S/ROLLS STRAWBERRY 60GR","PCS","CTN","2005000322907","113.5625"
"3155000076","SARA 6 MINI SWISS ROLL CHOCOLATE 120GR","PCS","CTN","2005000327384","126.50000000000001"
"3155000080","SARA CHOCOLATE MINI SWISS ROLL 20GR","PCS","OUT","6271005019883","22.712500000000002"
"3155000084","SARA MINI STRAW 20X20GR","PCS","OUT","6271005019876","22.425"
"3155000084","SARA MINI STRAW 20X20GR","PCS","OUT","6291005019876","22.425"
"3155000087","SUNBULAH SPRING ROLL 160GR","PCS","OFFER","6291058108846","14.8925"
"3155000087","SUNBULAH SPRING ROLL 160GR","PCS","CTN","2004000226062","178.25"
"3155000095","LUSINE CUP CAKE VANILLA 33G","PCS","OUT2","6281007069304","11.7875"
"3155000095","LUSINE CUP CAKE VANILLA 33G","PCS","OUT","6281007044080","20.987614999999998"
"3155000098","LUSINE CUP CAKE CHOCOLATE 33GM","PCS","OUT2","6281007069311","11.7875"
"3155000098","LUSINE CUP CAKE CHOCOLATE 33GM","PCS","OUT","6281007040099","20.987614999999998"
"3155000098","LUSINE CUP CAKE CHOCOLATE 33GM","PCS","OUT","6281007044066","20.987614999999998"
"3155000099","LUSINE CUP CAKE STRAWBERRY 33GM","PCS","OUT2","6281007069328","11.7875"
"3155000099","LUSINE CUP CAKE STRAWBERRY 33GM","PCS","OUT","6281007040105","20.412499999999998"
"3155000099","LUSINE CUP CAKE STRAWBERRY 33GM","PCS","OUT","6281007044073","20.412499999999998"
"3155000101","LUSINE CUP CAKE CARAMEL 33G","PCS","OUT","6281007040082","20.6425"
"3155000101","LUSINE CUP CAKE CARAMEL 33G","PCS","OUT","6281007044097","20.6425"
"3155000102","7 DAYS CAKE BAR STRAWBERRY 25G","PCS","OUT","6281183000221","11.2125"
"3155000104","7 DAYS CAKE BAR VANILLA 25G","PCS","OUT","6281183000245","11.2125"
"3155000110","7 DAYS SWISS ROLL STRAWBERRY 20G","PCS","OUT","6281183000283","11.2125"
"3155000112","7 DAYS SWISS ROLL VANILLA 20G","PCS","OUT","6281183000306","11.2125"
"3155000122","SARA SWISS ROLL CHOCOLAIT 150G","PCS","CTN","2013011045258","108.1"
"3155000129","7 DAYS CAKE BAR CHOCO 25G","PCS","OUT","6281183001488","11.2125"
"3155000130","7 DAYS SWISS ROLL CHOCO 20G","PCS","OUT","6281183001655","11.2125"
"3158000040","SUNBULAH PIZZA PREMIER CHICKEN & VEGITABLE 470G","PCS","CTN","2011011028530","347.3"
"3158000041","SUNBULAH PIZZA SPECIAL PEPPERONI & VEGITABLE 470G","PCS","CTN","2011011028547","350.75"
"3158000042","SUNBULAH PIZZA SUPREME PEPPERONI & BEEF 470G","PCS","CTN","2011011028554","345.28749999999997"
"3158000043","SUNBULAH PIZZA DELIGHT MIX 4 VEGITABLE 470G","PCS","CTN","2011011028561","345"
"3165000053","CLASSIC ICE CREAM SUPER CONE 100 ML","PCS","OUT","2004001492725","19.92375"
"3165000054","CLASSIC ICE CREAM MAGIC 65 ML","PCS","OUT","2004001492732","26.565"
"3165000057","CLASSIC ICE CREAM CHOCO. CONE 100 ML","PCS","OUT","2004001492756","19.92375"
"3165000078","M & M ICE CREAM 110 ML","PCS","CTN","05000159347259","198.6625"
"3165000085","MALTESERS ICE CREAM STICK 60GR","PCS","CTN","05000159319232","193.2"
"3165000243","SNICKERS ICE CONE 110ML","PCS","CTN","2011011028417","198.6625"
"3165000244","GALAXY ICE CREAM TRIPLE CHOCO 87.5 ML","PCS","CTN","2006000369572","166.63500000000002"
"3165000245","GALAXY I/C CARAMEL 77.5G","PCS","CTN","2006000369589","199.23749999999998"
"3165000266","SNICKERS ICE CREAM 48GR","PCS","CTN","05000159343978","171.6375"
"3165000267","MARS ICE CREAM 41.8GR","PCS","CTN","05000159343312","171.6375"
"3165000268","GALAXY ICE CREAM BAR 50GR","PCS","CTN","04011100815483","207"
"3165000269","GALAXY HEART BAR 54.6GR","PCS","CTN","05000159350310","178.25"
"3165000270","GALAXY VANILLA 94ML","PCS","CTN","05000159227254","199.23749999999998"
"3165000271","GALAXY ICE CREAM WITH ALMONDS 71G","PCS","CTN","05000159227353","156.975"
"3165000273","GALAXY VANILA AND CHOCOLATE CONE","PCS","CTN","05000159331685","198.6625"
"3165000421","HAAGEN DAZ ICE CREAM CREAM CRISP DOUBLE CHOCOLATE 90ML","PCS","CTN","2008000430887","180.55"
"3165000422","HAAGEN DAZ ICE CREAM CREAM CRISP DOUBLE CARAMEL 90ML","PCS","CTN","2008000430894","180.55"
"3165000424","HAAGEN DAZ ICE CREAM MINI CUPS BELGIAN CHOCOLATE 100ML","PCS","CTN","2008000430917","284.625"
"3165000425","HAAGEN DAZ ICE CREAM MINI CUPS CARAMEL CREAM 100ML","PCS","CTN","2008000430924","215.05"
"3165000426","HAAGEN DAZ COOKIES CREAM 100ML","PCS","CTN","2008000430931","215.05"
"3165000427","HAAGEN DAZ ICE CREAM MINI CUPS MACADAMIA NUT BRITTLE 100ML","PCS","CTN","2008000430948","215.05"
"3165000452","G&M PURE ICE CUBE 2KG","PCS","CTN","2013011044589","23.54625"
"3165000458","ALGIDA CLASSIC ICE CRM100ML","PCS","CTN","8690637074592","163.0125"
"3165000459","ALGIDA ICE CREAM ALMOND 100ML","PCS","CTN","8690637074615","313.375"
"3165000460","ALGIDA ICE CREAM WHITE 100ML","PCS","CTN","8690637074639","163.0125"
"3165000461","CORNETTO PISTA CHOCO 130ML","PCS","CTN","8690637545931","320.27500000000003"
"3165000462","ALGIDA ICE CREAM CHOCOLATE DISC 145ML","PCS","CTN","8690637074714","163.0125"
"3165000463","ALGIDA ICE CREAM CHOCOLATE 120ML","PCS","CTN","8690637545573","215.625"
"3165000464","ALGIDA CLASSICO CREAM 120ML","PCS","CTN","8690637075797","125.35000000000001"
"3165000468","ALGIDA ICE CREAM CALIPPO ORANGE 105ML","PCS","CTN","8690637076640","138"
"3165000471","ALGIDA ICE CREAM CHOCOLATE CARNIVAL","PCS","CTN","8690637074417","149.5"
"3165000472","ALGIDA FRT FEAST ICE C 900M","PCS","CTN","8690637074394","149.5"
"3165000475","ALGIDA ICE CREAM CREAM CARAMEL 850ML","PCS","CTN","8690637074356","149.5"
"3165000476","ALGIDA ICE CREAM MINI CLASSIC WHITE ALMOND","PCS","CTN","8690637566783","108.675"
"3165000525","WALLS FEAST GCC 80ML","PCS","OFFER","6281006813472","14.49"
"3165000530","ALGIDA M/MINI ALMOND ASST.15%OFF 360ML","PCS","CTN","06281006814332","96.6"
"3165000531","ALGIDA MAGNUM MINI DOUBLE 15%OFF 360ML","PCS","CTN","06281006814356","24.15"
"3165000534","CARTEDOR CARTE D OR GCC CRM CRML 20%OFF 900ML","PCS","CTN","06281006814479","115.92"
"3201000184","AL RABIE FRUIT COCKTAIL DRINK 1LT","PCS","CTN","6281026306282","204.125"
"3201000186","AL RABIE JUICE GRAPE 1LT","PCS","OUT","2004001501007","46.8625"
"3201000186","AL RABIE JUICE GRAPE 1LT","PCS","CTN","6281026305681","140.58749999999998"
"3201000194","AL RABIE MANGO DRINK 1LT","PCS","CTN","6281026306084","140.29942499999999"
"3201000198","RANI PINEAPPLE FLOAT 240 ML","PCS","OUT","6281034902100","18.975"
"3201000198","RANI PINEAPPLE FLOAT 240 ML","PCS","OUT","6281034910501","18.975"
"3201000198","RANI PINEAPPLE FLOAT 240 ML","PCS","CTN","2004001488384","73.3125"
"3201000198","RANI PINEAPPLE FLOAT 240 ML","PCS","CTN","6281034901691","73.3125"
"3201000199","RANI PINEAPPLE FLOAT 150ML","PCS","OUT","6281034903558","31.038499999999996"
"3201000199","RANI PINEAPPLE FLOAT 150ML","PCS","OUT","6281034910549","31.038499999999996"
"3201000199","RANI PINEAPPLE FLOAT 150ML","PCS","CTN","2004001488438","65.2625"
"3201000199","RANI PINEAPPLE FLOAT 150ML","PCS","CTN","6281034901738","65.2625"
"3201000200","RANI PEACH FLOAT 240 ML","PCS","OUT","6281034902186","18.975"
"3201000200","RANI PEACH FLOAT 240 ML","PCS","OUT","6281034910495","18.975"
"3201000200","RANI PEACH FLOAT 240 ML","PCS","CTN","2004001488445","77.625"
"3201000200","RANI PEACH FLOAT 240 ML","PCS","CTN","6281034901684","77.625"
"3201000201","RANI ORANGE DRINK FLOAT 150ML","PCS","OUT","6281034903534","20.698964999999998"
"3201000201","RANI ORANGE DRINK FLOAT 150ML","PCS","OUT","6281034910525","20.698964999999998"
"3201000201","RANI ORANGE DRINK FLOAT 150ML","PCS","CTN","2004001488452","41.399195"
"3201000201","RANI ORANGE DRINK FLOAT 150ML","PCS","CTN","6281034901714","41.399195"
"3201000203","RANI CARROT&ORANGE DRINK 1.4L","PCS","CTN","6281034901936","54.912499999999994"
"3201000204","RANI ORANGE PET 1.4L","PCS","CTN","6281034901912","54.912499999999994"
"3201000206","HANI ORANGE PET 250ML","PCS","CTN","6281034900120","31.05"
"3201000207","HANI MANGO JUICE PET 250ML","PCS","CTN","6281034900113","28.175"
"3201000208","HANI APPLE JUICE PET 250ML","PCS","CTN","6281034900137","28.4625"
"3201000213","AL RABIE BERRYMIX DRINK 1L","PCS","OUT","2004001501014","68.7125"
"3201000213","AL RABIE BERRYMIX DRINK 1L","PCS","CTN","6281026310784","206.42499999999998"
"3201000214","AL RABIE APPLE JUICE 1L","PCS","CTN","6281026305285","129.95"
"3201000218","AL RABIE FRUIT COCTAL 330 ML","PCS","CTN","06281026170296","112.125"
"3201000218","AL RABIE FRUIT COCTAL 330 ML","PCS","CTN","6281026170296","112.125"
"3201000220","LACNOR JUNIER MILK STRAWBERRY 125 ML","PCS","OUT2","6291016003336","7.9350000000000005"
"3201000220","LACNOR JUNIER MILK STRAWBERRY 125 ML","PCS","CTN2","6291016025413","32.4875"
"3201000222","LACNOR MILK CHOCOLATE 125ML","PCS","OUT2","6291016003305","7.9350000000000005"
"3201000222","LACNOR MILK CHOCOLATE 125ML","PCS","CTN2","6291016025420","32.4875"
"3201000224","AL RABIE MULTIFRUIT & VITAMIN 330ML","PCS","CTN","06281026170593","83.8925"
"3201000224","AL RABIE MULTIFRUIT & VITAMIN 330ML","PCS","CTN","6281026170593","83.8925"
"3201000225","AL RABIE ORANGE & PEACH 330ML","PCS","CTN","06281026170357","83.95"
"3201000225","AL RABIE ORANGE & PEACH 330ML","PCS","CTN","6281026170357","83.95"
"3201000237","LACNOR JUNIER ORANGE NECTAR 125 ML","PCS","OUT2","6291016001813","8.05"
"3201000237","LACNOR JUNIER ORANGE NECTAR 125 ML","PCS","OUT2","6291016165218","8.05"
"3201000237","LACNOR JUNIER ORANGE NECTAR 125 ML","PCS","CTN2","6291016165416","30.1875"
"3201000282","LACNOR APPLE JUICES 125 ML","PCS","OUT2","6291016001691","8.049885000000002"
"3201000282","LACNOR APPLE JUICES 125 ML","PCS","OUT2","6291016165249","8.049885000000002"
"3201000282","LACNOR APPLE JUICES 125 ML","PCS","CTN2","6291016165447","30.1875"
"3201000283","LACNOR CHOCLATE MILK 180ML","PCS","OUT","2004000191698","10.925"
"3201000283","LACNOR CHOCLATE MILK 180ML","PCS","OUT","6291016024225","10.925"
"3201000283","LACNOR CHOCLATE MILK 180ML","PCS","CTN","6291016024423","43.6425"
"3201000298","LACNOR MILK BANANA 180ML","PCS","OUT","6291016024232","12.075"
"3201000298","LACNOR MILK BANANA 180ML","PCS","CTN","2005000330681","47.13850000000001"
"3201000299","RANI COCKTAIL PET 1.4L","PCS","CTN","2004000162599","55.142500000000005"
"3201000299","RANI COCKTAIL PET 1.4L","PCS","CTN","6281034901929","55.142500000000005"
"3201000309","SUN TOP ORANGE JUICE 250ML","PCS","OUT","2004000168294","7.848750000000001"
"3201000309","SUN TOP ORANGE JUICE 250ML","PCS","CTN","6281012022318","30.127125000000003"
"3201000323","LACNOR JUNIOR FRUIT COCKTAIL 125ML","PCS","OUT2","6291016001837","10.338500000000002"
"3201000323","LACNOR JUNIOR FRUIT COCKTAIL 125ML","PCS","OUT2","6291016165232","10.338500000000002"
"3201000323","LACNOR JUNIOR FRUIT COCKTAIL 125ML","PCS","CTN2","6291016165430","37.6625"
"3201000342","POKKA MIXED NECTAR 240ML","PCS","CTN","18888196130119","142.025"
"3201000343","POKKA PULPY LYCHEE JELLY 240ML","PCS","CTN","2005000329388","87.54375"
"3201000344","POKKA POWER GOLD 240ML","PCS","OUT","8888196169327","35.62125"
"3201000344","POKKA POWER GOLD 240ML","PCS","CTN","18888196127119","176.29500000000002"
"3201000345","POKKA ALOE V WHITE GRAPE 300ML","PCS","CTN","2005000329401","118.39250000000001"
"3201000346","POKKA ALOE V PEACH 300ML","PCS","CTN","2005000329418","118.39250000000001"
"3201000347","POKKA ALOE V BLUEBERRY 300ML","PCS","CTN","2005000329425","121.61250000000001"
"3201000351","SUN TOP MANGO JUICE 250ML","PCS","OUT","2005000328077","14.8925"
"3201000351","SUN TOP MANGO JUICE 250ML","PCS","CTN","6281012022455","31.038499999999996"
"3201000364","AL RABIE MANGO PASSION FRUIT 330ML","PCS","CTN","06281026176212","48.3"
"3201000364","AL RABIE MANGO PASSION FRUIT 330ML","PCS","CTN","6281026176212","48.3"
"3201000379","RANI TOMATO DRINK CAN 150ML","PCS","CTN","2004000162483","43.125"
"3201000379","RANI TOMATO DRINK CAN 150ML","PCS","CTN","6281034901752","43.125"
"3201000380","RANI CARROT & ORANGE NRB DRINK 200ML","PCS","CTN","2004000162490","43.124885"
"3201000380","RANI CARROT & ORANGE NRB DRINK 200ML","PCS","CTN","6281034901837","43.124885"
"3201000381","RANI APPLE DRINK NRB 200ML","PCS","CTN","2004001488490","103.48849999999999"
"3201000381","RANI APPLE DRINK NRB 200ML","PCS","CTN","6281034901844","103.48849999999999"
"3201000384","RANI MANGO TETRA 250ML","PCS","OUT","2004000182474","17.537499999999998"
"3201000384","RANI MANGO TETRA 250ML","PCS","OUT","6281034900724","17.537499999999998"
"3201000384","RANI MANGO TETRA 250ML","PCS","OUT","6281034912109","17.537499999999998"
"3201000384","RANI MANGO TETRA 250ML","PCS","CTN","2004001488711","56.925"
"3201000384","RANI MANGO TETRA 250ML","PCS","CTN","6281034900236","56.925"
"3201000385","RANI APPLE TETRA PACK 250 ML","PCS","OUT","6281034900731","15.2375"
"3201000385","RANI APPLE TETRA PACK 250 ML","PCS","CTN","6281034900243","45.425000000000004"
"3201000391","RANI MANGO BOTTLE NRB 200ML","PCS","CTN","2004001488377","83.375"
"3201000391","RANI MANGO BOTTLE NRB 200ML","PCS","CTN","6281034902001","83.375"
"3201000392","RANI MANGO PET 1.5LTR","PCS","CTN","6281034901271","51.175115000000005"
"3201000393","RANI APPLE PET 1.5 LTR","PCS","CTN","2004001497447","51.175115000000005"
"3201000413","AL RABIE MANGO JUICE 330ML.","PCS","CTN","06281026170234","112.125"
"3201000413","AL RABIE MANGO JUICE 330ML.","PCS","CTN","6281026170234","112.125"
"3201000415","AL RABIE APPLE JUICE 330ML","PCS","CTN","06281026170111","48.3"
"3201000415","AL RABIE APPLE JUICE 330ML","PCS","CTN","6281026170111","48.3"
"3201000416","AL RABIE PINEAPPLE JUICE330ML","PCS","CTN","06281026170173","48.3"
"3201000416","AL RABIE PINEAPPLE JUICE330ML","PCS","CTN","6281026170173","48.3"
"3201000421","CADBURY DRINKING CHOCOLATE 500GR","PCS","CTN","2004000153054","251.275"
"3201000422","CADBURY DRINKING CHOCOLATE 250GR","PCS","CTN","2004000281443","340.4"
"3201000429","CAPRISON MANGO JUICE 200ML","PCS","OUT2","6291100850976","22.9425"
"3201000429","CAPRISON MANGO JUICE 200ML","PCS","OUT","6291100850433","24.8975"
"3201000429","CAPRISON MANGO JUICE 200ML","PCS","CTN","6291100850532","99.41715500000001"
"3201000430","CAPRISON ORANGE JUICE 200ML","PCS","OUT","6291100850426","13.799999999999999"
"3201000430","CAPRISON ORANGE JUICE 200ML","PCS","OUT","6298044096293","13.799999999999999"
"3201000430","CAPRISON ORANGE JUICE 200ML","PCS","OUT2","6291100850969","13.799999999999999"
"3201000430","CAPRISON ORANGE JUICE 200ML","PCS","CTN","6291100850525","99.41715500000001"
"3201000431","CAPRISON STRAWBERRY JUICE 200ML","PCS","OUT2","6291100850983","22.9425"
"3201000431","CAPRISON STRAWBERRY JUICE 200ML","PCS","OUT","6291100850440","24.886574999999997"
"3201000431","CAPRISON STRAWBERRY JUICE 200ML","PCS","CTN","6291100850549","99.41715500000001"
"3201000459","LACNOR JUICE ORANGE 180ML","PCS","OUT","2004001485239","10.338500000000002"
"3201000459","LACNOR JUICE ORANGE 180ML","PCS","OUT","6291016114216","10.338500000000002"
"3201000459","LACNOR JUICE ORANGE 180ML","PCS","OUT","6291016114285","10.338500000000002"
"3201000459","LACNOR JUICE ORANGE 180ML","PCS","CTN","6291016114414","47.13850000000001"
"3201000461","LACNOR JUICE GUAVA 180ML","PCS","OUT","2004001485161","17.25"
"3201000461","LACNOR JUICE GUAVA 180ML","PCS","OUT","6291016124239","17.25"
"3201000461","LACNOR JUICE GUAVA 180ML","PCS","CTN","2004000087489","69"
"3201000461","LACNOR JUICE GUAVA 180ML","PCS","CTN","6291016124437","69"
"3201000466","LACNOR MANGO MIX JUICES 125 ML","PCS","OUT2","6291016001820","10.338500000000002"
"3201000466","LACNOR MANGO MIX JUICES 125 ML","PCS","CTN2","6291016165423","37.6625"
"3201000467","LACNOR JUICE ORANGE 1LT","PCS","OFFER","6291021000306","31.625000000000004"
"3201000467","LACNOR JUICE ORANGE 1LT","PCS","OUT","6291016111512","31.625000000000004"
"3201000467","LACNOR JUICE ORANGE 1LT","PCS","CTN","2004000282013","95.44999999999999"
"3201000468","LACNOR JUICE MANGO 1 LT","PCS","OUT","6291016005255","38.525000000000006"
"3201000468","LACNOR JUICE MANGO 1 LT","PCS","OUT","6291016121511","38.525000000000006"
"3201000468","LACNOR JUICE MANGO 1 LT","PCS","CTN","2004000282020","149.5"
"3201000468","LACNOR JUICE MANGO 1 LT","PCS","CTN","6291016005262","149.5"
"3201000469","LACNOR JUICE PINEAPPLE 1LT","PCS","OUT","6291016111536","31.9125"
"3201000469","LACNOR JUICE PINEAPPLE 1LT","PCS","CTN","2004000282037","98.325"
"3201000470","LACNOR JUICE MIX FRUIT 1LT","PCS","OUT","6291016005347","39.10011500000001"
"3201000470","LACNOR JUICE MIX FRUIT 1LT","PCS","OUT","6291016111529","39.10011500000001"
"3201000470","LACNOR JUICE MIX FRUIT 1LT","PCS","CTN","2004000282044","117.58761500000001"
"3201000470","LACNOR JUICE MIX FRUIT 1LT","PCS","CTN","6291016005354","117.58761500000001"
"3201000471","LACNOR JUICE APPLE 1 LT","PCS","OFFER","6291021000313","33.349999999999994"
"3201000471","LACNOR JUICE APPLE 1 LT","PCS","CTN","2004000282051","101.2"
"3201000472","LACNOR JUICE GUAVA 1 LT","PCS","CTN","2004000282068","97.57692500000002"
"3201000475","LACNOR H/L JUICE TOMATO 1 LT","PCS","CTN","2004000282099","109.25"
"3201000476","LACNOR H/L JUICE GRAPEFRUIT 1 LT","PCS","CTN","2004000282105","97.80749999999999"
"3201000477","LACNOR H/L MANGO JUICE 1LTR","PCS","CTN","2004000282112","120.75"
"3201000479","LACNOR JUICE RED  APPLE 180ML","PCS","OUT","6291016114261","10.925"
"3201000479","LACNOR JUICE RED  APPLE 180ML","PCS","CTN","2004001497652","45.9425"
"3201000479","LACNOR JUICE RED  APPLE 180ML","PCS","CTN","6291016114469","45.9425"
"3201000481","LACNOR JUICE MANGO 180ML","PCS","OUT","6291016005286","13.225000000000001"
"3201000481","LACNOR JUICE MANGO 180ML","PCS","OUT","6291016124215","13.225000000000001"
"3201000481","LACNOR JUICE MANGO 180ML","PCS","CTN","2004001497775","51.6925"
"3201000481","LACNOR JUICE MANGO 180ML","PCS","CTN","6291016005293","51.6925"
"3201000481","LACNOR JUICE MANGO 180ML","PCS","CTN","6291016124413","51.6925"
"3201000482","LACNOR JUICE MIX FRUIT 180ML","PCS","OUT","6291016005378","12.075"
"3201000482","LACNOR JUICE MIX FRUIT 180ML","PCS","CTN","6291016005385","51.6925"
"3201000482","LACNOR JUICE MIX FRUIT 180ML","PCS","CTN","6291016114421","51.6925"
"3201000483","LACNOR PEACH NECTOR 180ML","PCS","OUT","2004001485178","10.0625"
"3201000483","LACNOR PEACH NECTOR 180ML","PCS","OUT","6291016124246","10.0625"
"3201000483","LACNOR PEACH NECTOR 180ML","PCS","CTN","2004000282310","40.25"
"3201000484","LACNOR STRAWBERRY NECTOR 180ML","PCS","OUT","6291016124260","16.0885"
"3201000484","LACNOR STRAWBERRY NECTOR 180ML","PCS","CTN","2004001497676","65.55"
"3201000484","LACNOR STRAWBERRY NECTOR 180ML","PCS","CTN","6291016124468","65.55"
"3201000524","APPLETISER 300ML","PCS","OUT","6001048003132","30.127125000000003"
"3201000525","APPLETISER GRAPETISER RED 300ML","PCS","OUT","6001048003149","30.127125000000003"
"3201000526","APPLETISER GRAPETISER WHITE 300ML","PCS","OUT","6001048003156","30.127125000000003"
"3201000534","LACNOR ORANGE KIDO DRINK 125ML","PCS","OUT","6291016245217","5.175"
"3201000534","LACNOR ORANGE KIDO DRINK 125ML","PCS","CTN","6291016245415","25.587500000000002"
"3201000535","LACNOR MANGO KIDO DRINK 125ML","PCS","OUT","6291016245224","5.175"
"3201000535","LACNOR MANGO KIDO DRINK 125ML","PCS","CTN","6291016245422","25.587500000000002"
"3201000536","LACNOR COCKTAIL KIDO DRINK 125ML","PCS","OUT","6291016245231","5.175"
"3201000536","LACNOR COCKTAIL KIDO DRINK 125ML","PCS","CTN","6291016245439","25.587500000000002"
"3201000538","LACNOR STRAWBERRY KIDO DRINK 125ML","PCS","OUT","6291016245255","5.175"
"3201000538","LACNOR STRAWBERRY KIDO DRINK 125ML","PCS","CTN","6291016245453","25.587500000000002"
"3201000556","FREEZ ICE LEMON 275ML","PCS","CTN","2005000355127","125.58000000000001"
"3201000557","FREEZ STRAWBERRY 275ML","PCS","CTN","2005000355134","125.58000000000001"
"3201000558","FREEZ GRENADINE 275ML","PCS","CTN","2005000355141","125.58000000000001"
"3201000559","FREEZ BLACKBERRY 275ML","PCS","CTN","2005000355158","125.58000000000001"
"3201000560","FREEZ PINEAPPLE 275ML","PCS","CTN","2005000355165","125.58000000000001"
"3201000561","FREEZ TAMRIND 275ML","PCS","CTN","2005000355172","125.58000000000001"
"3201000562","FREEZ PEACH 275ML","PCS","CTN","2005000355189","125.58000000000001"
"3201000563","FREEZ KIWI 275ML","PCS","CTN","2005000355196","125.58000000000001"
"3201000564","FREEZ MINT LEMON 275ML","PCS","CTN","2005000355202","125.58000000000001"
"3201000566","VIMTO FRUIT FLAVOUR DRINK PET SPORTS 250ML","PCS","OUT2","6281034902308","14.0875"
"3201000566","VIMTO FRUIT FLAVOUR DRINK PET SPORTS 250ML","PCS","OUT","2004001488865","29.900000000000002"
"3201000566","VIMTO FRUIT FLAVOUR DRINK PET SPORTS 250ML","PCS","CTN","6281034900700","56.637499999999996"
"3201000567","VIMTO FRUIT FLAVOUR DRINK CAN 250ML","PCS","OUT","2004000236283","16.9625"
"3201000567","VIMTO FRUIT FLAVOUR DRINK CAN 250ML","PCS","OUT","6281034900373","16.9625"
"3201000567","VIMTO FRUIT FLAVOUR DRINK CAN 250ML","PCS","CTN","2004001488766","67.27499999999999"
"3201000567","VIMTO FRUIT FLAVOUR DRINK CAN 250ML","PCS","CTN","6281034000448","67.27499999999999"
"3201000567","VIMTO FRUIT FLAVOUR DRINK CAN 250ML","PCS","CTN","6281034905057","67.27499999999999"
"3201000572","RANI BANANA NRB 200GR","PCS","CTN","2006000365369","41.399195"
"3201000572","RANI BANANA NRB 200GR","PCS","CTN","6281034901820","41.399195"
"3201000573","RANI COCKTAIL NRB 200ML","PCS","CTN","2006000365376","83.375"
"3201000573","RANI COCKTAIL NRB 200ML","PCS","CTN","6281034901806","83.375"
"3201000577","AL RABIE PRISMA ORANGE 200ML","PCS","CTN","6281026120772","26.565"
"3201000579","AL RABIE PRISMA MANGO 200ML","PCS","CTN","6281026120895","66.69999999999999"
"3201000580","AL RABIE PRISMA FRUIT COCKTAIL 200ML","PCS","CTN","6281026120956","66.69999999999999"
"3201000586","MASAFI ORANGE JUICE 2LT","PCS","OUT","6291001010295","56.35"
"3201000587","MASAFI APPLE JUICE 2LT","PCS","OUT","6291001010301","48.3"
"3201000588","MASAFI MANGO JUICE 2LT","PCS","OUT","6291001010318","62.674080000000004"
"3201000589","MASAFI TROPICAL JUICE 2LT","PCS","OUT","6291001010325","65.8329"
"3201000590","MASAFI TROPICAL JUICE 1LT","PCS","OUT","6291001010288","69.129375"
"3201000591","MASAFI MANGO JUICE 1LT.","PCS","OUT","6291001010271","65.20500000000001"
"3201000592","MASAFI APPLE JUICE 1LT.","PCS","OUT","6291001010264","41.05500000000001"
"3201000593","MASAFI ORANGE JUICE 1LT.","PCS","OUT","6291001010257","68.404875"
"3201000594","MASAFI ORANGE JUICE 200ML","PCS","CTN","6291001010219","70.1385"
"3201000595","MASAFI APPLE JUICE 200ML","PCS","CTN","6291001010226","55.199999999999996"
"3201000596","MASAFI MANGO JUICE 200ML","PCS","CTN","6291001010233","72.558675"
"3201000597","MASAFI TROPICAL JUICE 200ML","PCS","CTN","6291001010240","66.125"
"3201000610","POKKA BANANA SHAKE 240ML","PCS","CTN","2004000178576","146.625"
"3201000611","POKKA MANGO NECTAR 240ML","PCS","CTN","18888196130713","140.29942499999999"
"3201000612","POKKA ORANGE NECTAR 240ML","PCS","CTN","18888196130614","144.9"
"3201000613","POKKA GUAVA DRINK 240ML","PCS","CTN","2004000178750","87.54375"
"3201000614","POKKA PINEAPPLE 240ML","PCS","CTN","18888196161014","87.54375"
"3201000615","POKKA MELON MILK DRINK 240ML","PCS","CTN","18888196115512","147.77384999999998"
"3201000616","POKKA BUNDUNG DRINK 240ML","PCS","CTN","2004000178781","144.9"
"3201000617","POKKA VITAENE C 240ML","PCS","OUT","0543729988124","40.25"
"3201000617","POKKA VITAENE C 240ML","PCS","OUT","543729988124","40.25"
"3201000617","POKKA VITAENE C 240ML","PCS","OUT","5543755910392","40.25"
"3201000617","POKKA VITAENE C 240ML","PCS","OUT","6543755021363","40.25"
"3201000617","POKKA VITAENE C 240ML","PCS","OUT","8888196572462","40.25"
"3201000617","POKKA VITAENE C 240ML","PCS","CTN","14902471046453","159.275"
"3201000617","POKKA VITAENE C 240ML","PCS","CTN","4902471046453","159.275"
"3201000618","RANI ORANGE NRB 200ML","PCS","CTN","2004000162544","83.375"
"3201000618","RANI ORANGE NRB 200ML","PCS","CTN","6281034901790","83.375"
"3201000620","RANI ORANGE TETRA 250ML","PCS","OUT","2004001489145","17.537499999999998"
"3201000620","RANI ORANGE TETRA 250ML","PCS","OUT","6281034900717","17.537499999999998"
"3201000620","RANI ORANGE TETRA 250ML","PCS","OUT","6281034912086","17.537499999999998"
"3201000620","RANI ORANGE TETRA 250ML","PCS","CTN","6281034900229","56.925"
"3201000620","RANI ORANGE TETRA 250ML","PCS","CTN","6281034901516","56.925"
"3201000622","ICE COOL COCONUT 310ML","PCS","OUT","0107030001912","34.5"
"3201000622","ICE COOL COCONUT 310ML","PCS","CTN","2004000206392","138"
"3201000622","ICE COOL COCONUT 310ML","PCS","CTN","88889195001782","138"
"3201000626","LIBBYS ORANGE JUICE 250ML+2","PCS","CTN","2006000375313","78.4875"
"3201000628","LIBBYS TROPICAL JUICE LITE 250ML","PCS","CTN","2006000375337","79.695"
"3201000636","VOLVIC  WATER 500ML","PCS","OUT","1701020000221","41.34250000000001"
"3201000636","VOLVIC  WATER 500ML","PCS","OUT","3057640253218","41.34250000000001"
"3201000636","VOLVIC  WATER 500ML","PCS","CTN","3057640233913","158.125"
"3201000640","AL RABIE PINEAPPLE AND GUAVA 330ML","PCS","CTN","06281026170418","48.3"
"3201000640","AL RABIE PINEAPPLE AND GUAVA 330ML","PCS","CTN","6281026170418","48.3"
"3201000641","AL RABIE KIWI AND LIME 330ML","PCS","CTN","06281026175710","83.95"
"3201000641","AL RABIE KIWI AND LIME 330ML","PCS","CTN","6281026175710","83.95"
"3201000642","AL RABIE BERRYMIX DRINK 330ML","PCS","CTN","06281026175772","111.8375"
"3201000642","AL RABIE BERRYMIX DRINK 330ML","PCS","CTN","6281026175772","111.8375"
"3201000643","AL RABIE ORANGE DRINK JUICE 330ML","PCS","CTN","06281026170050","70.725"
"3201000643","AL RABIE ORANGE DRINK JUICE 330ML","PCS","CTN","6281026170050","70.725"
"3201000645","LACNOR ORANGE CARROT NECTAR 200ML ORAN&CAR 180ML","PCS","OUT","2004001497648","10.338500000000002"
"3201000645","LACNOR ORANGE CARROT NECTAR 200ML ORAN&CAR 180ML","PCS","OUT","6291016124277","10.338500000000002"
"3201000645","LACNOR ORANGE CARROT NECTAR 200ML ORAN&CAR 180ML","PCS","CTN","2004001497645","40.824999999999996"
"3201000645","LACNOR ORANGE CARROT NECTAR 200ML ORAN&CAR 180ML","PCS","CTN","6291016124475","40.824999999999996"
"3201000647","AL RABIE PINEAPPLE & COCONUT JUICE 330ML","PCS","CTN","06281026170531","84.812385"
"3201000647","AL RABIE PINEAPPLE & COCONUT JUICE 330ML","PCS","CTN","6281026170531","84.812385"
"3201000649","AL RABIE PINEAPPLE JUICE 1LT","PCS","OUT","200400150099411","28.37625"
"3201000649","AL RABIE PINEAPPLE JUICE 1LT","PCS","CTN","6281026305483","85.12875000000001"
"3201000650","AL RABIE ORANGE. JUICE 1LT.","PCS","CTN","6281026305087","129.95"
"3201000713","MASAFI PINEAPPLE JUICE 2LT","PCS","CTN","6291001010455","62.762285"
"3201000714","MASAFI BERRY BLEND JUICE 2LT","PCS","CTN","6291001010462","50.8875"
"3201000715","MASAFI BERRY BLEND JUICE 1LT","PCS","CTN","6291001010448","41.05500000000001"
"3201000716","MASAFI PINEAPPLE JUICE 1LT.","PCS","CTN","6291001010431","65.55"
"3201000733","MASAFI CITRUS JUICE 2LT","PCS","CTN","6291001010578","50.5885"
"3201000734","MASAFI CITRUS JUICE 1LT","PCS","CTN","6291001010554","41.05500000000001"
"3201000735","MASAFI CITRUS JUICE 200ML","PCS","CTN","6291001010530","55.142500000000005"
"3201000752","RANI MANGO FLOAT 150ML CAN","PCS","OUT","6281034906306","20.698964999999998"
"3201000752","RANI MANGO FLOAT 150ML CAN","PCS","OUT","6281034910556","20.698964999999998"
"3201000752","RANI MANGO FLOAT 150ML CAN","PCS","CTN","6281034903589","41.399195"
"3201000753","RANI MANGO FLOAT 240 ML","PCS","OUT","6281034904197","18.975"
"3201000753","RANI MANGO FLOAT 240 ML","PCS","OUT","6281034910518","18.975"
"3201000753","RANI MANGO FLOAT 240 ML","PCS","CTN","2012011035412","73.3125"
"3201000753","RANI MANGO FLOAT 240 ML","PCS","CTN","6281034903596","73.3125"
"3201000754","MASAFI MELLOW MELON JUICE 2LT","PCS","CTN","6291001010707","48.3"
"3201000755","MASAFI MELLOW MELON JUICE 1LT","PCS","CTN","6291001010691","41.05500000000001"
"3201000760","POKKA JAPANESE GREEN TEA 500ML","PCS","CTN","2008000412494","80.78750000000001"
"3201000762","POKKA CAPPUCINO COFFEE 240ML","PCS","CTN","2008000412517","205.27499999999998"
"3201000763","POKKA MILK COFFEE 240ML","PCS","CTN","2008000412524","161.86249999999998"
"3201000776","ICE COOL COCONUT DRINK 500ML","PCS","CTN","2008000415594","205.85"
"3201000776","ICE COOL COCONUT DRINK 500ML","PCS","CTN","88889195001867","205.85"
"3201000788","POKKA VITAENE C SUGAR FREE 240ML","PCS","CTN","14902471046507","200.387385"
"3201000790","SUNTOP MANGO 125ML","PCS","OUT","6281012044426","8.337499999999999"
"3201000790","SUNTOP MANGO 125ML","PCS","CTN","0107030599112","24.138499999999997"
"3201000790","SUNTOP MANGO 125ML","PCS","CTN","2008000423483","24.138499999999997"
"3201000790","SUNTOP MANGO 125ML","PCS","CTN","6281012044518","24.138499999999997"
"3201000790","SUNTOP MANGO 125ML","PCS","CTN","6281012045355","24.138499999999997"
"3201000791","SUN TOP ORANGE JUICE 125ML","PCS","OUT","00002932486310","8.337499999999999"
"3201000791","SUN TOP ORANGE JUICE 125ML","PCS","OUT","6281012044402","8.337499999999999"
"3201000791","SUN TOP ORANGE JUICE 125ML","PCS","CTN","0107030599013","24.138499999999997"
"3201000791","SUN TOP ORANGE JUICE 125ML","PCS","CTN","2008000423490","24.138499999999997"
"3201000791","SUN TOP ORANGE JUICE 125ML","PCS","CTN","6281012044457","24.138499999999997"
"3201000791","SUN TOP ORANGE JUICE 125ML","PCS","CTN","6281012045324","24.138499999999997"
"3201000812","RANI RED GRAPE 240ML","PCS","CTN","6281034903626","41.05500000000001"
"3201000827","CAPRISON APPLE JUICE 200ML","PCS","OUT","6291100850457","11.211694999999999"
"3201000827","CAPRISON APPLE JUICE 200ML","PCS","CTN","6291100850556","44.6775"
"3201000840","RANI GUAVA JUICE 240ML","PCS","CTN","2009000447592","42.8375"
"3201000840","RANI GUAVA JUICE 240ML","PCS","CTN","6281034903985","42.8375"
"3201000842","RANI 3DIAMOND 240ML","PCS","CTN","2009000447615","33.924769999999995"
"3201000842","RANI 3DIAMOND 240ML","PCS","CTN","6281034901592","33.924769999999995"
"3201000843","RANI GUAVA 200ML NRB","PCS","CTN","2009000447622","83.375"
"3201000843","RANI GUAVA 200ML NRB","PCS","CTN","6281034901882","83.375"
"3201000852","CERES PINEAPPLE JUICE 1LTR","PCS","CTN","2009000005716","154.10000000000002"
"3201000853","CERES APPLE JUICE 1LTR","PCS","CTN","2009000005723","154.10000000000002"
"3201000854","CERES MANGO JUICE 1LTR","PCS","CTN","2009000005730","119.311925"
"3201000855","CERES RED GRAPE JUICE 1LTR","PCS","CTN","2009000005747","111.09"
"3201000856","CERES FRUIT GRAPE JUICE 1LTR","PCS","CTN","2009000005754","119.311925"
"3201000857","CERES LITCHI JUICE 1LTR","PCS","CTN","2009000005761","126.78750000000001"
"3201000886","JUICY ORANGE JUICE 240ML","PCS","OUT","6291104111776","19.621875"
"3201000886","JUICY ORANGE JUICE 240ML","PCS","CTN","6291104111462","38.64"
"3201000887","JUICY PINEAPPLE JUICE 240ML","PCS","OUT","6291104111783","19.621875"
"3201000887","JUICY PINEAPPLE JUICE 240ML","PCS","CTN","6291104111479","38.64"
"3201000888","JUICY PEACH JUICE 240ML","PCS","OUT","6291104111790","19.621875"
"3201000888","JUICY PEACH JUICE 240ML","PCS","CTN","6291104111486","38.64"
"3201000889","JUICY MANGO JUICE 240ML","PCS","OUT","6291104111769","19.621875"
"3201000889","JUICY MANGO JUICE 240ML","PCS","CTN","6291104111455","38.64"
"3201000894","AL RABIE JUICE 30% NECTAR MANGO 200 ML","PCS","OFFER","5503855912221","7.245"
"3201000915","AL AIN LONG LIFE JUICE ORANGE 1LTTR","PCS","CTN","2010198007406","73.88749999999999"
"3201000916","AL AIN LONG LIFE JUICE COCKTAIL 1LTR","PCS","CTN","2010198007413","73.88749999999999"
"3201000917","AL AIN LONG LIFE JUICE MANGO 1LTR","PCS","CTN","2010198007420","72.7375"
"3201000918","AL AIN APPLE JUICE 1LTR","PCS","CTN","2010198007857","73.88749999999999"
"3201000921","GALAXY FLEXI MILK 310ML","PCS","CTN","2010198009370","88.14750000000001"
"3201000929","RANI STRAWBERRY BANANA JUICE CAN 240ML","PCS","OUT","6281034905743","19.538615000000004"
"3201000929","RANI STRAWBERRY BANANA JUICE CAN 240ML","PCS","CTN","2012011035429","77.625"
"3201000929","RANI STRAWBERRY BANANA JUICE CAN 240ML","PCS","CTN","6281034903947","77.625"
"3201000930","RANI 3DIAMOND MIX FRUIT CAN 180ML","PCS","CTN","6281034901585","41.399195"
"3201000931","RANI GUAVA JUICE PET 1.4L","PCS","CTN","6281034904043","54.912499999999994"
"3201000937","POKKA VITAENE C Q10 PLUS 120ML","PCS","OUT","8888196524737","37.372125000000004"
"3201000937","POKKA VITAENE C Q10 PLUS 120ML","PCS","CTN","2011011024853","144.9"
"3201000962","CASA TRINKETTO JUICE 70ML","PCS","OUT","8005533002080","20.7"
"3201000964","AL RABIE NECTAR ORANGE200ML","PCS","OFFER","5503855912214","7.245"
"3201000967","CAPRISON BERRY MIX 200 ML","PCS","OUT","6291100852017","11.211694999999999"
"3201000984","LACNOR H/L POMEGRENATE JUICE 250M","PCS","OUT","6291016173237","20.412499999999998"
"3201000985","LACNOR H/L GRAPE FRUIT 250ML","PCS","OUT","6291016173244","17.825"
"3201000987","LACNOR H/L GREEN APPLE JUI 250 ML","PCS","OUT","6291016173220","18.348019999999998"
"3201000988","LACNOR H/L MANGO JUICE 250 ML","PCS","OUT","6291016173213","21.275"
"3201001012","FRESHCO UHT APPLE JUICE 200M","PCS","OUT","2012011040508","10.0625"
"3201001028","MTR BADAM DRINK 180ML","PCS","CTN","2013011042196","212.17499999999998"
"3201001038","RANI JUICE COKTAIL 240ML","PCS","CTN","6281034906122","77.625"
"3201001038","RANI JUICE COKTAIL 240ML","PCS","CTN","6281034906153","77.625"
"3201001068","MASAFI REFRESHING KIWI LIME&MINT 1LTR","PCS","CTN","6291001002757","41.05500000000001"
"3201001070","MASAFI SPLEDID POMEGRANATE 1LTR","PCS","CTN","6291001011520","66.303825"
"3201001072","MASAFI SPORTS CAP BOTTLE 500ML","PCS","OUT","6291001000586","12.014625"
"3201001073","FBC BASIL SEED DRINK W/HONEY 290ML","PCS","CTN","2014011047877","161"
"3201001074","FBC BASIL SEED DRINK W/LYCHEE290ML","PCS","CTN","2014011047884","161"
"3201001075","FBC BASIL SEED DRINK W/ORANGE 290ML","PCS","CTN","2014011047891","161"
"3201001076","FBC BASIL SEED DRINK W/POMEQRANATE290ML","PCS","CTN","2014011047907","172.5"
"3201001077","JUST JUICEY ORANGE JUICE 250ML","PCS","OUT","6291074217218","10.925"
"3201001077","JUST JUICEY ORANGE JUICE 250ML","PCS","CTN","6291074219212","34.442499999999995"
"3201001078","JUST JUICEY MANGO JUICE 250ML","PCS","OUT","6291074217201","10.925"
"3201001078","JUST JUICEY MANGO JUICE 250ML","PCS","CTN","6291074219205","34.442499999999995"
"3201001084","BOISSON COCO TREE 330ML","PCS","OUT","6505699910011","21.275"
"3201001084","BOISSON COCO TREE 330ML","PCS","CTN","1888501190020","90.85000000000001"
"3201001085","RUBY D/COCONUT CAN 520ML","PCS","CTN","2014011048812","174.5079"
"3201001086","RUBY UHT COCONUT W/NATURAL 500ML","PCS","CTN","2014011048829","108.675"
"3201001087","RUBY COCONUT/W & LYCHEE 500ML","PCS","CTN","2014011048836","158.69931000000003"
"3201001088","RUBY COCONUT W&MANGO 500ML","PCS","CTN","2014011048843","158.69931000000003"
"3201001089","RUBY COCONUT W & PINK GUAVA 500ML","PCS","CTN","2014011048850","158.69931000000003"
"3201001090","RUBY COCONUT W & POMEG 500ML","PCS","CTN","2014011048867","160.424885"
"3201001099","CAPRISON PINEAPPLE 200ML","PCS","OUT","6291105810999","12.014625"
"3201001101","VIMTO SPARKLING FRUIT FLVR DRINK 2.25 LTR","PCS","CTN","6281034000479","32.602500000000006"
"3201001113","HYDRO COCO COCONUT WATER DRINK 250 ML","PCS","CTN","2015011052397","70.035"
"3201001115","POKKA VITAENE C EXTRA 120ML","PCS","OUT","6543799910159","35.074999999999996"
"3201001152","SUN TOP SUNTOP MIX FRUIT 125ML","PCS","OUT","6281012033253","8.05"
"3201001152","SUN TOP SUNTOP MIX FRUIT 125ML","PCS","CTN","0107030598917","24.138499999999997"
"3201001152","SUN TOP SUNTOP MIX FRUIT 125ML","PCS","CTN","6281012044372","24.138499999999997"
"3201001152","SUN TOP SUNTOP MIX FRUIT 125ML","PCS","CTN","6281012045348","24.138499999999997"
"3201001153","SUN TOP BERRY MIX 125ML","PCS","OUT","6281012044617","8.337499999999999"
"3201001153","SUN TOP BERRY MIX 125ML","PCS","CTN","0107030598818","24.138499999999997"
"3201001153","SUN TOP BERRY MIX 125ML","PCS","CTN","6281012044587","24.138499999999997"
"3201001153","SUN TOP BERRY MIX 125ML","PCS","CTN","6281012045362","24.138499999999997"
"3201001154","SUN TOP SUNTOP APPLE 125ML","PCS","OUT","6281012022417","5.131875000000001"
"3201001154","SUN TOP SUNTOP APPLE 125ML","PCS","CTN","6281012044631","18.71625"
"3201001155","SUN TOP SUNTOP ORANGE 250ML","PCS","OUT","6281012022332","14.8925"
"3201001156","SUN TOP SUNTOP MANGO 250ML","PCS","OUT","6281012022462","14.8925"
"3201001157","SUN TOP SUNTOP MIX FRUIT 250ML","PCS","OUT","6281012033208","14.0875"
"3201001157","SUN TOP SUNTOP MIX FRUIT 250ML","PCS","CTN","6281012044365","58.59250000000001"
"3201001158","SUN TOP SUNTOP BERRY MIX 250ML","PCS","OUT","6281012044624","14.8925"
"3201001158","SUN TOP SUNTOP BERRY MIX 250ML","PCS","CTN","6281012044594","59.800000000000004"
"3201001159","SUN TOP SUNTOP APPLE 250ML","PCS","OUT","6281012022394","7.848750000000001"
"3201001159","SUN TOP SUNTOP APPLE 250ML","PCS","CTN","6281012044648","30.127125000000003"
"3201001160","SUN TOP SUN COLA 125ML","PCS","OUT","6281012044419","8.337499999999999"
"3201001160","SUN TOP SUN COLA 125ML","PCS","CTN","0107030598610","24.138499999999997"
"3201001160","SUN TOP SUN COLA 125ML","PCS","CTN","6281012044501","24.138499999999997"
"3201001160","SUN TOP SUN COLA 125ML","PCS","CTN","6281012045461","24.138499999999997"
"3201001161","EXOTICA MANGO JUICE 355ML","PCS","OUT","5060426670374","14.49"
"3201001162","EXOTICA LYCHEE JUICE 355ML","PCS","OUT","5060426670404","14.49"
"3201001163","EXOTICA GUAVA JUICE 355ML","PCS","OUT","5060426670381","14.49"
"3201001164","EXOTICA POMEGRANATE JUICE 355ML","PCS","OUT","5060426670398","14.49"
"3201001165","RANI PET PINEAPPLE 1.4LTR","PCS","CTN","6281034907884","54.038500000000006"
"3201001166","RANI FLOAT GUAVA 150ML","PCS","OUT","6281034908430","20.698964999999998"
"3201001166","RANI FLOAT GUAVA 150ML","PCS","CTN","6281034906344","41.399195"
"3201001167","RANI FLOAT GUAVA 240ML","PCS","CTN","6281034906382","77.625"
"3201001168","RANI STRAWBERRY BANANA 150ML","PCS","CTN","6281034903923","44.274195"
"3201001169","RANI SPARK APPLE 330ML","PCS","OUT","6297000747316","31.334624999999996"
"3201001169","RANI SPARK APPLE 330ML","PCS","CTN","6297000747323","122.475"
"3201001170","RANI SPARK MIX FRUIT 330ML","PCS","OUT","6297000747095","31.334624999999996"
"3201001170","RANI SPARK MIX FRUIT 330ML","PCS","CTN","6297000747101","122.76249999999999"
"3201001171","RANI SPARK GRAPE 330ML","PCS","OUT","6297000747156","31.334624999999996"
"3201001171","RANI SPARK GRAPE 330ML","PCS","CTN","6297000747163","123.05000000000001"
"3201001172","RANI SPARK PEACH 330ML","PCS","OUT","6297000747125","31.334624999999996"
"3201001172","RANI SPARK PEACH 330ML","PCS","CTN","6297000747132","123.05000000000001"
"3201001179","FANTA FANOUS RAMADAN LIMITED EDITION 330ML","PCS","OUT","5449000665324","9.05625"
"3201001179","FANTA FANOUS RAMADAN LIMITED EDITION 330ML","PCS","CTN","5449000665317","36.164625"
"3201001180","FANTA FANOUS RAMADAN LIMITED EDITION 2.25LT","PCS","CTN","5449000231840","32.602500000000006"
"3204000005","KASSATLY SYRUP JALLAB 600ML","PCS","CTN","2009000010086","338.09999999999997"
"3204000006","KASSATLY SYRUP KAMARDINE 600ML","PCS","CTN","2009000010093","221.95"
"3204000007","KASSATLY SYRUP GRANADINE 600ML","PCS","CTN","2009000010109","221.95"
"3204000010","KASSATLY SYRUP ROSE 600ML","PCS","CTN","2009000010116","221.95"
"3204000012","KASSATLY SYRUP TAMARIND 600ML","PCS","CTN","2009000010130","221.95"
"3204000014","JUNAL LEMON SUBSTITUTE 1000 ml","PCS","CTN","2004000250661","76.67625"
"3204000018","A.GARDEN LEMON JUICE 32OZ","PCS","CTN","2004000206453","236.6125"
"3204000021","VIMTO CORDIAL 710ML","PCS","CTN","6281034900892","185.15"
"3204000029","SUNQUICK GRAPE 840ML","PCS","CTN","2010198002494","132.82500000000002"
"3205000165","F.CLARK INSTANT DRINK LEMON 2.5 KG","PCS","CTN","2004000205067","255.24261499999997"
"3205000166","F.CLARK INSTANT DRINK-ORANGE 750GR","PCS","CTN","2004000250715","222.78375"
"3205000168","F.CLARK VALENCIA ORANGE REFILL 750GM","PCS","CTN","2015011051307","281.75"
"3205000169","F.CLARK INSTANT DRINK ORANGE 2.5 KG","PCS","CTN","2004000250739","255.3"
"3205000171","F.CLARK INSTANT DRINK MANGO 2.5 KG","PCS","CTN","2004000250760","255.3"
"3205000172","F.CLARK INSTANT DRINK PINEAPPLE 2.5 KG","PCS","CTN","2004000250784","255.3"
"3205000174","F.CLARK INSTANT DRINK MANDARINE 750 gr","PCS","CTN","2004000250845","229.425"
"3205000175","F.CLARK INSTANT DRINK MANDARINE 2.5 KG","PCS","CTN","2004000250852","255.24261499999997"
"3205000197","TANG MANGO 2.5KG","PCS","CTN","7622300470067","319.125"
"3205000198","TANG ORANGE 750GR","PCS","CTN","7622300473679","446.775"
"3205000199","TANG INSTANT DRINK PINEAPPLE 2.5 KG","PCS","CTN","7622300470234","303.025"
"3205000201","TANG ORANGE 2.5KG","PCS","CTN","7622300470043","319.125"
"3205000207","TANG INSTANT DINSTANT DRINK LEMON 2.5 KG","PCS","CTN","7622300470210","302.45"
"3205000208","TANG INSTANT DRINK ORANGE 1.5 KG","PCS","CTN","7622300470258","199.23749999999998"
"3205000209","TANG INSTANT DRINK MANGO 1.5 KG","PCS","CTN","7622300470272","199.23749999999998"
"3205000212","TANG MANGO JAR 750GR","PCS","CTN","7622300473716","426.65"
"3205000249","F.CLARK IFDC VALENCIA ORANGE 2.5KG","PCS","CTN","2008000421311","257.1975"
"3205000268","TANG TROPICAL COCKTAIL 2.5KG","PCS","CTN","7622300470197","303.6"
"3205000276","TANG MANGO 500GR","PCS","CTN","2009000006911","211.3125"
"3205000277","TANG ORANGE REFILL 500GR","PCS","CTN","2009000006928","211.3125"
"3205000291","ARUBA INSTANT DRINK LEMON 750G","PCS","CTN","2010198008380","332.33838499999996"
"3205000292","ARUBA INSTANT DRINK PINEAPPLE 750G","PCS","CTN","2010198008397","297.5625"
"3205000293","ARUBA INSTANT DRINK ORANGE 750G","PCS","CTN","2010198008403","332.33838499999996"
"3205000295","ARUBA INSTANT DRINK TROPICAL 750G","PCS","CTN","2010198008427","332.33838499999996"
"3205000309","TANG INSTANT FRUIT DRINK ORANGE 84GM","PCS","OUT","7622210382368","30.1875"
"3205000310","TANG MNGO DRINK 84GM","PCS","OUT","7622210382405","30.1875"
"3205000311","TANG TROPICLE 84GM","PCS","OUT","7622210382443","30.1875"
"3205000313","TANG STBRY KIWI 84GM","PCS","OUT","7622210382498","31.395000000000003"
"3205000315","TANG P/PINEAPLE 84GM","PCS","OUT","7622210382528","31.395000000000003"
"3205000317","TANG LEMON MINT 84GM","PCS","OUT","7622210382566","30.1875"
"3205000320","F.CLARK INTANT DRINK MANGO REFILL 750G","PCS","CTN","2013011046279","281.75"
"3206000005","LIPTON ICE TEA LEMON 320ML","PCS","OUT","6281006710078","23.862499999999997"
"3206000005","LIPTON ICE TEA LEMON 320ML","PCS","CTN","6281006710139","95.44999999999999"
"3206000006","LIPTON ICE TEA PEACH 320ML","PCS","OUT","6281006710085","21.8385"
"3206000006","LIPTON ICE TEA PEACH 320ML","PCS","CTN","6281006710146","95.16250000000001"
"3207000006","NESCAFE RTD ORIGINAL 240 ML","PCS","OUT","9556001124463","53.475"
"3207000007","NESCAFE RTD MOCHA 240 ML","PCS","OUT","9556001124494","53.99250000000001"
"3207000008","NESCAFE RTD LATTE 240 ML","PCS","OUT","9556001124531","58.075"
"3207000025","NESCAFE MENU CARAMEL MP 17G","PCS","OUT","8801055707713","28.37625"
"3208000030","ISOSTAR FAST HYDRATION 250ML","PCS","OUT","7612100037843","27.470625000000002"
"3208000031","POCARI 330ML","PCS","OUT","6291023013861","31.05"
"3208000031","POCARI 330ML","PCS","OUT","6932529211237","31.05"
"3208000031","POCARI 330ML","PCS","OUT","6932529211299","31.05"
"3208000031","POCARI 330ML","PCS","OUT","8997035600478","31.05"
"3208000031","POCARI 330ML","PCS","CTN","18997035600475","126.50000000000001"
"3208000031","POCARI 330ML","PCS","CTN","2007000409961","126.50000000000001"
"3208000031","POCARI 330ML","PCS","CTN","6932529211350","126.50000000000001"
"3208000032","RED BULL SUGAR FREE 250 ML","PCS","OUT2","9002490200381","47.724999999999994"
"3208000032","RED BULL SUGAR FREE 250 ML","PCS","OUT","9002490200404","70.725"
"3208000032","RED BULL SUGAR FREE 250 ML","PCS","CTN","9002490200237","280.600115"
"3208000049","OVALTINE CHOCOLATE HEALTH DRINK 400GR","PCS","CTN","2004000151319","483"
"3208000050","RED BULL ENERGY DRINK 250ML","PCS","OUT-3","3030000000670","23.575"
"3208000050","RED BULL ENERGY DRINK 250ML","PCS","OUT2","9002490100490","45.712500000000006"
"3208000050","RED BULL ENERGY DRINK 250ML","PCS","OUT","9002490100193","68.7125"
"3208000050","RED BULL ENERGY DRINK 250ML","PCS","OUT","9002490215750","68.7125"
"3208000050","RED BULL ENERGY DRINK 250ML","PCS","CTN2","9002490249977","136.85"
"3208000050","RED BULL ENERGY DRINK 250ML","PCS","CTN","9002490100032","274.562615"
"3208000055","BOOST HEALTH DRINK JAR 500","PCS","CTN","2004000281429","615.25"
"3208000057","HORLICKS HEALTH DRINK 500GR","PCS","CTN","2004000076858","535.9"
"3208000061","HORLICKS HEALTH DRINK 1 KG","PCS","CTN","2004000281504","490.12424999999996"
"3208000062","HORLICKS HEALTH DRINK CHOCOLATE 500GR","PCS","CTN","2004000281511","535.9"
"3208000066","ISOSTAR LIQUID ORANGE 250 ml","PCS","CTN","2004000251279","107.4675"
"3208000067","ISOSTAR ORANGE 400GR","PCS","CTN","2004000151326","398.47499999999997"
"3208000068","ISOSTAR LIQUID LEMON 250 gr","PCS","OUT","000076121715","54.941250000000004"
"3208000068","ISOSTAR LIQUID LEMON 250 gr","PCS","CTN","2004000251453","108.07124999999999"
"3208000069","ISOSTAR LIQUID FRESH 500 ml","PCS","CTN","7612100033562","96.6"
"3208000070","ISOSTAR LIQUID ORANGE 500 ml","PCS","CTN","7612100032510","97.20375000000001"
"3208000080","POCARI BOTTLE 500ML","PCS","CTN","8997035600307","209.2885"
"3208000081","POWER HORS E/DRINK 250ML","PCS","OUT","9001372982490","66.125"
"3208000081","POWER HORS E/DRINK 250ML","PCS","CTN","2004000179283","133.3885"
"3208000081","POWER HORS E/DRINK 250ML","PCS","CTN","2007000398630","133.3885"
"3208000104","BURN ENERGY DRINK 250ML","PCS","OUT","5449000105981","27.60345"
"3208000104","BURN ENERGY DRINK 250ML","PCS","CTN","5449000140555","138.01725000000002"
"3208000105","POWER HORS ENERGY DRINK 250ML NRB","PCS","CTN","2007000404089","227.125"
"3208000107","VITAMIN C 180ML","PCS","CTN","9311755200937","106.95"
"3208000108","VITA MILK SOYAMILK 1LTR","PCS","CTN","2008000424503","96.6"
"3208000109","VITA MILK SOYA MILK 300ML BOTTLE","PCS","CTN","18851028000560","193.2"
"3208000109","VITA MILK SOYA MILK 300ML BOTTLE","PCS","CTN","2006000372817","193.2"
"3208000110","V-SOY SOYA ORIGINAL 1LTR","PCS","CTN","2008000424510","249.83749999999998"
"3208000111","VITA MILK CHOCO SHAKE MALT 300ML","PCS","CTN","2008000424527","192.625"
"3208000112","POWER HORS SUGAR FREE 250ML","PCS","CTN","2008000426484","264.5"
"3208000129","RED BULL ENERGY DRINK 355ML","PCS","OUT","9002490210229","66.41250000000001"
"3208000129","RED BULL ENERGY DRINK 355ML","PCS","CTN","9002490211004","398.47499999999997"
"3208000142","V-SOY SOY MULTIGRAIN 300ML","PCS","CTN","2010198003729","195.5"
"3208000143","VITA MILK VITAMILK ENERGY 300ML","PCS","CTN","2010198003736","108.675"
"3208000144","C PLUS VITAMIN ENERGY DRINK 200ML","PCS","OUT","2010198003743","17.50875"
"3208000144","C PLUS VITAMIN ENERGY DRINK 200ML","PCS","OUT","6297000166858","17.50875"
"3208000144","C PLUS VITAMIN ENERGY DRINK 200ML","PCS","CTN","2010198003750","66.41250000000001"
"3208000146","POWER HORS E/DRINK SLEEK CAN 355ML","PCS","CTN","2010198006379","275.31"
"3208000147","VITA-C VITAMIN C + HONEY 205ML","PCS","OUT","6297000166049","25.2425"
"3208000147","VITA-C VITAMIN C + HONEY 205ML","PCS","CTN","2010198006454","100.9125"
"3208000154","MONSTER ENERGY DRINK NORMAL 355ML","PCS","CTN","2011011029315","166.63500000000002"
"3208000155","MONSTER ENERGY DRINK LOW CRAB 355ML","PCS","CTN","2011011029322","166.63500000000002"
"3208000156","MONSTER KHOAS ORANGE 355ML","PCS","CTN","2011011029339","166.63500000000002"
"3208000159","ROCKSTAR ENERGY DRINK 250ML","PCS","CTN","2012011036983","299.46"
"3208000160","ROCKSTAR ENERGY DRINK GUAVA 500ML","PCS","CTN","2012011036990","195.61499999999998"
"3208000166","RED BULL RED CRANBERRY250ML","PCS","OUT","9002490225971","47.032125"
"3208000166","RED BULL RED CRANBERRY250ML","PCS","CTN","9002490223007","280.14"
"3208000167","RED BULL BLUEBERRY 250ML","PCS","OUT","9002490226008","47.4375"
"3208000167","RED BULL BLUEBERRY 250ML","PCS","CTN","9002490223014","280.14"
"3208000168","RED BULL SILVER LIME FLAVOR250ML","PCS","CTN","9002490223021","174.8"
"3208000170","ROCKSTAR ENERGY DRINK REGULAR 500ML","PCS","CTN","2013011047153","195.61499999999998"
"3208000171","POCARI SWEAT ISOTONIC DRINK 350ML","PCS","CTN","2014011048171","166.75"
"3208000175","GO-FAST ENERGY DRINK 250 ML","PCS","CTN","831753002023","156.975"
"3208000182","RED BULL YELLOW EDITION 250ML","PCS","OUT","9002490232443","47.724999999999994"
"3208000183","DYDO ENE GYM C VITAMIN DRINK 240ML","PCS","OUT","4904910910168","48.239625"
"3208000184","MONSTER ENERGY 355ML CAN","PCS","OUT","5060337502443","132.82500000000002"
"3208000185","MONSTER ASSAULT 355ML","PCS","OUT","5060337502467","132.82500000000002"
"3208000186","MONSTER KHAOS 355ML","PCS","CTN","5060337502498","132.82500000000002"
"3208000192","BUNDABERG GINGER BEV 375ML","PCS","OUT","9311493001100","51.175115000000005"
"3208000192","BUNDABERG GINGER BEV 375ML","PCS","CTN","0303","305.90000000000003"
"3208000193","BUNDABERG ROOT BEV 375ML","PCS","OUT","9311493002312","59.225"
"3209000066","FANTA WILD S/BERRY 330ML","PCS","OUT","5449000061140","17.25"
"3209000066","FANTA WILD S/BERRY 330ML","PCS","OUT","5449000062505","17.25"
"3209000066","FANTA WILD S/BERRY 330ML","PCS","OUT","5449000094414","17.25"
"3209000066","FANTA WILD S/BERRY 330ML","PCS","CTN","5449000062512","68.998965"
"3209000066","FANTA WILD S/BERRY 330ML","PCS","CTN","5449000092670","68.998965"
"3209000078","CANADA DRY CLUB SODA NRB 330ML","PCS","OUT","5449000188793","13.799999999999999"
"3209000078","CANADA DRY CLUB SODA NRB 330ML","PCS","CTN","5449000188809","56.292500000000004"
"3209000082","MOUNTAIN DEW FAMILY 2.28LT","PCS","CTN","012000805998","58.59250000000001"
"3209000083","MOUNTAIN DEW M. DEW CAN 355ML","PCS","OUT","012000806070","18.1125"
"3209000083","MOUNTAIN DEW M. DEW CAN 355ML","PCS","CTN","012000805929","72.73738499999999"
"3209000090","PEPSI SOFT DRINK  CAN 355ML","PCS","OUT","012000805431","17.25161"
"3209000090","PEPSI SOFT DRINK  CAN 355ML","PCS","OUT","2004001490110","17.25161"
"3209000090","PEPSI SOFT DRINK  CAN 355ML","PCS","CTN","012000000171","72.73738499999999"
"3209000091","MIRINDA ORANGE  CAN 330ML","PCS","OUT","012000805707","18.975"
"3209000091","MIRINDA ORANGE  CAN 330ML","PCS","OUT","012000810633","18.975"
"3209000091","MIRINDA ORANGE  CAN 330ML","PCS","CTN","012000805783","75.6125"
"3209000091","MIRINDA ORANGE  CAN 330ML","PCS","CTN","2004000177319","75.6125"
"3209000096","PEPSI DIET CAN 355ML","PCS","OUT","012000806032","17.825"
"3209000096","PEPSI DIET CAN 355ML","PCS","CTN","2004000177364","73.02476999999999"
"3209000097","PEPSI CAN 150ML","PCS","CTN","012000805011","71.5875"
"3209000097","PEPSI CAN 150ML","PCS","CTN","120008050115","71.5875"
"3209000097","PEPSI CAN 150ML","PCS","CTN","2007000400982","71.5875"
"3209000102","7-UP 7UP 150ML","PCS","CTN","0012000806377","71.3"
"3209000102","7-UP 7UP 150ML","PCS","CTN","012000806377","71.3"
"3209000102","7-UP 7UP 150ML","PCS","CTN","012000806391","71.3"
"3209000105","7-UP SOFT DRINKS NEW LOOK 2.28LTR","PCS","OUT","012000805776","60.375"
"3209000106","7-UP S/DRINKS BOT 300ML","PCS","OUT","012000025662","22.425"
"3209000106","7-UP S/DRINKS BOT 300ML","PCS","CTN","012000800788","89.7"
"3209000106","7-UP S/DRINKS BOT 300ML","PCS","CTN","012000805882","89.7"
"3209000107","CANADA DRY DANA NRB 330ML","PCS","OUT","5449000188854","20.6425"
"3209000107","CANADA DRY DANA NRB 330ML","PCS","CTN","5449000188861","88.55"
"3209000108","CANADA DRY CLUB SODA 300ML","PCS","OUT","5449000064585","13.225000000000001"
"3209000108","CANADA DRY CLUB SODA 300ML","PCS","OUT","5449000138835","13.225000000000001"
"3209000108","CANADA DRY CLUB SODA 300ML","PCS","OUT","5449000183545","13.225000000000001"
"3209000108","CANADA DRY CLUB SODA 300ML","PCS","CTN","54490000138842","52.900000000000006"
"3209000108","CANADA DRY CLUB SODA 300ML","PCS","CTN","5449000064837","52.900000000000006"
"3209000108","CANADA DRY CLUB SODA 300ML","PCS","CTN","5449000138842","52.900000000000006"
"3209000108","CANADA DRY CLUB SODA 300ML","PCS","CTN","5449000183675","52.900000000000006"
"3209000112","COCA COLA SOFT DRINK 2.25 LT","PCS","CTN","5449000039880","54.912499999999994"
"3209000112","COCA COLA SOFT DRINK 2.25 LT","PCS","CTN","5449000147509","54.912499999999994"
"3209000116","COCA COLA COLA 330 ML","PCS","OUT","5000112567939","17.1925"
"3209000116","COCA COLA COLA 330 ML","PCS","OUT","5449000000965","17.1925"
"3209000116","COCA COLA COLA 330 ML","PCS","OUT","5449000043924","17.1925"
"3209000116","COCA COLA COLA 330 ML","PCS","CTN","5449000000279","68.7125"
"3209000116","COCA COLA COLA 330 ML","PCS","CTN","5449000044570","68.7125"
"3209000117","COCA COLA SPRITE PET 2.25 LT","PCS","CTN","5449000039927","54.912499999999994"
"3209000117","COCA COLA SPRITE PET 2.25 LT","PCS","CTN","5449000108197","54.912499999999994"
"3209000119","COCA COLA COCA-COLA CAN 150 ML","PCS","CTN","5449000066947","65.20500000000001"
"3209000120","COCA COLA COCA-COLA LIGHT 150ML","PCS","CTN","2004001488339","65.20500000000001"
"3209000120","COCA COLA COCA-COLA LIGHT 150ML","PCS","CTN","5449000066954","65.20500000000001"
"3209000121","COCA COLA SPRITE CANS 150ML","PCS","CTN","5449000066978","89.125"
"3209000122","COCA COLA  LIGHT 330 ML","PCS","OUT","5449000043931","19.55"
"3209000122","COCA COLA  LIGHT 330 ML","PCS","OUT","5449000050090","19.55"
"3209000122","COCA COLA  LIGHT 330 ML","PCS","CTN","5449000044549","82.8"
"3209000122","COCA COLA  LIGHT 330 ML","PCS","CTN","9049000000444","82.8"
"3209000123","COCA COLA SPRITE CANS 330ML","PCS","OUT","5449000012241","17.825"
"3209000123","COCA COLA SPRITE CANS 330ML","PCS","OUT","5449000043962","17.825"
"3209000123","COCA COLA SPRITE CANS 330ML","PCS","CTN","5449000001481","72.45"
"3209000123","COCA COLA SPRITE CANS 330ML","PCS","CTN","5449000044563","72.45"
"3209000124","COCA COLA SPRITE LIGHT CAN 355ML","PCS","OUT","5449000042422","17.249195"
"3209000124","COCA COLA SPRITE LIGHT CAN 355ML","PCS","OUT","5449000061553","17.249195"
"3209000124","COCA COLA SPRITE LIGHT CAN 355ML","PCS","CTN","5449000006769","68.998965"
"3209000124","COCA COLA SPRITE LIGHT CAN 355ML","PCS","CTN","5449000062529","68.998965"
"3209000128","FANTA SOFT DRINK 2.25 LT","PCS","CTN","5449000039903","55.199999999999996"
"3209000128","FANTA SOFT DRINK 2.25 LT","PCS","CTN","5449000107657","55.199999999999996"
"3209000128","FANTA SOFT DRINK 2.25 LT","PCS","CTN","5449000321718","55.199999999999996"
"3209000129","FANTA BOLD ORANGE 330ML","PCS","OUT","5449000018281","17.249195"
"3209000129","FANTA BOLD ORANGE 330ML","PCS","OUT","5449000043948","17.249195"
"3209000129","FANTA BOLD ORANGE 330ML","PCS","OUT","5449000056689","17.249195"
"3209000129","FANTA BOLD ORANGE 330ML","PCS","CTN","5449000011541","68.998965"
"3209000129","FANTA BOLD ORANGE 330ML","PCS","CTN","5449000044556","68.998965"
"3209000132","MIRINDA ORANGE 2.28L","PCS","CTN","012000805103","60.375"
"3209000135","MIRINDA ORANGE CAN 150 ML","PCS","CTN","012000805028","73.025"
"3209000135","MIRINDA ORANGE CAN 150 ML","PCS","CTN","2004000148784","73.025"
"3209000138","SHANI JUICE  CAN 355ML","PCS","OUT","0012000806063","17.25161"
"3209000138","SHANI JUICE  CAN 355ML","PCS","OUT","012000806063","17.25161"
"3209000138","SHANI JUICE  CAN 355ML","PCS","CTN","012000805813","72.73738499999999"
"3209000138","SHANI JUICE  CAN 355ML","PCS","CTN","2005000319280","72.73738499999999"
"3209000139","COCA COLA FANTA ORANGE CANS 150ML","PCS","CTN","5449000066961","65.20500000000001"
"3209000140","FANTA CITRUS 330ML CAN","PCS","OUT","5449000043955","16.9625"
"3209000140","FANTA CITRUS 330ML CAN","PCS","OUT","5449000092656","16.9625"
"3209000140","FANTA CITRUS 330ML CAN","PCS","CTN","5449000044532","68.998965"
"3209000140","FANTA CITRUS 330ML CAN","PCS","CTN","5449000092663","68.998965"
"3209000141","PEPSI MOUNTAIN DEW 150ML","PCS","CTN","012000809224","73.60000000000001"
"3209000141","PEPSI MOUNTAIN DEW 150ML","PCS","CTN","2005000348945","73.60000000000001"
"3209000150","COCA COLA COLA 500ML","PCS","OUT","5449000020628","24.15"
"3209000150","COCA COLA COLA 500ML","PCS","CTN","5000112612639","96.6"
"3209000150","COCA COLA COLA 500ML","PCS","CTN","5449000017673","96.6"
"3209000151","COCA COLA SPRITE 500ML","PCS","OUT","5449000020659","25.0125"
"3209000151","COCA COLA SPRITE 500ML","PCS","CTN","5449000019844","99.475115"
"3209000152","COCA COLA FANTA ORANGE 500ML","PCS","OUT","5449000020734","25.0125"
"3209000152","COCA COLA FANTA ORANGE 500ML","PCS","CTN","5449000019837","99.475115"
"3209000158","7-UP SOFT DRINK CAN 355ML","PCS","OUT","012000805738","17.25161"
"3209000158","7-UP SOFT DRINK CAN 355ML","PCS","CTN","0012000805806","69.00506"
"3209000158","7-UP SOFT DRINK CAN 355ML","PCS","CTN","012000805806","69.00506"
"3209000167","MIRINDA GREEN APPLE CAN 330ML","PCS","OUT","012000807794","17.25161"
"3209000167","MIRINDA GREEN APPLE CAN 330ML","PCS","CTN","012000806209","72.73738499999999"
"3209000168","FANTA APPLE JUICE 330ML","PCS","OUT","5449000665362","16.904999999999998"
"3209000168","FANTA APPLE JUICE 330ML","PCS","CTN","5449000664662","68.998965"
"3209000171","CANADA DRY CREAM SODA BOTTLE 330ML","PCS","OUT","5449000188878","21.275"
"3209000171","CANADA DRY CREAM SODA BOTTLE 330ML","PCS","CTN","5449000188885","88.55"
"3209000172","COCA COLA THUMS UP 330ML CAN","PCS","OUT","5449000103062","17.249195"
"3209000172","COCA COLA THUMS UP 330ML CAN","PCS","OUT","5449000196705","17.249195"
"3209000172","COCA COLA THUMS UP 330ML CAN","PCS","CTN","5449000028785","68.998965"
"3209000172","COCA COLA THUMS UP 330ML CAN","PCS","CTN","5449000196682","68.998965"
"3209000176","COCA COLA COLA LIGHT 500ML","PCS","OUT","5449000026135","24.15"
"3209000176","COCA COLA COLA LIGHT 500ML","PCS","CTN","5449000017680","96.6"
"3209000179","7-UP FREE 355ML CAN","PCS","OUT","012000018909","18.1125"
"3209000179","7-UP FREE 355ML CAN","PCS","OUT","0120000189090","18.1125"
"3209000179","7-UP FREE 355ML CAN","PCS","OUT","120000189090","18.1125"
"3209000179","7-UP FREE 355ML CAN","PCS","CTN","012000017377","72.45"
"3209000179","7-UP FREE 355ML CAN","PCS","CTN","012000805936","72.45"
"3209000182","COCA COLA FANTA STRAWBERRY 500ML","PCS","OUT","5449000081902","22.712500000000002"
"3209000182","COCA COLA FANTA STRAWBERRY 500ML","PCS","CTN","5449000068491","90.275"
"3209000185","CANADA DRY ORANGE NRB 330ML","PCS","OUT","5449000188830","16.301250000000003"
"3209000185","CANADA DRY ORANGE NRB 330ML","PCS","CTN","5449000188847","65.20500000000001"
"3209000187","COCA COLA COLA LIGHT 2.25LT","PCS","CTN","5449000139740","54.3375"
"3209000187","COCA COLA COLA LIGHT 2.25LT","PCS","CTN","5449000201676","54.3375"
"3209000189","CANADA DRY CITRUS 330ML NRB","PCS","OUT","5449000188816","16.301250000000003"
"3209000189","CANADA DRY CITRUS 330ML NRB","PCS","CTN","5449000188823","65.20500000000001"
"3209000208","COCA COLA COLA ZERO 330ML","PCS","OUT","5449000131812","19.55"
"3209000208","COCA COLA COLA ZERO 330ML","PCS","OUT","5449000196835","19.55"
"3209000208","COCA COLA COLA ZERO 330ML","PCS","CTN","5449000135148","68.998965"
"3209000208","COCA COLA COLA ZERO 330ML","PCS","CTN","5449000196842","68.998965"
"3209000218","CANADA DRY COLA 300ML NRB","PCS","OUT","5449000150684","7.184625"
"3209000218","CANADA DRY COLA 300ML NRB","PCS","CTN","5449000150912","25.3575"
"3209000219","COCA COLA COLA NRB 250 ML","PCS","OUT","5449000031815","20.6425"
"3209000219","COCA COLA COLA NRB 250 ML","PCS","OUT","5449000043191","20.6425"
"3209000219","COCA COLA COLA NRB 250 ML","PCS","CTN","5449000019127","82.5125"
"3209000220","COCA COLA LIGHT NRB 250 ML","PCS","OUT","5449000020666","16.301250000000003"
"3209000220","COCA COLA LIGHT NRB 250 ML","PCS","OUT","54492823","16.301250000000003"
"3209000220","COCA COLA LIGHT NRB 250 ML","PCS","CTN","5449000019134","65.20500000000001"
"3209000221","COCA COLA ZERO NRB 250 ML","PCS","OUT","5449000148728","16.301250000000003"
"3209000221","COCA COLA ZERO NRB 250 ML","PCS","CTN","5449000142856","65.20500000000001"
"3209000222","COCA COLA SPRITE NRB 250 ML","PCS","OUT","2009000008823","20.6425"
"3209000222","COCA COLA SPRITE NRB 250 ML","PCS","OUT","5449000037404","20.6425"
"3209000222","COCA COLA SPRITE NRB 250 ML","PCS","OUT","5449000178749","20.6425"
"3209000222","COCA COLA SPRITE NRB 250 ML","PCS","CTN","5449000056924","82.5125"
"3209000223","COCA COLA ORANGE NRB 250 ML","PCS","OUT","5449000037381","20.6425"
"3209000223","COCA COLA ORANGE NRB 250 ML","PCS","OUT","5449000178732","20.6425"
"3209000223","COCA COLA ORANGE NRB 250 ML","PCS","CTN","5449000012081","82.5125"
"3209000225","PEPSI 500ML","PCS","OUT","012000021855","52.8425"
"3209000225","PEPSI 500ML","PCS","CTN","012000022333","105.74249999999999"
"3209000226","PEPSI DIET 500ML","PCS","OUT","012000021862","52.8425"
"3209000226","PEPSI DIET 500ML","PCS","CTN","012000022340","105.74249999999999"
"3209000228","MIRINDA ORANGE 500ML","PCS","OUT","012000021886","26.3925"
"3209000228","MIRINDA ORANGE 500ML","PCS","CTN","012000022371","105.74249999999999"
"3209000229","PEPSI MOUNTAIN DEW 500ML","PCS","OUT","012000021909","26.3925"
"3209000229","PEPSI MOUNTAIN DEW 500ML","PCS","CTN","012000022395","105.74249999999999"
"3209000230","7-UP 7UP 500ML","PCS","OUT","012000021879","26.3925"
"3209000230","7-UP 7UP 500ML","PCS","SIZE-1","012000022357","105.74249999999999"
"3209000231","7-UP DIET 500ML","PCS","OUT","012000022883","52.8425"
"3209000231","7-UP DIET 500ML","PCS","CTN","012000022364","105.74249999999999"
"3209000233","SCHWEPPES WATER TONIC 300ML","PCS","OUT","5449000064356","18.3885"
"3209000234","SCHWEPPES GINGER ALE 300ML","PCS","OUT","5449000070579","18.3425"
"3209000235","SCHWEPPES BITTER LEMON 300ML","PCS","OUT","5449000064332","16.301250000000003"
"3209000245","COCA COLA COLA LIGHT PET 1LTR","PCS","CTN","5449000139092","75.8425"
"3209000258","CANADA DRY CREAM SODA CAN 355 ML","PCS","OUT","5449000183521","17.537499999999998"
"3209000258","CANADA DRY CREAM SODA CAN 355 ML","PCS","CTN","5449000070760","69.86250000000001"
"3209000259","CANADA DRY DANA CAN355 ML","PCS","OUT","5449000183538","16.301250000000003"
"3209000259","CANADA DRY DANA CAN355 ML","PCS","CTN","5449000070784","65.20500000000001"
"3209000260","CANADA DRY TONIC WATER CAN 355 ML","PCS","OUT","5449000183569","16.301250000000003"
"3209000260","CANADA DRY TONIC WATER CAN 355 ML","PCS","CTN","5449000183668","65.20500000000001"
"3209000261","CANADA DRY ORANGE CAN 355 ML","PCS","OUT","5449000183507","16.301250000000003"
"3209000261","CANADA DRY ORANGE CAN 355 ML","PCS","CTN","5449000183705","65.20500000000001"
"3209000262","CANADA DRY CITRUS CAN 355 ML","PCS","OUT","5449000183514","16.301250000000003"
"3209000262","CANADA DRY CITRUS CAN 355 ML","PCS","CTN","5449000183699","65.20500000000001"
"3209000264","CANADA DRY COLA 250 ML","PCS","OUT","5449000182043","11.44227"
"3209000278","COCA COLA SOFT DRIINK 1.5LTR","PCS","CTN","5449000051684","39.09885"
"3209000279","COCA COLA FANTA PET 1.5LTR","PCS","CTN","5449000053527","43.46999999999999"
"3209000280","COCA COLA SPRITE PET 1.5LTR","PCS","CTN","5449000053534","39.09885"
"3209000290","MOUNTAIN DEW SOFT DRINK BOTTLE 250ML","PCS","OUT","012000025655","22.712500000000002"
"3209000290","MOUNTAIN DEW SOFT DRINK BOTTLE 250ML","PCS","CTN","012000800771","90.5625"
"3209000291","COCA COLA QUWAT JABAL STORM 300 ML","PCS","OUT","5449000200204","10.925"
"3209000291","COCA COLA QUWAT JABAL STORM 300 ML","PCS","CTN","5449000200068","43.7"
"3209000292","COCA COLA QUWAT JABAL STORM 1LTR","PCS","CTN","5449000200075","55.545"
"3209000293","COCA COLA QJ STORM 2.25LTR","PCS","CTN","5449000203618","35.65"
"3209000307","PEPSI SOFT DRINK BOTTLE 300ML","PCS","OUT","012000805424","22.712500000000002"
"3209000307","PEPSI SOFT DRINK BOTTLE 300ML","PCS","CTN","012000034435","90.5625"
"3209000307","PEPSI SOFT DRINK BOTTLE 300ML","PCS","CTN","012000800733","90.5625"
"3209000314","COCA COLA STORM SLEEK CAN 355ML","PCS","OUT","54490002076","16.301250000000003"
"3209000314","COCA COLA STORM SLEEK CAN 355ML","PCS","OUT","5449000207692","16.301250000000003"
"3209000314","COCA COLA STORM SLEEK CAN 355ML","PCS","CTN","5449000958","65.20500000000001"
"3209000329","COCA COLA ALUMINIUM BOTTLE 250ML","PCS","CTN","5449000034762","217.35"
"3209000339","SCHWEPPES GINGER ALE 250ML GLASS","PCS","OUT","5449000218612","21.734999999999996"
"3209000340","SCHWEPPES SODA WATER 250ML GLASS","PCS","OUT","5449000218605","15.2375"
"3209000341","SCHWEPPES TONIC 250ML GLASS","PCS","OUT","5449000218599","21.734999999999996"
"3209000343","PEPSI DIET 150ML","PCS","CTN","012000810909","72.45"
"3209000344","PEPSI 7UP FREE 150ML","PCS","CTN","012000023002","47.4375"
"3209000345","COCA COLA LIFE 355ML","PCS","OUT","5449000056276","27.16875"
"3209000345","COCA COLA LIFE 355ML","PCS","OUT","5449000221025","27.16875"
"3209000346","COCA COLA LIFE 250ML NRB","PCS","OUT","5449000221049","27.16875"
"3209000346","COCA COLA LIFE 250ML NRB","PCS","CTN","5449000224545","108.675"
"3209000355","SCHWEPPES SODA WITH VITAMIN C 330 ML","PCS","OUT","5449000230447","21.674625"
"3209000355","SCHWEPPES SODA WITH VITAMIN C 330 ML","PCS","CTN","5449000230430","86.33625"
"3209000356","COCA COLA COLA NRB 290 ML","PCS","OUT","5449000230126","24.15"
"3209000356","COCA COLA COLA NRB 290 ML","PCS","CTN","5449000664242","96.6"
"3209000357","COCA COLA COLA LIGHT NRB 290ML","PCS","OUT","5449000230119","24.15"
"3209000357","COCA COLA COLA LIGHT NRB 290ML","PCS","CTN","5449000664259","96.6"
"3209000358","COCA COLA COLA ZERO NRB 290ML","PCS","OUT","5449000230102","24.15"
"3209000359","COCA COLA COLA LIFE NRB 290ML","PCS","OUT","5449000230133","27.16875"
"3209000360","COCA COLA 1L+500ML","OFFER","OUT","5449000019035","43.46999999999999"
"3209000361","SPRITE 1L+500ML","OFFER","OUT","5449000012906","43.46999999999999"
"3209000362","FANTA ORANGE 1L+500ML","OFFER","OUT","5449000012791","43.46999999999999"
"3209000363","COCA COLA COCA-COLA CAN 250 ML","PCS","CTN","5449000068682","94.0125"
"3209000364","SPRITE CAN 250 ML","PCS","CTN","5449000068699","70.4375"
"3209000365","FANTA ORANGE CAN 250ML","PCS","CTN","5449000068668","74.75"
"3210000045","MASAFI MINERAL WATER CUPS 200ML","PCS","CTN","6291001002085","20.125"
"3210000047","AL AIN WATER CUP 48X100ML","PCS","CTN","6291100850082","20.125"
"3210000049","AL AIN MINERAL WATER 5LT","PCS","CTN","6291100850150","15.812500000000002"
"3210000050","MASAFI MINERAL WATER 330ML","PCS","OUT2","6291001001965","7.7625"
"3210000051","AL AIN MINERAL WATER 330ML","PCS","OUT2","3030000000825","6.8885000000000005"
"3210000051","AL AIN MINERAL WATER 330ML","PCS","OUT2","6291105811736","6.8885000000000005"
"3210000051","AL AIN MINERAL WATER 330ML","PCS","CTN","6291100850112","21.275"
"3210000051","AL AIN MINERAL WATER 330ML","PCS","CTN","6291105810180","21.275"
"3210000059","EVIAN WATER 5L","PCS","OUT","1701010007926","41.34250000000001"
"3210000059","EVIAN WATER 5L","PCS","OUT","3068320113159","41.34250000000001"
"3210000059","EVIAN WATER 5L","PCS","CTN","3068320109602","166.69249999999997"
"3210000066","PERRIER WATER LIME 200ML","PCS","OUT","3179730010942","48.5875"
"3210000066","PERRIER WATER LIME 200ML","PCS","CTN","2004000177548","194.0625"
"3210000068","PERRIER WATER LEMON 200ML","PCS","OUT","3179730010935","51.175115000000005"
"3210000068","PERRIER WATER LEMON 200ML","PCS","CTN","2004000177579","201.19249999999997"
"3210000070","EVIAN NATURAL MINERAL WATER 1.25LTR","PCS","OUT","3068320113784","62.790000000000006"
"3210000071","EVIAN WATER 330ML","PCS","CTN","3068320109664","148.35"
"3210000071","EVIAN WATER 330ML","PCS","CTN","6297001056356","148.35"
"3210000072","AL AIN MINERAL WATER CUPS 24X250 ML","PCS","CTN","6291100850105","12.594224999999998"
"3210000073","AL AIN MINERAL WATER 1.5 LTR","PCS","OUT","6291100850198","11.442499999999999"
"3210000073","AL AIN MINERAL WATER 1.5 LTR","PCS","CTN","6291100850143","24.724999999999998"
"3210000083","MASAFI MINERAL SPORTS CAP BOTTLE 330ML","PCS","OUT","6291001002122","8.912615"
"3210000083","MASAFI MINERAL SPORTS CAP BOTTLE 330ML","PCS","OUT2","6291001004454","17.537499999999998"
"3210000083","MASAFI MINERAL SPORTS CAP BOTTLE 330ML","PCS","CTN","2004000165620","35.074999999999996"
"3210000084","MASAFI MINERAL WATER 500 ML","PCS","OUT","6291001002153","6.1525"
"3210000084","MASAFI MINERAL WATER 500 ML","PCS","OUT2","6291001001941","6.1525"
"3210000084","MASAFI MINERAL WATER 500 ML","PCS","CTN","6291001002023","25.3575"
"3210000084","MASAFI MINERAL WATER 500 ML","PCS","CTN","6291001004522","25.3575"
"3210000084","MASAFI MINERAL WATER 500 ML","PCS","CTN","6291001004553","25.3575"
"3210000085","MASAFI MINERAL WATER 1.5 LT","PCS","OUT","6291001000715","7.4750000000000005"
"3210000085","MASAFI MINERAL WATER 1.5 LT","PCS","OUT","6291001002146","7.4750000000000005"
"3210000085","MASAFI MINERAL WATER 1.5 LT","PCS","OUT","6291001002467","7.4750000000000005"
"3210000085","MASAFI MINERAL WATER 1.5 LT","PCS","CTN","6291001002009","22.9425"
"3210000085","MASAFI MINERAL WATER 1.5 LT","PCS","CTN","6291001002450","22.9425"
"3210000085","MASAFI MINERAL WATER 1.5 LT","PCS","CTN","6291001004546","22.9425"
"3210000085","MASAFI MINERAL WATER 1.5 LT","PCS","OFFER","6291001002641","22.9425"
"3210000091","VOLVIC MINERAL WATER 1.5LT","PCS","CTN","03057640112058","120.75"
"3210000102","ARWA M.W. 500 ML","PCS","OUT","5000112635911","8.912615"
"3210000102","ARWA M.W. 500 ML","PCS","OUT","5449000083982","8.912615"
"3210000102","ARWA M.W. 500 ML","PCS","CTN","5449000070951","17.25"
"3210000102","ARWA M.W. 500 ML","PCS","CTN","5449000084088","17.25"
"3210000104","MASAFI STRAWBERRY MINERAL WATER 500ML","PCS","CTN","6291001020034","59.799080000000004"
"3210000105","MASAFI PEACH MINERAL WATER 500ML","PCS","CTN","6291001020041","39.3875"
"3210000106","MASAFI LEMON MINERAL WATER 500ML","PCS","CTN","6291001020058","40.25"
"3210000107","AL QATARA M/WATER 200ML","PCS","CTN","2006000385015","10.263750000000002"
"3210000107","AL QATARA M/WATER 200ML","PCS","CTN","6297000133119","10.263750000000002"
"3210000107","AL QATARA M/WATER 200ML","PCS","CTN","6297000133126","10.263750000000002"
"3210000108","AL QATARA MINERAL WATER 30X250ML","PCS","CTN","6297000133317","10.807125000000001"
"3210000109","MASAFI LEMON MINT MINERAL WATER 500ML","PCS","CTN","2012011034965","64.178625"
"3210000112","AL AIN WATER KIDS 330ML","PCS","OUT","6291100850297","5.6925"
"3210000112","AL AIN WATER KIDS 330ML","PCS","CTN","6291100850877","22.425"
"3210000120","AL AIN WATER LEMON/ LIME 500ML","PCS","OUT","6291100850730","15.524885000000001"
"3210000121","AL AIN WATER APPLE CHERRY 500ML","PCS","OUT","6291100850747","15.524885000000001"
"3210000122","AL AIN WATER ORANGE PASSION FRUIT 500ML","PCS","OUT","6291100850754","15.524885000000001"
"3210000165","VOLVIC MINERAL WATER 330ML","PCS","CTN","0731551988331","125.06249999999999"
"3210000165","VOLVIC MINERAL WATER 330ML","PCS","CTN","3057640202308","125.06249999999999"
"3210000165","VOLVIC MINERAL WATER 330ML","PCS","CTN","3057640256363","125.06249999999999"
"3210000195","ALPIN SPRING WATER 1.5LTR","PCS","OUT","8680002000394","14.950115"
"3210000196","ALPIN SPRING WATER 500ML","PCS","OUT","8680002000363","14.374080000000001"
"3210000197","ALPIN SPRING WATER 330ML","PCS","OUT","8680805270000","14.0875"
"3210000200","MASAFI BALANCE WATER 1.5 LTR","PCS","OUT","6291001060078","10.6375"
"3210000201","MASAFI BALANCE WATER 500ML","PCS","OUT","6291001060054","10.925"
"3210000202","MASAFI BALANCE WATER 330ML","PCS","OUT","6291001060030","10.925"
"3210000203","MASAFI BALANCE WATER CUP 125ML","PCS","CTN","6291001060016","13.2825"
"3210000204","MASAFI BALANCE WATER CUPS 200ML","PCS","CTN","6291001060245","14.49"
"3210000212","MASAFI WATER SHRINK 200ML","PCS","OUT","6291001000920","7.7625"
"3210000212","MASAFI WATER SHRINK 200ML","PCS","CTN","6291001012251","18.71625"
"3210000221","AL AIN WATER 1X5 LITER @ 20% OFF","PCS","OFFER","6291105810364","15.637125000000001"
"3210000227","MASAFI MINERAL WATER 500ML","PCS","OUT","8680152811406","13.88625"
"3210000229","MASAFI MINERAL WTR SPORTS LITTEL PONY 200ML","PCS","OUT","6291001060443","13.88625"
"3210000230","MASAFI MINERAL WATER 5 LITER","PCS","CTN","6291001012268","17.810625"
"3210000231","MASAFI MINERAL WTR SPORT CAP 200ML TRANFMR","PCS","OUT","6291001060467","13.88625"
"3210000232","ARWA MINERAL WATER 330 ML","PCS","OUT","5449000168436","6.325"
"3210084051","ALPIN SPRING WATER 200ML","PCS","CTN","8680805270215","34.2125"
"3210084052","MASAFI BALANCE WATER FASHION 200ml","PCS","OUT","6291001060221","9.599625000000001"
"3210084052","MASAFI BALANCE WATER FASHION 200ml","PCS","CTN","6291001008742","18.71625"
"3210084059","MAI DUBAI BOTLE 1.5L X 6SW","PCS","OFFER","6514747001625","8.0385"
"3210084059","MAI DUBAI BOTLE 1.5L X 6SW","PCS","OUT","6297000611013","13.225000000000001"
"3210084059","MAI DUBAI BOTLE 1.5L X 6SW","PCS","CTN","6297000611136","27.599999999999998"
"3210084061","MAI DUBAI BOTLE 330MLX12SW","PCS","OUT","6297000611082","10.565624999999999"
"3210084062","MAI DUBAI BOTTLE 200ML","PCS","OUT","6297000611228","13.225000000000001"
"3210084063","MAI DUBAI CUP 200 ML","PCS","CTN","6297000611105","7.992500000000001"
"3210084063","MAI DUBAI CUP 200 ML","PCS","CTN","6297000611341","7.992500000000001"
"3210084079","MELT WATER PET  SPORTS WATER 750ML","PCS","OUT","4779032570671","48.3"
"3210084152","AL AIN WATER ZERO 200ML","PCS","OUT","6291105811897","10.925"
"3210084265","AL AIN WATER ZERO 330ML","PCS","OUT","6291105811255","12.9375"
"3210084266","AL AIN WATER ZERO 500ML","PCS","OUT","6291105811262","14.950115"
"3210084267","AL AIN WATER ZERO 1.5LTR","PCS","OUT","6291105811279","13.225000000000001"
"3211000023","SAN PELLEGRINO SPARKLING WATER 250ML","PCS","OUT","8002270021060","28.85925"
"3211000023","SAN PELLEGRINO SPARKLING WATER 250ML","PCS","CTN","08002270041068","114.59174999999999"
"3211000023","SAN PELLEGRINO SPARKLING WATER 250ML","PCS","CTN","8002270041068","114.59174999999999"
"3211000024","SAN PELLEGRINO SPARKLING WATER 500ML","PCS","OUT","8002270049941","41.6875"
"3211000024","SAN PELLEGRINO SPARKLING WATER 500ML","PCS","CTN","2007000397442","167.0375"
"3211000026","SAN PELLEGRINO SPARKLING WATER 1LTR","PCS","CTN","2007000397466","118.45"
"3211000027","OXYGIZER OXYGENATED WATER 500ML","PCS","CTN","9120002550028","96.6"
"3211000035","SAN PELLEGRINO SPARKLING ARANCIATA 330ML","PCS","OUT","8002270056536","42.262499999999996"
"3211000036","SAN PELLEGRINO SPARKLING LIMONATA 330ML","PCS","OUT","8002270066542","42.262499999999996"
"3211000037","SAN PELLEGRINO SPARKLING ARANCIATA ROSA 330ML","PCS","OUT","8002270076558","42.262499999999996"
"3211000038","VIMTO SPARKLING NRB 330ML","PCS","OUT","6281034906559","25.587500000000002"
"3211000038","VIMTO SPARKLING NRB 330ML","PCS","CTN","6281034902698","103.5"
"3212000001","BARBICAN BEER NRB REGULAR MALT 330ML","PCS","OUT","6281034067045","20.688499999999998"
"3212000001","BARBICAN BEER NRB REGULAR MALT 330ML","PCS","CTN","6281034247041","81.9375"
"3212000002","BARBICAN BEER LEMON 330 ML","PCS","OUT","6281034067144","20.987614999999998"
"3212000002","BARBICAN BEER LEMON 330 ML","PCS","CTN","6281034247140","142.025"
"3212000004","BARBICAN BEER RASPBERRY 330 ML","PCS","OUT","6281034067168","40.824999999999996"
"3212000004","BARBICAN BEER RASPBERRY 330 ML","PCS","CTN","6281034247164","161"
"3212000005","BARBICAN BEER APPLE 330 ML","PCS","OUT","6281034067175","20.688499999999998"
"3212000005","BARBICAN BEER APPLE 330 ML","PCS","CTN","6281034444440","81.9375"
"3212000022","MOUSSY MALT DRINK STRAWBERRY 330ML","PCS","OUT","7616200045678","35.074999999999996"
"3212000022","MOUSSY MALT DRINK STRAWBERRY 330ML","PCS","CTN","7616200145675","136.275"
"3212000027","3 HORSE BEER NON-ALCOHOLIC CAN 330ML","PCS","OUT","2004000170808","20.467125"
"3212000027","3 HORSE BEER NON-ALCOHOLIC CAN 330ML","PCS","OUT","8725000638702","20.467125"
"3212000027","3 HORSE BEER NON-ALCOHOLIC CAN 330ML","PCS","CTN","2007000393536","81.50625"
"3212000028","MOUSSY BEER PEACH BOTTLE 330ML","PCS","OUT","7616200045685","35.074999999999996"
"3212000028","MOUSSY BEER PEACH BOTTLE 330ML","PCS","CTN","7616200145682","136.5625"
"3212000029","MOUSSY NON- ALCOHOLIC BEER BOTTLE 330ML","PCS","OUT","7616200091002","33.206250000000004"
"3212000029","MOUSSY NON- ALCOHOLIC BEER BOTTLE 330ML","PCS","CTN","2004001485031","130.41000000000003"
"3212000032","EFES NON-ALCOHOLIC BEER BOTTLE 330ML","PCS","OUT","8690520512279","21.131249999999998"
"3212000032","EFES NON-ALCOHOLIC BEER BOTTLE 330ML","PCS","OUT","8690520518745","21.131249999999998"
"3212000032","EFES NON-ALCOHOLIC BEER BOTTLE 330ML","PCS","CTN","2004000201472","82.11000000000001"
"3212000033","EFES BEER CAN 330ML","PCS","CTN","2004000201489","70.035"
"3212000036","BARBICAN BEER PEACH 330ML","PCS","OUT","6281034900618","25.2885"
"3212000036","BARBICAN BEER PEACH 330ML","PCS","CTN","6281034900625","90.8385"
"3212000051","HOLSTEN STRAWBERRY 330 ML","PCS","OUT","3080216032450","37.95"
"3212000051","HOLSTEN STRAWBERRY 330 ML","PCS","CTN","2006000360234","155.25"
"3212000052","HOLSTEN REG BEER BOTTLE 330ML","PCS","OUT","3080216032542","36.225"
"3212000052","HOLSTEN REG BEER BOTTLE 330ML","PCS","CTN","2005000324284","147.20000000000002"
"3212000053","HOLSTEN BEER REGULAR CAN 330ML","PCS","CTN","2004000214847","120.75"
"3212000054","HOLSTEN NON- ALCOHOLIC BEER LEMON BOTTLE 330ML","PCS","OUT","3080216032603","21.5625"
"3212000054","HOLSTEN NON- ALCOHOLIC BEER LEMON BOTTLE 330ML","PCS","CTN","2006000382649","86.192615"
"3212000056","HOLSTEN BEER BOTTLE APPLE 330ML","PCS","OUT","3080216032573","37.95"
"3212000056","HOLSTEN BEER BOTTLE APPLE 330ML","PCS","CTN","2004000214861","134.2625"
"3212000057","MOUSSY MALT DRINK RASPBERRY 330ML","PCS","OUT","7616200098001","35.9375"
"3212000057","MOUSSY MALT DRINK RASPBERRY 330ML","PCS","CTN","7616200199005","134.8375"
"3212000059","MOUSSY MALT DRINK APPLE 330ML","PCS","OUT","7616200045661","35.074999999999996"
"3212000059","MOUSSY MALT DRINK APPLE 330ML","PCS","CTN","7616200145668","136.5625"
"3212000062","BARBICAN BEER PINEAPPLE 330ML","PCS","OUT","6281034902667","20.987614999999998"
"3212000062","BARBICAN BEER PINEAPPLE 330ML","PCS","OUT","6281034912550","20.987614999999998"
"3212000062","BARBICAN BEER PINEAPPLE 330ML","PCS","CTN","6281034902674","78.2"
"3212000064","EFES MALT BEVERAGE 500ML","PCS","OUT","2007000402511","24.089625"
"3212000064","EFES MALT BEVERAGE 500ML","PCS","CTN","2007000395745","94.185"
"3212000064","EFES MALT BEVERAGE 500ML","PCS","CTN","8690520518806","94.185"
"3212000077","HOLSTEN POMEGRANATE 330ML","PCS","OUT","3080216032481","39.10011500000001"
"3212000077","HOLSTEN POMEGRANATE 330ML","PCS","CTN","2009000441613","152.95000000000002"
"3212000078","HOLSTEN REGULAR CAN 500ML","PCS","CTN","2009000441620","142.8875"
"3212000080","EFES LEMON BOTTLE 330ML","PCS","OUT","2009000447349","25.96125"
"3212000080","EFES LEMON BOTTLE 330ML","PCS","OUT","8690520518875","25.96125"
"3212000080","EFES LEMON BOTTLE 330ML","PCS","CTN","2009000447356","99.015"
"3212000082","EFES PEACH BOTTLE 330ML","PCS","OUT","8690520518929","25.96125"
"3212000082","EFES PEACH BOTTLE 330ML","PCS","CTN","8690520518912","99.015"
"3212000084","EFES STRAWBERRY BOTTLE 330ML","PCS","OUT","8690520518974","17.50875"
"3212000084","EFES STRAWBERRY BOTTLE 330ML","PCS","CTN","8690520518967","69.43125"
"3212000086","EFES APPLE BOTTLE 330ML","PCS","OUT","8690520518837","25.96125"
"3212000086","EFES APPLE BOTTLE 330ML","PCS","CTN","8690520518813","99.015"
"3212000091","BARBICAN BEER POMOGRANETE 330ML","PCS","OUT","6281034904470","29.900000000000002"
"3212000091","BARBICAN BEER POMOGRANETE 330ML","PCS","CTN","6281034904463","142.025"
"3212000092","3 HORSE MALT BEVERAGE APPLE 330 ML","PCS","OUT","8718104901261","31.334624999999996"
"3212000092","3 HORSE MALT BEVERAGE APPLE 330 ML","PCS","CTN","2011011029971","118.33500000000002"
"3212000094","3 HORSE MALT BEVERAGE LEMON 330 ML","PCS","OUT","8718104901384","31.334624999999996"
"3212000094","3 HORSE MALT BEVERAGE LEMON 330 ML","PCS","CTN","2011011029995","118.33500000000002"
"3212000095","3 HORSE MALT BEVERAGE CLASSIC 330 ML","PCS","OUT","8718104901872","31.334624999999996"
"3212000095","3 HORSE MALT BEVERAGE CLASSIC 330 ML","PCS","CTN","2011011030007","118.33500000000002"
"3212000097","MOUSSY MALTDRINK POMEGRANATE 330ML","PCS","OUT","7616200421083","33.206250000000004"
"3212000101","MOUSSY BEER LEMON MINT 330ML","PCS","OUT","3080216035086","35.9375"
"3212000101","MOUSSY BEER LEMON MINT 330ML","PCS","CTN","2012011040416","138"
"3212000102","BARBICAN FUSION NRB 330ML","PCS","OUT","6281034906085","27.5425"
"3212000102","BARBICAN FUSION NRB 330ML","PCS","CTN","6281034906078","110.34261500000001"
"3212000106","MOUSSY ICE BERRY BOTTLE 330ML","PCS","OUT","3080216042039","37.6625"
"3212000106","MOUSSY ICE BERRY BOTTLE 330ML","PCS","CTN","2014011049611","149.4425"
"3212000108","BARBICAN BEER SPECIAL EDITION 330ML","PCS","OUT","6281034906986","37.375"
"3212000108","BARBICAN BEER SPECIAL EDITION 330ML","PCS","CTN","6281034906993","148.2925"
"3212000109","HOLSTEN MOJITO BOTTLE 330ML","PCS","OUT","0723120999466","33.206250000000004"
"3213000001","ARWA M/W 6X1.5LT S/P","PCS","OFFER","3213000001","6.8425"
"3213000001","ARWA M/W 6X1.5LT S/P","PCS","OUT","5000112520255","6.8425"
"3213000001","ARWA M/W 6X1.5LT S/P","PCS","OUT","5000112574456","6.8425"
"3213000001","ARWA M/W 6X1.5LT S/P","PCS","CTN","5449000084095","22.9425"
"3213000010","NUEVA MELT WATER PET WATER 1.5LTR","PCS","CTN","4779032570374","48.3"
"3213000011","NUEVA MELT   WATER 500ML","PCS","OFFER","4779032571104","8.05"
"3213000011","NUEVA MELT   WATER 500ML","PCS","OUT","479032571357","24.15"
"3213000011","NUEVA MELT   WATER 500ML","PCS","CTN","4779032570343","48.3"
"3213000012","NUEVA MELT WATER PET WATER 330ML","PCS","CTN","4779032570336","47.72408"
"3213000013","NUEVA MELT WATER PET WATER 1000ML","PCS","CTN","4779032570510","37.37454"
"3213000017","BISLERI DRINKING WATER 500ML","PCS","CTN","6298044049312","24.15"
"3213000018","BISLERI BOTTLED DRINKING WATER 1.5Ltr","PCS","OUT","6298044049288","11.47125"
"3213000020","AL AIN WATER SPORTS CAP 500ML","PCS","OUT","6291105811828","18.1125"
"3213000021","AL AIN WATER SPORTS CAP 330ML","PCS","OUT","6291105811859","17.50875"
"3213000022","MELT WATER PET SPARKLING WATER 500ML","PCS","OUT","4779032571265","28.175"
"3213000022","MELT WATER PET SPARKLING WATER 500ML","PCS","CTN","4779032570350","56.35"
"3213000023","MELT WATER PET SPARKLING WATER 1LT","PCS","CTN","4779032570633","40.1925"
"3213000024","MELT WATER PET SPARKLING WATER 1.5LTR","PCS","CTN","4779032570381","48.5875"
"3213000025","MELT WATER PET  KIDS DRINK.WATER 330ML","PCS","CTN","4779032570688","23.862499999999997"
"3213000027","AL BAYAN WATER 500ML","PCS","OUT","6298044001303","5.7385"
"3213000028","AL BAYAN WATER 1.5L","PCS","OUT","6298044001273","5.7385"
"3213000031","MELT WATER GLASS BOTTLED SPARKLING 200ML","PCS","OUT","4779032570770","27.712125"
"3213000032","MELT WATER GLASS BOTTLED SPARKLING 330ML","PCS","OUT","4779032570886","18.975"
"3213000033","MELT WATER GLASS BOTTLED SPARKLING LEMON 330ML","PCS","OUT","4779032570985","30.991694999999996"
"3213000034","MELT WATER GLASS BOTTLED SPARKLING LEMON 200ML","PCS","OUT","4779032570961","45.425000000000004"
"3213000035","MELT WATER GLASS BOTTLED SPARKLING LIME 200ML","PCS","OUT","4779032570978","45.425000000000004"
"3213000036","MELT WATER GLASS BOTTLED SPARKLING LIME 330ML","PCS","OUT","4779032570992","30.991694999999996"
"3301000062","COTE DOR MILK P&E 47 GR","PCS","CTN","2004000193517","140.29999999999998"
"3301000063","COTE DOR WHOLE H/NUT 45GR","PCS","CTN","7622200890422","140.29999999999998"
"3301000189","LOACKER WAFER VANILLA 175GR","PCS","CTN","2005000332531","322"
"3301000190","LOACKER WAFER MILK 175GR","PCS","CTN","2005000332548","318.55"
"3301000194","LOACKER QUAD TIRAMISU 220GR","PCS","CTN","2005000332586","283.7625"
"3301000209","MCVITIES HOB NOBS 300GR","PCS","CTN","2004000257905","423.20000000000005"
"3301000210","NUTRO F.CHOICE WAFER STRAWBERRY 150 GR","PCS","CTN","2004000257387","135.9875"
"3301000211","NUTRO F.CHOICE WAFER VANILLA 150 GR","PCS","CTN","2004000257400","135.9875"
"3301000218","NUTRO F.CHOICE WAFER CHOCOLATE 150 GR","PCS","CTN","2004000257486","135.9875"
"3301000219","NUTRO F.CHOICE WAFER HAZELNUT 150 GR","PCS","CTN","2004000257493","135.9875"
"3301000221","NUTRO VANILLA CREAM 90GR","PCS","CTN","2004000258490","30.1875"
"3301000226","NUTRO F.CHOICE WAFER ORANGE 150 GR","PCS","CTN","2004000274117","135.9875"
"3301000285","KAGI CLASSIC MINI 125G","PCS","CTN","2004001499991","196.075115"
"3301000286","KAGI CLASSIC  50GR","PCS","OUT2","7610046124511","131.1"
"3301000286","KAGI CLASSIC  50GR","PCS","CTN","2004001499984","1049.8925"
"3301000287","KAGI CLASSIC 25GM","PCS","OUT","7610046124269","79.6375"
"3301000287","KAGI CLASSIC 25GM","PCS","CTN","2010000025864","637.1"
"3301000378","TWIX B\FINGERS 207GR","PCS","CTN","2008000437459","147.315"
"3301000396","AMERICANA WAFER S\B 50GR","PCS","OUT","6281033252701","13.799309999999998"
"3301000396","AMERICANA WAFER S\B 50GR","PCS","CTN","2010198001619","55.774424999999994"
"3301000397","AMERICANA WAFER CHOCO 50GR","PCS","OUT","6281033252718","13.799309999999998"
"3301000397","AMERICANA WAFER CHOCO 50GR","PCS","CTN","2010198001626","55.774424999999994"
"3301000398","AMERICANA WAFER H\N 50GR","PCS","OUT","6281033252725","13.799309999999998"
"3301000398","AMERICANA WAFER H\N 50GR","PCS","CTN","2010198001633","55.775"
"3301000400","AMERICANA WAFER VAN 50GR","PCS","OUT","6281033252732","14.0875"
"3301000400","AMERICANA WAFER VAN 50GR","PCS","CTN","2010198001657","55.775"
"3301000440","7 DAYS WAFER STICKS 25GM","PCS","OUT","6281183000122","12.64977"
"3301000446","KAGI CHOCO WAFER 50GM","PCS","OUT","7610046124597","132.82500000000002"
"3301000447","KAGI CHOCO WAFFER 25GM","PCS","OUT","7610046124290","96.02499999999999"
"3301000448","KAGI COCONUT WAFFER 25GM","PCS","OUT","7610046124276","67.849425"
"3301000449","KAGI HAZELNUT WAFFER 25GM","PCS","OUT","761004612422","96.02499999999999"
"3301000450","KAGI DARK WAFFER 25GM","PCS","OUT","7610046124306","67.849425"
"3301000455","MANNER ORIGINAL NEAPOLIAN WAFER 400GM","OFFER","OUT","9000331207919","230"
"3301000456","MANNER VANILLA BAG 400 GM","OFFER","OUT","9000331207988","230"
"3301000457","MANNER DARK CHOCO&HAZELNET BAG 400GM","OFFER","OUT","9000331207995","230"
"3301000458","MANNER WHOLE GRAIN BAG 300GM","OFFER","OUT","9000331207940","230"
"3301000460","MANNER VANILLA MINIS BAG 150GM","OFFER","OUT","9000331004686","150.65"
"3301000461","MANNER WHOLE GRAIN MINI BAG 135GM","OFFER","OUT","9000331004662","150.9375"
"3301000462","MANNER CUBI DOO 140 GM","OFFER","OUT","9000331027609","111.09"
"3301000466","MANNER VANILLA WAFER BAR 75GM","OFFER","OUT","9000331014678","56.0625"
"3301000467","MANNER WHOLE GRAIN WAFER 75GM","OFFER","OUT","9000331014654","67.85"
"3301000468","MANNER NEAPOLITAN WAFER 75GM","OFFER","OUT","9000331014272","55.4875"
"3301000474","ALOKOZAY WAFER BITES VANILLA FLAVOUR 45G","PCS","OUT","6291101137915","16.9625"
"3301000475","ALOKOZAY WAFER BITES CHOCOLATE FLAVOUR 45G","PCS","OUT","6291101137885","21.7925"
"3301000476","ALOKOZAY WAFER BITES ORANGE FLAVOUR 45G","PCS","OUT","6291101137816","16.9625"
"3301000477","ALOKOZAY WAFER BITES STRAWBWRY FLAVOUR 45G","PCS","OUT","6291101137854","15.812500000000002"
"3302000162","D.FRESH HOMMOS THAHINEH 400 GR","PCS","CTN","2004000194873","91.71249999999999"
"3302000253","TATAWA BISCUITS 600GR","PCS","CTN","2004000160953","209.3"
"3302000302","KG SPRING ROLL PASTRY-PLAIN 250GR","PCS","CTN","2005000352126","402.5"
"3302000325","BAHLSEN LEIBNIZ MINI 100GR","PCS","CTN","2006000373265","146.3375"
"3302000326","BAHLSEN LEIBNIZ MINI CHOCO 100GR","PCS","CTN","2006000373272","194.925"
"3302000376","ZPC CREAM FUDGE 775G","PCS","CTN","2010198004559","305.325"
"3303000011","BAHLSEN PICK UP 28GR","PCS","CTN","4017100025730","65.55"
"3303000039","MALAZA ASSORTED BAKLAVA 3PCS 22G","PCS","OUT","6294014712033","62.099309999999996"
"3303000040","MALAZA BARAZEK 75G","PCS","OUT","6294014712040","102.63749999999999"
"3304000108","ULKER CUCUK KRAKER 30GM","PCS","OUT","8690504856207","28.175"
"3304000108","ULKER CUCUK KRAKER 30GM","PCS","OUT","8690504956204","28.175"
"3304000108","ULKER CUCUK KRAKER 30GM","PCS","CTN","2004000160489","339.25"
"3304000116","ULKER PETTIT BURRIE T/P 1K","PCS-2","OFFER","2004001491681","30.475"
"3304000116","ULKER PETTIT BURRIE T/P 1K","PCS-2","OFFER","2000003391967","30.475"
"3304000118","TATAWA BISCUIT SWEET MESSAGE 600GR","PCS","CTN","2004000160946","199.84125"
"3304000126","BAHLSEN LEIBNIZ DIET 200GR","PCS","CTN","401710001052","182.5625"
"3304000162","BAHLSEN LEIBNIZ 200GR","PCS","OUT","2004000023869","12.9375"
"3304000162","BAHLSEN LEIBNIZ 200GR","PCS","CTN","2004000192374","308.4875"
"3304000168","LORENZ POMSTICKS PAPRIKA 100GR","PCS","CTN","2004000192435","150.65"
"3304000175","LORENZ SALTLETTS STICKS CLASSIC 150G","PCS","CTN","2004000192923","133.39977"
"3304000177","BAHLSEN ZOO 1 PC","PCS","CTN","2004000192961","110.39999999999999"
"3304000182","DEVON BOURBON BISCUIT 150 gr","PCS","CTN","2004000198147","127.995"
"3304000183","DEVON BISCUIT - CUSTARD CREAM 150 gr","PCS","CTN","2004000198161","127.995"
"3304000188","KG SPRING ROLL PASTRY PLAIN 200GR","PCS","CTN","2005000324772","324.0125"
"3304000193","LU PRINCE CHOC.SANDWICH 38GR","PCS","OUT","7622210851659","23.575"
"3304000193","LU PRINCE CHOC.SANDWICH 38GR","PCS","OUT","7622300742393","23.575"
"3304000194","LU CHOC.PRINCE CHOC 28.5GR","PCS","OUT","7622210124371","102.35000000000001"
"3304000196","LU CHOC.PRINCE MULTIPACK 171GR","PCS","CTN","2004000261056","313.08750000000003"
"3304000211","NABISCO BISCUIT CHIPS AHOY COV.PACK 300 GR","PCS","CTN","28410000808531","258.75"
"3304000212","NABISCO BISCUIT CHIPS AHOY CHOC. 128 GR","PCS","OUT","2004001500987","24.4375"
"3304000212","NABISCO BISCUIT CHIPS AHOY CHOC. 128 GR","PCS","CTN","2004000258285","97.175"
"3304000221","NABISCO RITZ CRACKER 366 GR","PCS","CTN","2004000261803","126.4425"
"3304000226","NUTRO BISCUITS NICE 50GM","PCS","OUT","6291007701036","9.775"
"3304000226","NUTRO BISCUITS NICE 50GM","PCS","CTN","2004000258803","41.05500000000001"
"3304000228","NUTRO MARIE BISCUITS 200 GR","PCS","CTN","2004000258827","60.375"
"330400023","NABISCO BELVITA KLEIJA DIGESTIVE BIS 62GM","PCS","OUT","7622210427502","23"
"3304000239","ETI PETIT BISCUITS 200GR","PCS","CTN","2005000341076","38.64"
"3304000240","ETI PETIT BISCUITS 400GR","PCS","CTN","2005000341083","79.35"
"3304000241","ETI PETIT BISCUITS 1KG","PCS","CTN","2005000341090","105.512615"
"3304000248","MCVITIES BOURBON CREAM 200GR","PCS","CTN","2004000257974","247.25"
"3304000253","BE NATURAL ALMOND A/COT 50GR","PCS","CTN","2004000259817","114.7125"
"3304000259","TWIX TOP 21GM","PCS","OUT","5900951251832","33.349999999999994"
"3304000261","LOACKER QUADRATINI NAPOLITANER 125GR","PCS","CTN","2006000359948","163.29999999999998"
"3304000262","LOACKER QUADRATINI CREAM KAKAO 125GR","PCS","CTN","2006000359955","161"
"3304000263","LOACKER QUADRATINI VANILLE 125GR","PCS","CTN","2006000359962","162.14999999999998"
"3304000265","LOACKER TORTINA MINI 90GR","PCS","CTN","2006000359979","396.17499999999995"
"3304000267","LOACKER CHOCO MILK AU LAIT 30GR","PCS","OUT","8000380101689","74.75"
"3304000267","LOACKER CHOCO MILK AU LAIT 30GR","PCS","OUT","8000380153329","74.75"
"3304000267","LOACKER CHOCO MILK AU LAIT 30GR","PCS","OUT","800380153329","74.75"
"3304000267","LOACKER CHOCO MILK AU LAIT 30GR","PCS","CTN","2006000361118","442.75"
"3304000270","LOACKER MILK&CEREALS 25GR","PCS","OUT","8000380108077","113.5625"
"3304000270","LOACKER MILK&CEREALS 25GR","PCS","CTN","2006000361149","681.0875000000001"
"3304000275","LOTTE KANCHO CHOCOLATE 34GR","PCS","OUT","2000004660680","43.987500000000004"
"3304000275","LOTTE KANCHO CHOCOLATE 34GR","PCS","CTN2","2010198010802","105.74249999999999"
"3304000275","LOTTE KANCHO CHOCOLATE 34GR","PCS","CTN","2010198001831","263.925"
"3304000277","MCVITIES TABLE WATER KS 200GR","PCS","CTN","2004000258070","144.6125"
"3304000278","MCVITIES TABLE WATER BS 125GR","PCS","CTN","2004000258025","105.512615"
"3304000287","BAHLSEN LEIBNIZ WHOLEMEAL 200GR","PCS","CTN","2006000376891","152.145"
"3304000289","BAHLSEN CHOCO FRINDS 100GR","PCS","CTN","2006000376938","129.95"
"3304000290","BAHLSEN LEIBNIZ BISCUITS 100GR","PCS","CTN","2006000376990","133.975"
"3304000321","ULKER PETTIT BURRIE 1KG","PCS","CTN","2004001491674","95.44999999999999"
"3304000322","ULKER PETTIT BURRIE 175GR","PCS","OUT","2006000363006","68.1375"
"3304000323","ULKER PETTIT BURRIE 114 450GR","PCS","OUT","2004000160595","68.7125"
"3304000338","PARLE GLUCO 500GR","PCS","CTN","2006000377126","45.885"
"3304000368","ETI FINGER BISCUIT 450GM","PCS","CTN","2007000394618","76.1875"
"3304000374","LU TUC CRACKERS ORIGINAL M/PACK 300GR (3X100GR)","PCS","CTN","2007000395356","174.225"
"3304000375","LU TUC CRACKERS ORIGINAL 100GR","PCS","CTN","2007000395363","92"
"3304000420","DOUBLE DELIGHT WAFFLES SING 31.50GR","PCS","OUT","6291101782092","88.55"
"3304000421","DOUBLE DELIGHT WAFFLES DUO 78GR","PCS","OUT","6291101782108","86.25"
"3304000421","DOUBLE DELIGHT WAFFLES DUO 78GR","PCS","CTN","2008000423438","517.5"
"3304000422","DOUBLE DELIGHT WAFFLES HEXA 230GR","PCS","CTN","2008000423445","177.1"
"3304000423","DOUBLE DELIGHT WAFFLES MINI 200GR","PCS","CTN","2008000423452","228.5625"
"3304000430","BRITANNIA BISCUITS VITA MARIE GOLD 75GR","PCS","CTN","2008000429409","105.80000000000001"
"3304000431","BRITANNIA BISCUITS MARIE GOLD 176GR","PCS","CTN","2008000429416","102.63749999999999"
"3304000432","BRITANNIA BISCUITS NICE TIME 100GR","PCS","CTN","2008000429423","66.9875"
"3304000434","BRITANNIA BISCUITS MILK BIKIS 90GR","PCS","OUT","6291007901559","17.25"
"3304000434","BRITANNIA BISCUITS MILK BIKIS 90GR","PCS","CTN","2008000429447","55.199999999999996"
"3304000435","BRITANNIA BISCUITS GOOD DAY BUTTER 81GR","PCS","CTN","2008000429454","73.60000000000001"
"3304000436","BRITANNIA BISCUITS GOOD DAY ALMOND 81GR","PCS","CTN","2008000429461","73.60000000000001"
"3304000437","BRITANNIA BISCUITS GOOD DAY CASHEW 81GR","PCS","CTN","2008000429478","73.60000000000001"
"3304000438","BRITANNIA BISCUITS GOOD DAY CHOCO 75GR","PCS","CTN","2008000429485","93.15"
"3304000439","BRITANNIA BISCUITS CREAM TREAT BOURBON 100GR","PCS","OUT","6291007905311","5.6925"
"3304000439","BRITANNIA BISCUITS CREAM TREAT BOURBON 100GR","PCS","CTN","2008000429492","83.95"
"3304000440","BRITANNIA BISCUI CREAM TREAT JIM JAM 92G","PCS","CTN","2008000429508","67.85"
"3304000444","BRITANNIA BISCUITS 50-50 71GR","PCS","CTN","2008000429546","52.0375"
"3304000445","BRITANNIA BISCUITS 50-50 MASKA CHASKA 71GR","PCS","CTN","2008000429553","52.0375"
"3304000446","BRITANNIA BISCUITS LITTLE HEARTS POUCH 75GR","PCS","CTN","2008000429560","402.5"
"3304000502","NABISCO OREO ORIGINAL COOKIE 38G","PCS","OUT","7622210642295","22.1375"
"3304000502","NABISCO OREO ORIGINAL COOKIE 38G","PCS","OUT","7622300510114","22.1375"
"3304000502","NABISCO OREO ORIGINAL COOKIE 38G","PCS","CTN","2011011030434","179.4"
"3304000503","NABISCO GOLDEN OREO BISCUITS 38GM","PCS","OUT","7622210387769","24.4375"
"3304000503","NABISCO GOLDEN OREO BISCUITS 38GM","PCS","OUT","7622210643162","24.4375"
"3304000503","NABISCO GOLDEN OREO BISCUITS 38GM","PCS","CTN","2015011051291","196.65"
"3304000504","NABISCO OREO CHOC 38G(4+2)","PCS","OUT","7622210642790","22.1375"
"3304000504","NABISCO OREO CHOC 38G(4+2)","PCS","OUT","7622300510190","22.1375"
"3304000504","NABISCO OREO CHOC 38G(4+2)","PCS","OUT","7622300669157","22.1375"
"3304000504","NABISCO OREO CHOC 38G(4+2)","PCS","CTN","2011011030441","176.23749999999998"
"3304000505","NABISCO OREO MILK&CHOCLATE COOKIE 38G","PCS","OUT","7622210684011","22.1375"
"3304000505","NABISCO OREO MILK&CHOCLATE COOKIE 38G","PCS","OUT","7622300510145","22.1375"
"3304000505","NABISCO OREO MILK&CHOCLATE COOKIE 38G","PCS","CTN","2015011051178","176.23749999999998"
"3304000506","NABISCO RITZ CRACKERS 41G","PCS","OUT","7622210139559","27.025115"
"3304000506","NABISCO RITZ CRACKERS 41G","PCS","OUT","7622300509682","27.025115"
"3304000510","NABISCO OREO DOUBLE STUFF BISCUIT 48G","PCS","OUT","7622210110800","15.525"
"3304000510","NABISCO OREO DOUBLE STUFF BISCUIT 48G","PCS","OUT","7622210683946","15.525"
"3304000510","NABISCO OREO DOUBLE STUFF BISCUIT 48G","PCS","CTN","7622210110794","247.25"
"3304000586","FERRERO KINDER JOY GIRLS 20GM","PCS","OUT","8000500126325","17.25"
"3304000594","PARLE GLUCOS- BISCUITS 56.4 GR","PCS","OUT","8901719991066","6.899654999999999"
"3304000602","NABISCO OREO CLASSIC 152GM","PCS","CTN","7622300734169","178.25"
"3304008618","MCVITIES DIGESTIVE ORIGINAL PORTION PACK 29.4G","PCS","OUT2","6223003804978","20.412499999999998"
"3304008618","MCVITIES DIGESTIVE ORIGINAL PORTION PACK 29.4G","PCS","OUT","5000396043006","40.537499999999994"
"3304008619","MCVITIES DIGESTIVE MILK CHOC PORTION PACK 33.3G","PCS","OUT2","6223003804985","34.4885"
"3304008619","MCVITIES DIGESTIVE MILK CHOC PORTION PACK 33.3G","PCS","OUT","5000396043013","69"
"3304008620","MCVITIES DIGESTIVE DARK CHOCLATE PORTION PACK 33.3G","PCS","OUT","5000396043020","67.27499999999999"
"3304008866","ETI KOMBO DIPPED BISCUIT 62GM","PCS","OUT","8690526633398","31.395000000000003"
"3304008867","NABISCO OREO CLASSIC TRAY PACKS 370.5G","PCS","CTN","2014011047921","158.7"
"3304008884","MCVITIES DIGESTIVE BARS ORIGINAL 30G","PCS","OUT","5000396035636","31.337040000000002"
"3304008885","MCVITIES DIGESTIVE BARS CHOCOLATE 30G","PCS","OUT","5000396035667","21.5625"
"3304008886","MCVITIES DIGESTIVE BARS CARAMEL 30G","PCS","OUT","5000396035698","21.5625"
"3304008887","NABISCO BELVITA BRAN DIGESTIVE BIS 62GM","PCS","OUT","7622210427519","16.844625000000004"
"3304008891","QUAKER GOODSTART GRANBERRY 45G","PCS","OUT","6291003012358","16.301250000000003"
"3304008892","QUAKER GOODSTAT CHOCLATE 45G","PCS","OUT","6291003012341","16.301250000000003"
"3304008902","ALOKOZAY TEA BISCUIT 90G","PCS","OUT","6291101137946","20.412499999999998"
"3304008904","MCVITIES DIGESTIVE VANILLA 100G","PCS","OUT","5000396043679","59.74250000000001"
"3304008956","MCVITIES DIGESTV PORTION PCK VANILA 40G","PCS","OUT-3","6281100356721","19.55"
"3304008956","MCVITIES DIGESTV PORTION PCK VANILA 40G","PCS","OUT","5000396044621","27.025115"
"3304008957","MCVITIES DIGESTIV PORTION PACK CHOCLATE 40G","PCS","OUT-3","6281100356738","19.55"
"3304008957","MCVITIES DIGESTIV PORTION PACK CHOCLATE 40G","PCS","OUT2","5000396044652","25.875"
"3305008913","B.PRIDE BUTTER COOKIES 200 GR","PCS","CTN","2004000191766","77.62419500000001"
"3305008914","B.PRIDE BUTTER COOKIES - TIN 400 GR","PCS","CTN","2004000191773","178.71"
"3305008935","GRISBI COOKIES CHOCO CHIPS 125GR","PCS","CTN","2006000371360","116.15"
"3305008941","AMERICANA BUTTER COOKIES TIN BLUE 908GR","PCS","CTN","2004000189299","238.04999999999998"
"3305008942","AMERICANA BUTTER COOKIES BLUE TIN 454GR","PCS","CTN","2004000189282","310.5"
"3305008943","AMERICANA C.CHIPS COOKIES 45GR","PCS","OUT","6281033214631","14.0875"
"3305008943","AMERICANA C.CHIPS COOKIES 45GR","PCS","CTN","2004000189275","110.39999999999999"
"3305008953","ULKER NAPPOLITINE CHOCOLATE 33GR","PCS","OUT","6281105471061","93.43761500000001"
"3305008955","ULKER HELLY CAKE BIS 30GR","PCS","OUT-3","6281100355953","13.799999999999999"
"3305008955","ULKER HELLY CAKE BIS 30GR","PCS","OUT2","6281100029786","13.799999999999999"
"3305008955","ULKER HELLY CAKE BIS 30GR","PCS","OUT","6281100350644","32.775"
"3305008955","ULKER HELLY CAKE BIS 30GR","PCS","OUT","8690504953807","32.775"
"3305008955","ULKER HELLY CAKE BIS 30GR","PCS","CTN","2004000160458","327.75"
"3305008956","ULKER S/WICH BISC 22.50GR","PCS","OUT","6281100350144","28.175"
"3305008956","ULKER S/WICH BISC 22.50GR","PCS","OUT","6281100350637","28.175"
"3305008956","ULKER S/WICH BISC 22.50GR","PCS","OUT","6281100357902","28.175"
"3305008956","ULKER S/WICH BISC 22.50GR","PCS","OUT","8690504953814","28.175"
"3305008957","ULKER ROLLO KAT CHOCO 24GR","PCS","OUT","6281105470446","34.5"
"3305008957","ULKER ROLLO KAT CHOCO 24GR","PCS","OUT","8690504921950","34.5"
"3305008964","ULKER COCOA CREAM PURPLE 40GR","PCS","OUT","8690504805175","111.2625"
"3305008965","ULKER CLASSIC BUTTER COOKIES 600GR","PCS","CTN","2004000068846","170.2"
"3305008984","AMERICANA RING COOKIES CHOCOLATE 180GR","PCS","CTN","2007000409626","100.05"
"3305009005","AMERICANA MINI CHOCO COOKIES ORIGINAL 40GR","PCS","OUT","2010198001695","7.474425"
"3305009005","AMERICANA MINI CHOCO COOKIES ORIGINAL 40GR","PCS","OUT","6281033221103","7.474425"
"3305009005","AMERICANA MINI CHOCO COOKIES ORIGINAL 40GR","PCS","CTN","2010198001701","60.375"
"3305009006","AMERICANA MINI DOUBLE CHOCO COOKIES 40GR","PCS","OUT","2010198001718","7.76181"
"3305009006","AMERICANA MINI DOUBLE CHOCO COOKIES 40GR","PCS","OUT","6281033221110","7.76181"
"3305009006","AMERICANA MINI DOUBLE CHOCO COOKIES 40GR","PCS","CTN","2010198001725","62.674080000000004"
"3305009014","AMERICANA MINI COOKIES BUTTER 40GR","PCS","OUT","2011011025256","7.76181"
"3305009014","AMERICANA MINI COOKIES BUTTER 40GR","PCS","OUT","6281033219100","7.76181"
"3305009014","AMERICANA MINI COOKIES BUTTER 40GR","PCS","CTN","2011011025263","62.386695"
"3305009024","LINDT EXCELLENCE MINT INTENSE35GM","PCS","OUT","3046923929582","123.05000000000001"
"3305009025","LINDT EXCELLENCE INTENSE ORANGE 35GM","PCS","CTN","2012011036433","140.875"
"3305009026","LINDT CRESTA 38 GM","PCS","OUT","9003600488101","106.375"
"3305009027","LINDT DOUBLE MILK 38 GM","PCS","OUT","9003600488002","102.35000000000001"
"3305009029","BEAUTIFUL DENMARK BUTTER COOKIES 340GM","PCS","CTN","2013011042110","237.1875"
"3305009030","BEAUTIFUL DENMARK BUTTER COOKIES 150GM","PCS","CTN","2013011042127","275.425"
"3305009031","BEAUTIFUL DENMARK BUTTER COOKIES 908GM","PCS","CTN","2013011042134","316.25"
"3305009032","AMERICANA BUTTER COOKIES RED TIN 908G","PCS","CTN","2013011044541","241.5"
"3305009033","AMERICANA BUTTER COOKIES RED TIN 454GM","PCS","CTN","2013011044558","310.5"
"3305009042","AMERICANA L/B COOKIES BULE100G","PCS","OUT","6281033214105","27.599999999999998"
"3305009048","HERSHEYS COOKIES N CHOCO 40GM","PCS","OUT","034000906017","114.94250000000001"
"3305009049","HERSHEYS NUGGETS C/M CHOCOLATE 28GM","PCS","OUT","6942836706401","56.925"
"3305009050","HERSHEYS NUGGETS COOKIES N CREAM 28GM","PCS","OUT","6942836706449","56.35"
"3305009052","HERSHEYS COOKIES N CREAM40 GM","PCS","OUT","034000939084","124.2"
"3305009055","NABISCO CHIPS AHOY ORIGINAL COOKIES 38GM","PCS","OUT","7622210387653","31.337500000000002"
"3305009055","NABISCO CHIPS AHOY ORIGINAL COOKIES 38GM","PCS","CTN","7622210387646","188.3125"
"3305009060","CADBURY OREO 95G","PCS","OUT","7622210502872","144.9"
"3305009060","CADBURY OREO 95G","PCS","OUT","7622210957382","144.9"
"3305009061","BARNI STRAWBWRRY 30G","PCS","OFFER","7622210489715","31.337500000000002"
"3305009061","BARNI STRAWBWRRY 30G","PCS","OUT","7622210489661","31.337500000000002"
"3305009069","QUAKER WHOLE GRAIN 400G","PCS","CTN","6290400013432","231.14999999999998"
"3306000023","DEVON DIGESTIVE WHEATMEAL 250 GR","PCS","CTN","2004000198185","186.3"
"3306000025","DEVON DIGESTIVE BISCUITS CHOCOLATE 250GR","PCS","CTN","2004000198192","224.595"
"3306000027","MCVITIES DIGESTIVE ORIGINAL250GR","PCS","CTN","2004000259312","331.2"
"3306000028","MCVITIES DIGESTIVE LIGHT 250GR","PCS","CTN","2004000259329","341.55"
"3306000029","MCVITIES DIGESTIVE LIGHT 500G 25%EXTRA FREE","PCS","CTN","2004000259336","431.825"
"3306000031","MCVITIES MILK CHOCOLATE 200GR","PCS","CTN","2004000259350","465.175"
"3306000032","MCVITIES DIGESTIVE 500GR","PCS","OFFER","6291107343815","41.1125"
"3306000032","MCVITIES DIGESTIVE 500GR","PCS","OFFER","6291107897189","41.1125"
"3306000032","MCVITIES DIGESTIVE 500GR","PCS","CTN","2004000259367","386.3425"
"3306000035","NUTRO CLASSIC DIGESTIVE 450 GR","PCS","CTN","2004000259398","102.63749999999999"
"3306000036","NUTRO BISCUIT GLUCOSE 50GM","PCS","OUT","6291007701012","7.1875"
"3306000036","NUTRO BISCUIT GLUCOSE 50GM","PCS","CTN","2004000272618","25.875"
"3306000052","MCVITIES DIGESTIVE VANILLA CREAMS 205GR","PCS","CTN","2013011046750","157.55"
"3306000053","MCVITIES DIGESTIVE CHOCOLATE CREAMS 205GR","PCS","CTN","2013011046767","157.55"
"3308000077","MCVITIES FRUIT CAKE 200GR","PCS","CTN","2004000259534","260.7625"
"3308000128","AMERICANA MINI SWISS ROLLS ORANGE 120GR","PCS","CTN","2005000323010","142.8875"
"3308000130","AMERICANA S\ROLL S\B 55GR","PCS","OUT","6281033203215","25.0125"
"3308000130","AMERICANA S\ROLL S\B 55GR","PCS","CTN","2005000322853","100.05"
"3308000152","LOTTE CHOCO PIE 28GR","PCS","OUT","8801062161881","12.075"
"3308000152","LOTTE CHOCO PIE 28GR","PCS","OUT","8934609212002","12.075"
"3308000152","LOTTE CHOCO PIE 28GR","PCS","OUT2","88010621607090","27.7725"
"3308000152","LOTTE CHOCO PIE 28GR","PCS","CTN","2010198002036","199.23749999999998"
"3308000155","SWITZ SNACK CAKE 55GM","PCS","CTN","6281123043073","42.55"
"3308000156","SWITZ MADEIRA SLICE 70GM","PCS","CTN","6281123044315","35.9375"
"3308000157","SWITZ FRUIT SLICE 70GM","PCS","CTN","6281123044117","53.475"
"3308000158","SWITZ STANDARD CUP CAKE 39G","PCS","CTN","6281123042595","70.63875"
"3308000159","SWITZ MOUNTAIN CAKE 90G","PCS","CTN","6281123044193","64.6875"
"3308000161","SWITZ MINI BANANA CUP CAKE50GM","PCS","OUT","6281123053102","8.0385"
"3308000161","SWITZ MINI BANANA CUP CAKE50GM","PCS","CTN","6281123043097","47.15"
"3308000162","SWITZ PARTY CAKE FAMILY PACK 28GM","PCS","OUT","6281123053201","8.0385"
"3308000163","SWITZ MINI CUP CAKE VANILLA FAMILY PACK 16GM","PCS","OUT","6281123053140","8.0385"
"3308000168","7 DAYS CROISSAN CHOC55G","PCS","OFFER","6281183000061","12.362499999999999"
"3308000173","ELVAN CAP CAKE W/CHOCOLATE SAUCE 25G","PCS","OUT","8693029699465","21.275"
"3308000178","ETI WAFEUP COCOA WAFER 40GM","PCS","OUT","8690526105369","50.3125"
"3308000178","ETI WAFEUP COCOA WAFER 40GM","PCS","OUT","8690526625362","50.3125"
"3308000179","ETI WAFEUP HAZELNUT WAFER 40G","PCS","OUT","8690526105352","55.1885"
"3308000179","ETI WAFEUP HAZELNUT WAFER 40G","PCS","OUT","8690526625355","55.1885"
"3308000182","ETI ADICTO GOLD BROWNI MINI CACK 180GM","PCS","OUT","8690526106687","52.900000000000006"
"3308000185","JUNIOR MINI CHOCOLATE CROISSANT 43GM","PCS","OUT","6287003070887","9.4875"
"3308000185","JUNIOR MINI CHOCOLATE CROISSANT 43GM","PCS","CTN","2014011049864","45.712500000000006"
"3308000186","JUNIOR MINI HAZELNUT CROISSANT 43 GM","PCS","OUT","6287003070894","9.4875"
"3308000186","JUNIOR MINI HAZELNUT CROISSANT 43 GM","PCS","CTN","2014011049871","45.712500000000006"
"3308000187","JUNIOR MINI STRAWBERRY CROISSANT 43 GM","PCS","OUT","6287003070900","9.4875"
"3308000187","JUNIOR MINI STRAWBERRY CROISSANT 43 GM","PCS","CTN","2014011049888","45.9425"
"3308000191","ETI POPCAKE MINI COCOA 18GM","PCS","OUT","8690526626468","26.450000000000003"
"3308000191","ETI POPCAKE MINI COCOA 18GM","PCS","OUT","8690526656465","26.450000000000003"
"3308000193","AMERICANA T&JERY STRBRY 5+1foc","PCS","OFFER","6281033270835","12.014625"
"3308000194","AMERICANA T&JERY CHOCO 5+1 45G","PCS","OFFER","6281033270828","12.014625"
"3308000201","cakers CHOCLATE CAKES 304gm","PCS","OUT","0797776001934","28.37625"
"3308000202","cakers CHOCLATE GOLD CAKES 460gm","PCS","OUT","0797776001941","35.62125"
"3308000203","cakers CHOCO DIPS 460g","PCS","OUT","0797776001927","35.62125"
"3308000204","cakers CHOCL GOLD CAK 460gm","PCS","OUT","0797776001910","35.62125"
"3308000211","CAKERS CLOUD CAKE ORIGINAL 48G","PCS","OUT","0719006461097","25.012155"
"3308000212","CAKERS CLOUD CAKE CHOCLATE 55G","PCS","OUT","0719006461110","25.012155"
"3308000213","CAKERS CLOUD CAKE DOUBLE CHOCLATE 50G","PCS","OUT","0719006461134","25.012155"
"3308000214","CAKERS CLOUD CAKE RASBERRY&COCONUT 45G","PCS","OUT","0719006461158","25.012155"
"3308000215","CAKERS DREAM CAKE CHOCLATE&CREAM 50G","PCS","OUT","0719006461196","18.974655000000002"
"3308000216","CAKERS DREAM CAKE TRIPPLE CHOCLATE 50G","PCS","OUT","0719006461219","18.974655000000002"
"3308000217","cakers BELL CAKE 52G","PCS","OUT","0719006461233","16.301250000000003"
"3308000218","cakers CHOCLATE CUP CAKE 54G","PCS","OUT","0719006461257","19.32"
"3308000219","cakers RED VELVET CUPCAKE 51G","PCS","OUT","0719006461271","19.32"
"3308000226","ETI WAFER WITH DARK CHOCLATE&CREAM 50GR","PCS","OUT","8690526675558","72.4385"
"3308000227","ETI WAFEUP DARK CHOCO WAFER 40GR","PCS","OUT","8690526605616","49.449999999999996"
"3308000228","ETI WAFEUP MILK CHOCO WAFER 40GR","PCS","OUT","8690526605623","49.449999999999996"
"3308000229","ETI WAFEUP TAHINI WAFER 38GR","PCS","OUT","8690526605609","55.199999999999996"
"3308000230","cakers CARAMEL CUPCAKE 40G","PCS","OUT","0719006461295","9.05625"
"3308000231","cakers VANILLA CUPCAKE 40G","PCS","OUT","0719006461318","9.05625"
"3308000232","cakers CHOCLATE CUPCAKE 40G","PCS","OUT","0719006461332","9.05625"
"3309000212","DEVON CHOC.CREAM BISCUIT 150 gr","PCS","CTN","2004000198123","127.995"
"3309000223","DEVON CHIPS CRIX 45 GR","PCS","CTN","2004000198222","82.5125"
"3309000296","DEVON CREAM CRACKERS LIGHT 200GR","PCS","CTN","2004000198758","175.89249999999998"
"3309000532","SNICKERS XTRA CARAMEL 47GR","PCS","OUT","6294001823209","81.07499999999999"
"3309000539","COTE DOR CHOCOLATE DOUBLE LAIT 46GR","PCS","CTN","2004000309604","140.29999999999998"
"3309000542","LINDT EXCELLENCE DARK ORANGE 100GR","PCS","CTN","2004000309635","369.15"
"3309008861","GALAXY CHOC.MINIATURE 150GR","PCS","CTN","2005000325830","315.675"
"3309008862","GALAXY CHOC. CARAMEL 168GR","PCS","CTN","2005000325847","150.9375"
"3309008885","LOACKER MINIS CREAM CACAO 150GR","PCS","CTN","2004000306894","175.66250000000002"
"3309008886","LOACKER MINIS NAPOLITANER 150GR","PCS","CTN","2004000306887","175.66250000000002"
"3309008889","MCVITIES MILK CHOCO CARAMEL 300GR","PCS","CTN","2005000325946","516.9250000000001"
"3309008891","MCVITIES DARK CHOCOLATE 200GR","PCS","CTN","2005000325960","446.2"
"3309008914","MARS CHOCOLATE MINIS 500GR","PCS","CTN","2004000152453","814.1425"
"3309008916","BOUNTY CHOCOLATE 57G","PCS","OUT2","4011100240216","109.82499999999999"
"3309008916","BOUNTY CHOCOLATE 57G","PCS","OUT","4607065371333","146.3375"
"3309008916","BOUNTY CHOCOLATE 57G","PCS","CTN","2004000259589","877.7375000000001"
"3309008919","BOUNTY CHOCOLATE MINIATURE 150GM","PCS","CTN","2004000272335","227.7"
"3309008922","BOUNTY CHOCOLATE 5X57GR","PCS","CTN","2004000273288","494.5"
"3309008924","CADBURY DAIRY MILK 90GR","PCS","OUT","6221021197102","105.74249999999999"
"3309008924","CADBURY DAIRY MILK 90GR","PCS","OUT","7622210136385","105.74249999999999"
"3309008925","CADBURY HAZELNUT 90GR","PCS","OUT","6221021198109","105.74249999999999"
"3309008925","CADBURY HAZELNUT 90GR","PCS","OUT","7622210337290","105.74249999999999"
"3309008926","CADBURY FRUIT & NUT 100GR","PCS","OUT","6221021195108","105.74249999999999"
"3309008926","CADBURY FRUIT & NUT 100GR","PCS","CTN","5000312102329","634.5125"
"3309008927","CADBURY DAIRY MILK 37GR","PCS","OUT","7622210063434","37.6625"
"3309008927","CADBURY DAIRY MILK 37GR","PCS","OUT","7622210292797","37.6625"
"3309008928","CADBURY HAZEL NUT 37GR","PCS","OUT","7622210063496","39.10011500000001"
"3309008928","CADBURY HAZEL NUT 37GR","PCS","OUT","7622210292711","39.10011500000001"
"3309008932","CADBURY TIME OUT  WAFER 21.2G","PCS","OUT","7622210983244","75.61365"
"3309008934","CADBURY FLAKE 32GR","PCS","OUT","6221021123101","41.6875"
"3309008934","CADBURY FLAKE 32GR","PCS","CTN","2005000329661","332.6375"
"3309008942","CADBURY SNACK SANDWICH 22GR","PCS","OUT","7622210170149","168.1875"
"3309008943","CADBURY BOURNVITA 500GR","PCS","OFFER","8901232323238","67.85"
"3309008943","CADBURY BOURNVITA 500GR","PCS","CTN","2004000264620","519.8"
"3309008945","CADBURY CDM MINIS 192GR","PCS","CTN","7622210892669","227.98749999999998"
"3309008946","CADBURY FLAKE TREAT SIZE 250GR","PCS","CTN","2004000272502","329.1875"
"3309008948","CADBURY DAIRY MILK CARAMEL 40GR","PCS","OUT","7622300829377","41.1125"
"3309008953","CADBURY COCOA 125GR","PCS","CTN","2004000281450","171.35"
"3309008954","CADBURY COCOA 250GR","PCS","CTN","2004000281467","628.475"
"3309008955","KIT KAT CHUNKY CARAMEL 52.5G","PCS","OUT","6294003528805","93.725"
"3309008956","TIC TAC MINT 18GR","PCS","OUT","2004000260318","30.475"
"3309008956","TIC TAC MINT 18GR","PCS","OUT","8000500302873","30.475"
"3309008959","FERRERO ROCHER T3 37.5GR","PCS","OUT","8000500047873","117.3"
"3309008959","FERRERO ROCHER T3 37.5GR","PCS","CTN","2005000327971","680.8"
"3309008961","FERRERO KINDER CHOC.T4 50GR","PCS","OUT","8000500033784","109.25"
"3309008961","FERRERO KINDER CHOC.T4 50GR","PCS","CTN","2005000327988","862.5"
"3309008962","FERRERO KINDER CHOC.T8 - 8X10X100G 10 BO","PCS","OUT","8000500042793","103.5"
"3309008962","FERRERO KINDER CHOC.T8 - 8X10X100G 10 BO","PCS","CTN","2004000260394","839.5"
"3309008963","FERRERO KINDER BUENO 43GR","PCS","OUT","8000500073698","132.25"
"3309008963","FERRERO KINDER BUENO 43GR","PCS","CTN","2005000327865","529"
"3309008964","TIC TAC ORANGE 18GR","PCS","OUT","8000500302897","31.05"
"3309008965","FERRERO KINDER COUNTRY 23GR","PCS","OUT","3017627040194","94.3"
"3309008991","KIT KAT CHOC.CHUNKY-40GR","PCS","OUT","5000426404609","123.05000000000001"
"3309008991","KIT KAT CHOC.CHUNKY-40GR","PCS","OUT","6294003563950","123.05000000000001"
"3309008991","KIT KAT CHOC.CHUNKY-40GR","PCS","OUT","6294003582685","123.05000000000001"
"3309008992","KIT KAT CHOC 4FIN 41.5GR","PCS","OUT","5000189818224","60.95"
"3309008992","KIT KAT CHOC 4FIN 41.5GR","PCS","OUT","5000426177251","60.95"
"3309008992","KIT KAT CHOC 4FIN 41.5GR","PCS","OUT","6294003532994","60.95"
"3309008992","KIT KAT CHOC 4FIN 41.5GR","PCS","CTN","2005000324031","733.125"
"3309008993","KIT KAT 2FINGER 21GR","PCS","OFFER","6294003536206","54.912499999999994"
"3309008993","KIT KAT 2FINGER 21GR","PCS","OUT2","2007000410790","57.5"
"3309008993","KIT KAT 2FINGER 21GR","PCS","OUT2","6294003532963","57.5"
"3309008993","KIT KAT 2FINGER 21GR","PCS","CTN","2006000359856","920"
"3309008998","KIT KAT CHOCOLATE 4F MULTIPACK 6X41.5GR","OUT","CTN","2005000359637","339.5375"
"3309009000","LINDT WHITE LINDOR SINGLES 100 GM","PCS","CTN","2004000260288","213.0375"
"3309009003","LINDT MILK HAZELNUT 100 GM","PCS","CTN","2004000260301","171.35"
"3309009007","LINDT SWISS DARK CHOC SURFIN 100 GR","PCS","CTN","2004000260905","171.35"
"3309009008","LINDT WHITE CHOCOLATE 100GR","PCS","CTN","2004000260912","171.35"
"3309009010","LINDT MILK LINDOR SINGLES 100GR","PCS","CTN","2004000260936","213.0375"
"3309009011","LINDT DARK LINDOR SNGLS 60% 100 GR","PCS","CTN","2004000260943","186.3"
"3309009012","LINDT MILK RAISEN HAZEL NUT 100GR","PCS","CTN","2004000260950","171.35"
"3309009015","LINDT MILK WHOLE ALMOND 100GM","PCS","CTN","2004000260981","171.35"
"3309009016","LINDT CHOC. EXCELLENCE MILK 100 GR","PCS","CTN","2004000260998","319.9875"
"3309009018","LINDT CHOCOLATE WAFER 35GR","PCS","CTN","2004000261018","105.80000000000001"
"3309009019","LINDT CHOC. EXCELLENCE MILK 35 GR","PCS","CTN","2004000261025","140.875"
"3309009020","LINDT CHOC. EXCELLENCE DAR","PCS","CTN","2004000261032","141.1625"
"3309009021","LINDT CHOC. EXCE. 70% DARK 100GR","PCS","CTN","2004000261049","369.15"
"3309009026","LINDT MILK LINDOR 3 PC","PCS","CTN","2004000272700","70.725"
"3309009030","LION BAR CHOCOLATE BAR 42GR","PCS","OUT","7613034376862","138"
"3309009030","LION BAR CHOCOLATE BAR 42GR","PCS","OUT","7613034376879","138"
"3309009030","LION BAR CHOCOLATE BAR 42GR","PCS","OUT","7613287757920","138"
"3309009031","LION BAR PEANUT 41GR","PCS","OUT","7613034158918","129.66261500000002"
"3309009031","LION BAR PEANUT 41GR","PCS","OUT","7613287759542","129.66261500000002"
"3309009031","LION BAR PEANUT 41GR","PCS","CTN","2005000324062","1167.5375"
"3309009032","LION BAR CHOCOLATE BAR 60GM","PCS","OUT","7613034275356","127.3625"
"3309009032","LION BAR CHOCOLATE BAR 60GM","PCS","OUT","7613034551313","127.3625"
"3309009032","LION BAR CHOCOLATE BAR 60GM","PCS","OUT","7613287758002","127.3625"
"3309009035","LOACKER TORTINA 21GR","PCS","OUT","8000380096022","127.075"
"3309009035","LOACKER TORTINA 21GR","PCS","CTN","2004000167876","761.875"
"3309009036","LOACKER TORTINA 125GR","PCS","CTN","2004000167884","714.15"
"3309009037","LOACKER QUADRATINI NAPOLITANER 250GR","PCS","CTN","2004000167891","434.7"
"3309009038","LOACKER PATISSE COCONUT 100 GR","PCS","CTN","2004000167907","437"
"3309009039","LOACKER QUADRATINI KAKAO 250GR","PCS","CTN","2004000167914","437"
"3309009040","LOACKER VANILLE 45GR","PCS","OUT2","8000380000548","29.6125"
"3309009040","LOACKER VANILLE 45GR","PCS","OUT","8000380101245","148.0625"
"3309009041","LOACKER MILK-VANILLE 200GR","PCS","CTN","2004000167921","247.5375"
"3309009042","LOACKER LOACKINI BAGS 100GR","PCS","CTN","2004000167938","425.500115"
"3309009043","LOACKER CREAMKAKAO-45GR","PCS","OUT2","8000380000562","29.6125"
"3309009043","LOACKER CREAMKAKAO-45GR","PCS","OUT","8000380101269","148.0625"
"3309009045","LOACKER GARDENA 5X38GR HAZEL NUT","PCS","CTN","2006000365055","405.95"
"3309009046","LOACKER MILK 45GR","PCS","OUT2","8000380000579","29.6125"
"3309009046","LOACKER MILK 45GR","PCS","OUT","8000380101276","148.0625"
"3309009047","LOACKER NAPOLITANER 45GR","PCS","OUT2","8000380000517","29.6125"
"3309009047","LOACKER NAPOLITANER 45GR","PCS","OUT","8000380101214","148.0625"
"3309009048","LOACKER GARDENA H/NUT 38GMR","PCS","OUT2","80003800052841","28.175"
"3309009048","LOACKER GARDENA H/NUT 38GMR","PCS","OUT","8000380101283","140.01250000000002"
"3309009049","LOACKER QUADRATINI COCONUT 125GR","PCS","CTN","2004000117377","163.5875"
"3309009050","LOACKER PASTISES NOISETTE 100GR","PCS","CTN","2004000117384","437"
"3309009051","LOACKER GARDENA 200GR","PCS","CTN","2004000167976","626.75"
"3309009052","LOACKER CREAMKAKAO 175GR","PCS","CTN","2004000119500","317.975"
"3309009053","LOACKER NAPOLITANER 175GR","PCS","CTN","2004000119517","317.975"
"3309009062","MALTESERS CHOCOLATE BAG 37GR","PCS","OUT","5000159103282","178.25"
"3309009062","MALTESERS CHOCOLATE BAG 37GR","PCS","OUT","5000159316323","178.25"
"3309009062","MALTESERS CHOCOLATE BAG 37GR","PCS","CTN","2004000152552","855.3125"
"3309009063","MALTESERS CHOCOLATE 85 GR","PCS","OUT","5000159417372","243.7425"
"3309009065","MARS CHO. MINIATURE 144GR","PCS","CTN","2004000152521","227.125"
"3309009065","MARS CHO. MINIATURE 144GR","PCS","CTN","6294001826330","227.125"
"3309009071","MAUXION SCHOGETTEN MILK CHOC. 100GR","PCS","CTN","2004000261285","82.71374999999999"
"3309009072","MAUXION SCHOGETTEN MILK & NUT CHOC. 100GR","PCS","CTN","2004000261292","82.71374999999999"
"3309009073","MAUXION CAPUCCINO CHOC. 100G","PCS","CTN","2004000261308","82.71374999999999"
"3309009074","MAUXION SCHOGETTEN NOUGAT CHOCO 100GR","PCS","CTN","2004000261315","82.71374999999999"
"3309009076","MAUXION SCHOGETTEN CHOC.FOR KIDS 100GR","PCS","CTN","2004000261346","82.71374999999999"
"3309009077","MAUXION SCHOGETTEN YOGHURT& S/BERRY 100GR","PCS","CTN","2004000261353","82.71374999999999"
"3309009078","MAUXION SCHOGETTEN WHITE CHOCO 100GR","PCS","CTN","2004000261360","82.71374999999999"
"3309009079","MAUXION SCHOGETTEN CHOCO PLAIN 100GR","PCS","CTN","2004000274612","82.11000000000001"
"3309009082","MAUXION SCHOGETTEN CHOCO TIRAMISU 100GR","PCS","CTN","2004000274636","82.71374999999999"
"3309009085","MCVITIES MARIE FINGER 200GR","PCS","CTN","2004000257899","169.04999999999998"
"3309009098","NESTLE CONDENSED MILK 90GR","PCS","CTN","2004000281016","462.87500000000006"
"3309009099","NUTRO MALT MILK 50GM","PCS","OUT","6291007701029","6.325"
"3309009099","NUTRO MALT MILK 50GM","PCS","CTN","2004000309567","25.3"
"3309009100","NUTRO CHOC. CREAM 90G","PCS","CTN","2004000258506","30.1875"
"3309009104","NUTRO TEA TIME 45GM","PCS","OUT","6291007701050","6.3229299999999995"
"3309009104","NUTRO TEA TIME 45GM","PCS","CTN","2004000258797","26.565"
"3309009107","VICENZI LONG FINGER 200GR","PCS","OFFER","3099080200001","24.4375"
"3309009107","VICENZI LONG FINGER 200GR","PCS","CTN","2004000258858","144.0375"
"3309009110","VICENZI LONG FINGER BISCUIT 400 GR","PCS","CTN","2004000258896","196.075115"
"3309009111","VICENZI M.V.PASTICCINI 300GR","PCS","CTN","2004000266310","148.35"
"3309009112","MARS CHOCOLATE 40GR","PCS","OUT","5000159360517","103.21249999999999"
"3309009112","MARS CHOCOLATE 40GR","PCS","OUT","5000159409056","103.21249999999999"
"3309009112","MARS CHOCOLATE 40GR","PCS","OUT","6221134012910","103.21249999999999"
"3309009112","MARS CHOCOLATE 40GR","PCS","CTN","5000159360524","1230.5"
"3309009114","MARS CHOCO MINIS 710GR","PCS","OUT","2004000152446","730.25"
"3309009123","FERRERO RAFFEELLO T3 30GR","PCS","OUT","8000500041338","87.400115"
"3309009157","ORION CHOCO PIE 12X28GR","PCS","CTN","2006000363495","163.29999999999998"
"3309009158","ORION CHOCO PIE 6X28GR","PCS","CTN","2006000363501","159.85011500000002"
"3309009159","ORION CHOCO PIE 2X28GR","PCS","OUT","8801117827618","25.875"
"3309009159","ORION CHOCO PIE 2X28GR","PCS","CTN","2006000363525","207"
"3309009186","GRISBI COFFEE CREAM 150GR","PCS","CTN","2006000371377","116.15"
"3309009187","GRISBI CHOCO CREAM 150GR","PCS","CTN","2006000371384","172.5"
"3309009188","GRISBI HAZELNUT CREAM 150GR","PCS","CTN","2006000371391","172.5"
"3309009189","GRISBI CAPPUCCINO CREAM 150GR","PCS","CTN","2006000371407","116.15"
"3309009190","GRISBI CHERRY JAM 150GR","PCS","CTN","2006000371414","116.15"
"3309009191","GRISBI ORANGE JAM 150GR","PCS","CTN","2006000371421","116.15"
"3309009193","GRISBI TUA HAZELNUT 100GR","PCS","CTN","2006000371445","138"
"3309009194","GRISBI TUA CAPPUCCINO 100GR","PCS","CTN","2006000371452","138"
"3309009235","SNICKERS CHOCOLATE MINIATURE 120GR","PCS","CTN","6294001823537","138.8625"
"3309009238","SMARTIES SMALL TUBE 38GR","PCS","OUT","7613031520893","68.424195"
"3309009249","TOBLERONE CHOC. MINI PACK 200 GR","PCS","CTN","2004000231486","373.75"
"3309009250","TOBLERONE CHOC.WHITE 35GR","PCS","CTN","7622200341092","79.35"
"3309009253","TOBLERONE CHOC.MILK 50GR","PCS","OUT","7622200341023","152.6625"
"3309009255","TOBLERONE CHOC.MILK 35 GR","PCS","CTN","7622200341009","125.35000000000001"
"3309009273","GALAXY CHOCOLATE CRISPY 30GM","PCS","OUT","4011100813465","106.6625"
"3309009273","GALAXY CHOCOLATE CRISPY 30GM","PCS","OUT","6285835020070","106.6625"
"3309009273","GALAXY CHOCOLATE CRISPY 30GM","PCS","OUT","6294001800286","106.6625"
"3309009273","GALAXY CHOCOLATE CRISPY 30GM","PCS","CTN","2004000308126","639.4"
"3309009274","GALAXY CHOCOLATE FLUTES 1 P","PCS","OUT","4011100818828","49.449999999999996"
"3309009274","GALAXY CHOCOLATE FLUTES 1 P","PCS","OUT","6221134000139","49.449999999999996"
"3309009274","GALAXY CHOCOLATE FLUTES 1 P","PCS","CTN","2004000206545","592.25"
"3309009278","GALAXY CHOC.MINSTRELS 42G","PCS","OUT","5900951100277","235.74999999999997"
"3309009289","GALAXY CHOCOLATE MINI 250","PCS","CTN","2004000206934","219.76500000000001"
"3309009320","LINDT LINDOR HAZELNUT SINGLES 100GR","PCS","CTN","2006000377003","213.0375"
"3309009323","STORCK WETHERS BAG 150GR","PCS","CTN","2004000225560","241.5"
"3309009328","STORCK TOFFIFEE 15PCS 125 G","PCS","CTN","2004000225454","188.6"
"3309009342","TOFFO CHOC.CARAMEL 19.2GR","PCS","OUT","6001025183215","41.1125"
"3309009342","TOFFO CHOC.CARAMEL 19.2GR","PCS","OUT","6294003544195","41.1125"
"3309009342","TOFFO CHOC.CARAMEL 19.2GR","PCS","CTN","2004000232391","494.21250000000003"
"3309009347","TOBLERONE CHOC.MILK 100 GR","PCS","OUT","2004000232452","247.5375"
"3309009351","TWIX CH MINIATURES 160 GR","PCS","OFFER","4011100987210","37.95"
"3309009351","TWIX CH MINIATURES 160 GR","PCS","CTN","2004000152712","477.25000000000006"
"3309009360","TWIX CHOCOLATE TWIN 50 GR","PCS","OUT2","6221134011869","109.1925"
"3309009360","TWIX CHOCOLATE TWIN 50 GR","PCS","OUT","4011100030213","114.1375"
"3309009360","TWIX CHOCOLATE TWIN 50 GR","PCS","OUT","5000159461085","114.1375"
"3309009360","TWIX CHOCOLATE TWIN 50 GR","PCS","CTN","2004000152705","1138.5"
"3309009365","ULKER COKOKREM RED 40G","PCS","OUT","8690504805106","90.5625"
"3309009366","ALPELLA WAFER CHOCO 38GR","PCS","OUT","8690504816591","51.75"
"3309009368","ULKER ALBENI CHOCO 40GR","PCS","OUT","8690504034599","43.125"
"3309009368","ULKER ALBENI CHOCO 40GR","PCS","CTN","2004000160366","258.75"
"3309009369","VOCHELLE BLOCK CHOC.HAZELNUT 100GR","PCS","CTN","2004000237136","76.7625"
"3309009370","VOCHELLE BLOCK CHOC.HAZELNUT 200 GR","PCS","CTN","2004000237143","149.4425"
"3309009374","VOCHELLE CHOCOLATE BLOCK ALMOND 100GR","PCS","CTN","2004000237174","79.0625"
"3309009375","VOCHELLE CHOCOLATE BLOCK ALMOND 200GR","PCS","CTN","2004000237181","144.9"
"3309009376","VOCHELLE CHOCOLATE BLOCK ALMOND 50 GR","PCS","CTN","2004000237198","73.88749999999999"
"3309009379","VOCHELLE CHOCOLATE BLOCK FRUITS&NUTS 100GR","PCS","CTN","2004000237204","83.375"
"3309009380","VOCHELLE CHOCOLATE BLOCK FRUITS&NUTS 200 GR","PCS","CTN","2004000237211","146.91250000000002"
"3309009381","VOCHELLE CHOCOLATE BLOCK FRUITS&NUTS 50 GR","PCS","CTN","2004000237228","73.88749999999999"
"3309009391","VOCHELLE CHOCOLATE DAIRY MILK 100GR","PCS","CTN","2004000237518","78.1425"
"3309009392","VOCHELLE CHOCOLATE DAIRY MILK 200GR","PCS","CTN","2004000237525","149.5"
"3309009393","VOCHELLE CHOCOLATE DAIRY MILK 50GR","PCS","CTN","2004000237532","69.575"
"3309009407","GALAXY MILK CHOCO 90GR","PCS","OUT","6294001806042","82.7425"
"3309009407","GALAXY MILK CHOCO 90GR","PCS","OUT","6294001821694","82.7425"
"3309009408","GALAXY CHOCOLATE HAZELNUT 90GR","PCS","OUT","6294001806073","81.9375"
"3309009409","M & M CHOCO 45GM","PCS","OUT","040000155171","147.20000000000002"
"3309009409","M & M CHOCO 45GM","PCS","OUT","040000486435","147.20000000000002"
"3309009409","M & M CHOCO 45GM","PCS","OUT","5900951256066","147.20000000000002"
"3309009410","M & M CHOCO PEANUT 45GR","PCS","OUT","040000155218","82.8"
"3309009410","M & M CHOCO PEANUT 45GR","PCS","OUT","040000486459","82.8"
"3309009471","GALAXY MINIS CARAMEL 280GR","PCS","CTN","2007000392379","219.76500000000001"
"3309009481","CADBURY FLAKE DIPPED 32GR","PCS","OUT","7622210079626","41.6875"
"3309009494","FERRERO KINDER JOY BOY 20GM","PCS","OUT","8000500126356","16.3875"
"3309009494","FERRERO KINDER JOY BOY 20GM","PCS","CTN","2007000401392","787.7501149999999"
"3309009497","KIT KAT 2 FINGER M/P 12X20.5GR","OUT","CTN","2007000403266","633.9375"
"3309009510","SKITTLES FRUITS ORIGINAL 152G","PCS","CTN","4009900455312","183.9425"
"3309009512","SNICKERS XTRA NUTS 50GR","PCS","OUT","6294001823445","81.07499999999999"
"3309009546","NESTLE LION BAR 42G","PCS","OUT","7613034551269","56.349194999999995"
"3309009547","KIT KAT CHOCOLATE CHUNKY MINIS 250GR","PCS","CTN","2008000417192","595.6999999999999"
"3309009552","ZAINI XXXXXXXXXXXXXXXXXX","PCS","CTN","2008000419899","241.5"
"3309009553","ZAINI EGGS PRINCES & H/KITTY  1PCS","PCS","CTN","2008000419905","366.84999999999997"
"3309009555","ZAINI EGGS MADAGASCAR & PENGUINES  1PSC","PCS","CTN","2008000419929","369.15"
"3309009564","GALAXY SMOOTH MILK 44GM","PCS","OUT","6221134001242","78.198965"
"3309009564","GALAXY SMOOTH MILK 44GM","PCS","OUT","6294001828341","78.198965"
"3309009565","GALAXY HAZELNUT 44GM","PCS","OUT","6221134001228","78.198965"
"3309009565","GALAXY HAZELNUT 44GM","PCS","OUT","6294001828372","78.198965"
"3309009566","GALAXY CARAMEL 34GM","PCS","OUT","6221134030518","113.5625"
"3309009566","GALAXY CARAMEL 34GM","PCS","OUT","6294001821793","113.5625"
"3309009567","GALAXY FRUIT & NUTS 40GM","PCS","OUT","6221134001280","78.198965"
"3309009570","BOUNTY MINI 427GR","PCS","CTN","2008000428471","219.76500000000001"
"3309009571","MARS MINI 270GR","PCS","CTN","2008000428488","219.76500000000001"
"3309009571","MARS MINI 270GR","PCS","CTN","6294001826354","219.76500000000001"
"3309009572","MARS MULTI 6X51GR","PCS","CTN","2008000428495","703.8000000000001"
"3309009574","SNICKERS CHOCOLATE 50GR","PCS","OUT","5000159407472","89.7"
"3309009574","SNICKERS CHOCOLATE 50GR","PCS","OUT","5000159461580","89.7"
"3309009574","SNICKERS CHOCOLATE 50GR","PCS","OUT","6294001813279","89.7"
"3309009574","SNICKERS CHOCOLATE 50GR","PCS","CTN","2008000428518","1012.0000000000001"
"3309009575","SNICKERS MULTI 6PACK 300GR","PCS","CTN","2008000428525","672.75"
"3309009576","SNICKERS MINIS 225GR","PCS","CTN","6294001823551","211.3125"
"3309009577","TWIX MINIS 300GR","PCS","CTN","2008000428549","219.76500000000001"
"3309009595","ELVAN LADY BIRD 55PSC","PCS","CTN","2008000434465","250.70000000000002"
"3309009596","ELVAN MY HONEY 55PSC","PCS","CTN","2008000434472","249.54999999999998"
"3309009597","ELVAN MY CAR 55PSC","PCS","CTN","2008000434489","247.19249999999997"
"3309009598","ELVAN TI AMO HEART SHAPE 450GR","PCS","CTN","2008000434496","258.75"
"3309009622","FERRERO KINDER SCHOKOBONS T125","PCS","CTN","2008000436407","195.5"
"3309009624","FERRERO KINDER MAXI T21","PCS","OUT","2008000436421","78.4875"
"3309009624","FERRERO KINDER MAXI T21","PCS","OUT","4008400223612","78.4875"
"3309009624","FERRERO KINDER MAXI T21","PCS","CTN","2008000436520","626.75"
"3309009661","WEETABIX MINIBIX FRUIT NUTS 450GR","PCS","CTN","2009000441576","309.92499999999995"
"3309009667","CADBURY FLAKE 18GR","PCS","OUT","05000312104316","71.3"
"3309009667","CADBURY FLAKE 18GR","PCS","OUT","5000312104316","71.3"
"3309009696","KIT KAT MINI BAG 250GR","PCS","CTN","2009000448667","598"
"3309009697","SMARTIES MINIS 216GR","PCS","SIZE-1","3030000000052","1.14954"
"3309009697","SMARTIES MINIS 216GR","PCS","CTN","2009000448674","385.25"
"3309009707","KIT KAT DARK 45GR","PCS","OUT","7613035510609","71.529885"
"3309009708","ELVAN CHOCO ROLL 22GR","PCS","OUT","8693029010109","14.375"
"3309009708","ELVAN CHOCO ROLL 22GR","PCS","CTN","2009000006232","207"
"3309009735","MCVITIES HOB NOBS MILK CHOCOLATE 300GR","PCS","CTN","2009000025189","516.35"
"3309009747","LOTTE FUNZELS 34GR","PCS","OUT","2010198001992","34.212155"
"3309009747","LOTTE FUNZELS 34GR","PCS","CTN","2010198002005","103.44250000000001"
"3309009748","LOTTE ALMOND PEPERO 32X36GR","PCS","OUT","2010198002012","156.4"
"3309009749","LOTTE NUDE PEPERO 40X50GR","PCS","OUT","2010198002029","196.65"
"3309009753","ELVAN COCOS 18 GM","PCS","OUT","8693029600126","14.950115"
"3309009753","ELVAN COCOS 18 GM","PCS","CTN","2010198004290","179.4"
"3309009783","GALAXY RIPPLE 25G","PCS","OUT","2010198009868","40.82442499999999"
"3309009783","GALAXY RIPPLE 25G","PCS","OUT","6294001813903","40.82442499999999"
"3309009783","GALAXY RIPPLE 25G","PCS","OUT","6294001814009","40.82442499999999"
"3309009783","GALAXY RIPPLE 25G","PCS","CTN","2010198012219","489.0375"
"3309009784","GALAXY JEWELS REVOLUTION 200G","PCS","CTN","2010198009813","467.475"
"3309009785","GALAXY JEWELS REVOLUTION 400G","PCS","CTN","2010198009820","460"
"3309009786","GALAXY JEWELS REVOLUTION 650G","PCS","OFFER","6221134031249","83.8925"
"3309009786","GALAXY JEWELS REVOLUTION 650G","PCS","OFFER","6294001809364","83.8925"
"3309009786","GALAXY JEWELS REVOLUTION 650G","PCS","CTN","2010198009837","503.125"
"3309009787","GALAXY JEWELS REVOLUTION 900G","PCS","CTN","2010198009844","663.8375"
"3309009788","GALAXY JEWELS REVOLUTION 1400G","PCS","CTN","2010198009851","664.125"
"3309009808","TWIX WHITE CHOCOLATE 46GM","PCS","OUT","5000159351478","127.9375"
"3309009808","TWIX WHITE CHOCOLATE 46GM","PCS","OUT","5000159470216","127.9375"
"3309009808","TWIX WHITE CHOCOLATE 46GM","PCS","OUT","5000159487221","127.9375"
"3309009816","BARNI CAKE CHOCO 30G","PCS","OUT","7622202292552","34.442499999999995"
"3309009816","BARNI CAKE CHOCO 30G","PCS","OUT","7622300661090","34.442499999999995"
"3309009817","TIC TAC SPEARMINT 18G","PCS","OUT","2012011037881","30.475"
"3309009817","TIC TAC SPEARMINT 18G","PCS","OUT","8000500302934","30.475"
"3309009823","GALAXY FLUTES FOUR FINGER 45 GR","PCS","OUT","6221134002621","41.34250000000001"
"3309009823","GALAXY FLUTES FOUR FINGER 45 GR","PCS","OUT","6221134003420","41.34250000000001"
"3309009834","TIC TAC STRAWBERRY 18G","PCS","OUT","8000500302910","30.762500000000003"
"3309009849","STORCK WERTHERS ORIGINALCOFFEE STICKPACK 50G ROLL","PCS","OUT","4014400331493","75.6125"
"3309009852","STORCK NIMM 2;STICKPACK 50G ROLL","PCS","OUT","4014400001839","75.6125"
"3309009852","STORCK NIMM 2;STICKPACK 50G ROLL","PCS","OUT","401440001840","75.6125"
"3309009857","MAMBA SINGLE PACK 26.5 GM","PCS","OUT","4014400110869","67.7925"
"3309009912","FERRERO KINDER BUENO WHITE 4","PCS","OUT","2012011040379","180.55"
"3309009915","NESTLE MINI MIX BAG 480GM","PCS","CTN","6294003547806","483"
"3309009917","BARNI MILK CHOCOLATE 30G","PCS","OUT","7622300660956","33.925"
"3309009919","GALAXY CHOCOLATE MILK 4+1X40GR","OFFER","CTN","2013011045708","313.95"
"3309009926","CADBURY BUBBLY 28GM","PCS","OUT","7622210077677","33.925"
"3309009927","CADBURY BUBBLY 87GM","PCS","OUT","7622210077707","115.86250000000001"
"3309009931","ZAINI EGG DISNEY CARSTOON","PCS","OUT","8004735031218","14.259424999999998"
"3309009944","LOTTE CHOCO PEPERO 47GM","PCS","CTN","2014011048621","157.8375"
"3309009945","LOTTE PEANUT PEPERO 36GM","PCS","CTN","2014011048638","175.0875"
"3309009946","MESSORI CONOSNACK PARTIES CORNET25GM","PCS","CTN","8024431001582","89.7"
"3309009947","MESSORI CONOSNACK HZLNUT CREAM CORNET25GM","PCS","CTN","8024431001544","120.75"
"3309009951","HERSHEYS REESES PEANUT BUTTRE CUP 51GM","PCS","OUT","034000440146","187.1625"
"3309009954","HERSHEYS PEARL EXTRA CREAMY TIN 50GM","PCS","OUT","6942836702113","173.9375"
"3309009955","HERSHEYS DROP ALMOND TIN 60 GM","PCS","OUT","6942836706227","136.5625"
"3309009959","HERSHEYS CREAMY M/CHOCO 40GM","PCS","OUT","034000609321","126.50000000000001"
"3309009960","HERSHEYS NUGGETS CHOCOLATE W/ALMD 28GM","PCS","OUT","6942836706425","56.925"
"3309009963","KIT KAT POP CHOC 36 GM","PCS","OUT","3800020456538","86.25"
"3309009964","KIT KAT POP CHOC 140 GM","PCS","OUT","3800020483671","286.35"
"3309009971","QUALITY ST MACKINTOS CHOC BAR 37GM","PCS","OUT","6294003553890","50.715"
"3309009988","KIT KAT CKY MINI FLV MIX 340G","PCS","CTN","6294003561994","332.925"
"3309009992","KIT KAT CHUNKY PNT BUTTER 24X42G","PCS","OUT","3800020444849","90.85000000000001"
"3309009993","KIT KAT HAZELNUT 2F 18X19.5G","PCS","OUT","6294003571689","33.349999999999994"
"3309009998","GALAXY SNICKERS TWIN 40G","PCS","OUT","6294001813330","103.5"
"3309009999","GALAXY SNICKERS STICK 25G","PCS","OUT","6294001821847","42.262499999999996"
"3309010000","GALAXY TWIX SINGLE 25GM","PCS","OUT","6221134003888","45.712500000000006"
"3309010000","GALAXY TWIX SINGLE 25GM","PCS","OUT2","5000159459280","89.68849999999999"
"3309010002","MARS SNACK 33GM","PCS","OUT","6294001813385","43.125"
"3309010003","MARS GALAXY WHITE 38G","PCS","OUT","6294001824169","106.95"
"3309010004","MARS GALAXY DARK 40G","PCS","OUT","6294001815259","113.5625"
"3309010017","MUNCH MAHA 10.1g","PCS","OUT","8901058843323","13.88625"
"3309010017","MUNCH MAHA 10.1g","PCS","OUT","8901058845679","13.88625"
"3309010020","KIT KAT 2F CARAMEL 19.5G","PCS","OUT","6294003571610","33.349999999999994"
"3309010052","MENTOS CHOCO 37.8G","PCS","OUT","6921211112402","63.5375"
"3309010055","MERDAS DR.CHOCLATE COCA CREAM EITH HAZELNUT 60G","PCS","OUT","6263099800690","310.5"
"3309010059","KIT KAT SENSES 5F COCONUT 40G","PCS","OUT","6294003571016","51.17385"
"3309010060","KIT KAT SENSES 5F CHOC LIBS 43G","PCS","OUT","6294003571047","51.17385"
"3309010061","KIT KAT SENSES 5HFZN CROQUANT 43G","PCS","OUT","6294003571078","51.17385"
"3309010061","KIT KAT SENSES 5HFZN CROQUANT 43G","PCS","OUT","6294003572570","51.17385"
"3311000039","DEVON CREAM CRACKERS 200 GR","PCS","CTN","2004000198215","182.85000000000002"
"3311000043","NUTRO CLASSIC CREAM CRACKERS 200 GR","PCS","CTN","2004000261810","120.75"
"3311000045","NUTRO TASTY CRACKER 42GM","PCS","OUT","6291007701043","6.64125"
"3311000045","NUTRO TASTY CRACKER 42GM","PCS","CTN","2004000272632","26.565"
"3311000084","TUC CRACKER ORIGINAL 23GM","PCS","OUT","7622210049377","15.524885000000001"
"3311000084","TUC CRACKER ORIGINAL 23GM","PCS","OUT","7622210604088","15.524885000000001"
"3311000085","TUC CRACKER CHEESE 24GM","PCS","OUT","7622210049407","15.524885000000001"
"3311000085","TUC CRACKER CHEESE 24GM","PCS","OUT","7622210604125","15.524885000000001"
"3311000086","TUC CRACKERHOT&SPICY24G","PCS","OUT","7622210049438","18.71625"
"3312000278","AL RIFAI CASHEW SALTED 200GR","PCS","OUT","6271100040164","396.75"
"3312000278","AL RIFAI CASHEW SALTED 200GR","PCS","CTN","6271100040294","793.5"
"3312000282","AL RIFAI MIXED NUTS DELUXE 500GR","PCS","CTN","6271100040942","523.25"
"3312000284","AL RIFAI ALMONDS COCKTAIL 200GR","PCS","OUT","6271100040171","323.4375"
"3312000284","AL RIFAI ALMONDS COCKTAIL 200GR","PCS","CTN","6271100040300","646.875"
"3312000285","AL RIFAI MIXED NUTS ASSORTED 200GR","PCS","OUT","6271100040188","189.6925"
"3312000285","AL RIFAI MIXED NUTS ASSORTED 200GR","PCS","CTN","6271100040317","379.4425"
"3312000286","AL RIFAI SUPER DELUXE NUTS 200 GR","PCS","OUT","6271100040201","360.8125"
"3312000286","AL RIFAI SUPER DELUXE NUTS 200 GR","PCS","CTN","6271100040331","721.625"
"3312000287","AL RIFAI MIXED NUTS 500GR","PCS","CTN","6271100040935","440.45"
"3312000288","AL RIFAI MIXED NUTS KERNEL 500GR","PCS","CTN","6271100040928","851"
"3312000291","BE NATURAL FRUIT & NUT 40 GR","PCS","CTN","2004000259831","114.7125"
"3312000292","BE NATURAL NUT DELIGHT 40 GR","PCS","CTN","2004000259848","114.7125"
"3312000295","BE NATURAL YOUGHURT COATED 50GR","PCS","CTN","2004000259886","128.8"
"3312000345","CRUNCHOS ASST MIXNUT 300GR","PCS","CTN","5038572210126","238.04999999999998"
"3312000402","BIKANO LACHA 200GR","PCS","CTN","2006000365581","96.02499999999999"
"3312000403","BIKANO BHUJIA BIKANERI 200GR","PCS","CTN","2006000365598","61.8125"
"3312000404","BIKANO B/BELPURI 200GR","PCS","CTN","2006000365604","61.2375"
"3312000405","BIKANO DAL MOTH 200GR","PCS","CTN","2006000365611","61.2375"
"3312000412","AL RIFAI PISTACHIOS 180GR","PCS","OUT","2006000369749","324.29999999999995"
"3312000412","AL RIFAI PISTACHIOS 180GR","PCS","CTN","2006000369756","641.7"
"3312000413","AL RIFAI DELUXE MIXED NUTS 200GR","PCS","OUT","2006000369763","240.35"
"3312000413","AL RIFAI DELUXE MIXED NUTS 200GR","PCS","CTN","2006000369770","480.7"
"3312000414","AL RIFAI SALTED PEANUTS 250GR","PCS","OUT","2006000369787","149.5"
"3312000414","AL RIFAI SALTED PEANUTS 250GR","PCS","CTN","2006000369794","299"
"3312000415","AL RIFAI PUMPKIN SEEDS 140GR","PCS","CTN","2006000369800","254.15"
"3312000416","AL RIFAI JAPANESE CRACKERS 250GR","PCS","CTN","2006000369817","179.4"
"3312000417","AL RIFAI SUNFLOWER SEEDS 125GR","PCS","OUT","2006000369824","89.125"
"3312000417","AL RIFAI SUNFLOWER SEEDS 125GR","PCS","CTN","2006000369831","178.5375"
"3312000418","AL RIFAI EGYPTIAN SEEDS 180GR","PCS","OUT","2006000369961","158.125"
"3312000418","AL RIFAI EGYPTIAN SEEDS 180GR","PCS","CTN","2006000369978","345"
"3312000508","CASTANIA PEANUTS FRIED 150GR","PCS","CTN","2007000403433","64.6875"
"3312000510","CASTANIA MIXED NUTS 150GR","PCS","CTN","2007000403457","64.6875"
"3312000511","GROWERS PEANUTS GARLIC 80GM","PCS","CTN","2008000412685","172.5"
"3312000512","GROWERS PEANUTS HONEY 100GR","PCS","CTN","2008000412692","144.9"
"3312000513","GROWERS PEANUTS ORIANTAL 100GR","PCS","CTN","2008000412708","152.95000000000002"
"3312000514","GROWERS PEANUTS SAVOURY HOT 80GM","PCS","CTN","2008000412715","151.225"
"3312000549","AL RIFAI ALMOND SMOKED 200GR","PCS","CTN","2008000424565","647.1625"
"3312000550","AL RIFAI PEANUT NACHOS 150GR","PCS","CTN","2008000424572","299"
"3312000551","AL RIFAI SALTED PISTACHIO 400GR","PCS","CTN","2008000424589","667.000115"
"3312000552","AL RIFAI COCKTAIL MIX 200GR","PCS","CTN","2008000424596","484.15"
"3312000553","AL RIFAI COCKTAIL MIX 500GR","PCS","CTN","2011011032490","569.25"
"3312000554","AL RIFAI INCA CORN ORIGINAL 125GR","PCS","CTN","2008000424602","331.2"
"3312000555","AL RIFAI INCA CORN CHEESE 125GR","PCS","CTN","2008000424619","339.25"
"3312000557","JACK N JIL CHIPPY BBQ 115GR","PCS","CTN","2008000429003","273.125"
"3312000558","JACK N JIL CHIPPY CHILI&CHEESE 120GR","PCS","CTN","2008000429010","215.625"
"3312000559","JACK N JIL CHIZ CURLS CHEESE 60GR","PCS","CTN","2008000429027","191.7625"
"3312000565","JACK N JIL CHIPS NACHO CHEESE 100GR","PCS","CTN","2008000429089","281.75"
"3312000566","JACK N JIL NOVA MULTIGRAIN CHIPS COUNTRY CHEDAR 78GR","PCS","CTN","2008000429096","210.45000000000002"
"3312000567","JACK N JIL PIATTOS POTATO CRISPS CHEESE 85GR","PCS","CTN","2008000429102","345"
"3312000568","JACK N JIL ROLLER COASTER POTATO RINGS 85GR","PCS","CTN","2008000429119","215.625"
"3312000569","JACK N JIL TAQUITOS FUN CHIPS RANCH BBQ 100GR","PCS","CTN","2008000429126","159.39"
"3312000570","JACK N JIL TOSTILLAS CHIPS NACHO CHEESE 75GR","PCS","CTN","2008000429133","201.25"
"3312000572","JACK N JIL V CUT POTATO CHIPS SPICY BBQ 75GR","PCS","CTN","2008000429157","244.37511500000002"
"3312000654","AL RIFAI PEANUT KRI KRI 200GM","PCS","CTN","2010198003705","215.05"
"3312000655","AL RIFAI DELUXE MIX UNSALTED 200GM","PCS","CTN","2010198003712","621"
"3312000670","MANI PEANUTS 45GM","PCS","CTN","2010198004801","70.035"
"3312000672","MANI SWEET COCKTAIL SUNDRIED 45GM","PCS","CTN","2010198004825","123.62511500000001"
"3312000674","MANI PEANUT 15 GM","PCS","CTN","2010198004849","57.44250000000001"
"3312000675","MANI ALMOND SMOKED BBQ 17GM","PCS","CTN","2010198004856","113.85"
"3312000676","MANI SWEET COCKTAIL 20GM","PCS","CTN","2010198004863","108.675"
"3312000709","AL RIFAI LIGHT MIX NUT 200GM","PCS","CTN","2010198009486","851"
"3312000734","MANI YUMMY BERRY NUTS 45G","PCS","CTN","2013011047757","123.62511500000001"
"3312000760","BIKANO BHUJIA AALOO 200G","PCS","CTN","2013011047085","61.2375"
"3312000772","CRUNCHOS NUTS ASSORTED MIX 13GM","PCS","OUT","5038572210027","26.3925"
"3312000776","CRUNCHOS NUTS ROYAL MIX POUCH 100GM","PCS","CTN","5038572310024","81.362615"
"3312000778","CRUNCHOS PEANUTS 13GM","PCS","OUT","5038572600125","8.912615"
"3312000779","CRUNCHOS PEANUTS POUCH 100GM","PCS","OUT","5038572600088","34.50552"
"3312000782","CRUNCHOS PISTACHIO 13GM","PCS","OUT","5038572240208","48.5875"
"3312000785","CRUNCHOS CASHEW POUCH 13GM","PCS","CTN","5038572600248","38.525000000000006"
"3313000386","PRINGLES CHIPS KETCHUP 165 GM","PCS","CTN","5410076056033","278.0125"
"3313000386","PRINGLES CHIPS KETCHUP 165 GM","PCS","CTN","5410076072682","278.0125"
"3313000400","PRINGLES BBQ SMOCKED 165GM","PCS","CTN","2005000335310","230"
"3313000409","AL MUDHISH FRESH POT.CHIPS R.SALT 15 GR","PCS","OUT","9501033112339","13.225000000000001"
"3313000409","AL MUDHISH FRESH POT.CHIPS R.SALT 15 GR","PCS","CTN","2004001490875","25.875"
"3313000412","AL MUDHISH CHIPS RINGS SALSA 15GR","PCS","OUT","9501033112353","13.222125"
"3313000412","AL MUDHISH CHIPS RINGS SALSA 15GR","PCS","CTN","2004000262169","25.874310000000005"
"3313000413","AL MUDHISH CHIPS TORTILLA PIZZA 20 GR","PCS","OUT","9501033112322","14.6625"
"3313000413","AL MUDHISH CHIPS TORTILLA PIZZA 20 GR","PCS","CTN","9501033114203","29.325"
"3313000453","LAYS CHIPS KETCHUP 14GR","PCS","OUT","6281036001238","15.2375"
"3313000453","LAYS CHIPS KETCHUP 14GR","PCS","CTN","2004000262671","75.9"
"3313000454","LAYS CHIPS SALT & VINEGAR 165GM","PCS","OFFER","6281036117304","10.0625"
"3313000454","LAYS CHIPS SALT & VINEGAR 165GM","PCS","CTN","2004000262688","202.112615"
"3313000459","LAYS CHIPS KETCHUP 23GR","PCS","OUT","6281036113153","6.324885"
"3313000459","LAYS CHIPS KETCHUP 23GR","PCS","OUT","6281036999962","6.324885"
"3313000459","LAYS CHIPS KETCHUP 23GR","PCS","CTN","2004000262794","29.885625"
"3313000459","LAYS CHIPS KETCHUP 23GR","PCS","CTN2","2008000418885","63.9975"
"3313000460","LAYS CHIPS SALT 23 GR","PCS","OUT","6281036113054","6.324885"
"3313000460","LAYS CHIPS SALT 23 GR","PCS","OUT","6281036999993","6.324885"
"3313000460","LAYS CHIPS SALT 23 GR","PCS","CTN","2008000418892","63.9975"
"3313000461","LAYS CHIPS SALT VINIGAR 23 GR","PCS","OUT","6281036113351","6.324885"
"3313000461","LAYS CHIPS SALT VINIGAR 23 GR","PCS","OUT","6281036999986","6.324885"
"3313000461","LAYS CHIPS SALT VINIGAR 23 GR","PCS","CTN","2008000418908","63.9975"
"3313000462","LAYS POTATO CHIPS SALTED 165GM","PCS","OFFER","6281036117007","10.925"
"3313000462","LAYS POTATO CHIPS SALTED 165GM","PCS","CTN","2004000262855","218.5"
"3313000464","LAYS POTATO CHIPS KETCHUP 165GM","PCS","OFFER","6281036117106","10.0625"
"3313000464","LAYS POTATO CHIPS KETCHUP 165GM","PCS","CTN","2004000262879","202.112615"
"3313000465","LAYS CHILLI 165GR","PCS","OFFER","6281036117205","10.0625"
"3313000465","LAYS CHILLI 165GR","PCS","CTN","2004000262886","202.112615"
"3313000466","LAYS CHEESE 165GM","PCS","OFFER","6281036117403","11.5"
"3313000466","LAYS CHEESE 165GM","PCS","CTN","2004000262978","218.5"
"3313000467","LAYS CHIPS CHEESE 23 GR","PCS","OUT","6281036113559","6.324885"
"3313000467","LAYS CHIPS CHEESE 23 GR","PCS","OUT","6281036999955","6.324885"
"3313000467","LAYS CHIPS CHEESE 23 GR","PCS","CTN","2004000116783","29.885625"
"3313000467","LAYS CHIPS CHEESE 23 GR","PCS","CTN2","2008000418915","63.9975"
"3313000468","LAYS CHIPS CHILLI 25 GR","PCS","OUT","6281036113252","49.7375"
"3313000468","LAYS CHIPS CHILLI 25 GR","PCS","OUT","6281036999979","49.7375"
"3313000468","LAYS CHIPS CHILLI 25 GR","PCS","CTN","2008000418922","196.65"
"3313000470","LAYS CHIPS KETCHUP 40GR","PCS","CTN","2004000274759","137.425"
"3313000471","LAYS CHIPS CHILLI 40GR","PCS","CTN","2004000274766","137.425"
"3313000472","LAYS CHIPS SALT & VINEGAR 40GM","PCS","CTN","2004000274773","159.85011500000002"
"3313000473","LAYS CHIPS SALT 40GM","PCS","CTN","2004000274780","137.425"
"3313000474","LAYS CHIPS CHEESE 40GM","PCS","CTN","2004000274797","137.9425"
"3313000482","OMAN CHIPS CHILLY 15GR","PCS","OUT","9501100018984","16.3875"
"3313000482","OMAN CHIPS CHILLY 15GR","PCS","OUT","9501100019028","16.3875"
"3313000482","OMAN CHIPS CHILLY 15GR","PCS","CTN","9501100018335","32.2"
"3313000484","OMAN CHIPS SOHAR 15GR","PCS","OUT","9501100018991","16.3875"
"3313000484","OMAN CHIPS SOHAR 15GR","PCS","OUT","9501100019097","16.3875"
"3313000484","OMAN CHIPS SOHAR 15GR","PCS","CTN","9501100018342","32.775"
"3313000512","MR.POTATO CRISPS ORIGINAL 160GR","PCS","CTN","2005000351303","158.9875"
"3313000513","MR.POTATO CRISPS HOT SPICY 160GR","PCS","CTN","2005000351310","158.9875"
"3313000514","MR.POTATO CRISPS BBQ 160GR","PCS","CTN","2005000351327","158.7"
"3313000515","MR.POTATO CRISPS SOUR CREAM 160GR","PCS","CTN","2005000351334","158.9875"
"3313000539","PRINGLES CHIPS CHEDDAR CHEESE 165GM","PCS","CTN","5410076068234","179.975"
"3313000570","PRINGLES CHIPS ORIGINAL 40GM","PCS","CTN","05410076067640","64.1125"
"3313000570","PRINGLES CHIPS ORIGINAL 40GM","PCS","CTN","10037000100895","64.1125"
"3313000570","PRINGLES CHIPS ORIGINAL 40GM","PCS","CTN","10037000211768","64.1125"
"3313000571","PRINGLES CHIPS S&V 165GM","PCS","CTN","5410076030040","230"
"3313000571","PRINGLES CHIPS S&V 165GM","PCS","CTN","5410076068326","230"
"3313000572","PRINGLES CHIPS REGULAR BBQ 165GM","PCS","CTN","5410076029983","184.575"
"3313000572","PRINGLES CHIPS REGULAR BBQ 165GM","PCS","CTN","5410076068173","184.575"
"3313000576","QATAR CHIPS POFAK 25 GR","PCS","OUT","6297000040530","21.5625"
"3313000576","QATAR CHIPS POFAK 25 GR","PCS","OUT","6300900010333","21.5625"
"3313000576","QATAR CHIPS POFAK 25 GR","PCS","CTN","2004001490806","42.8375"
"3313000579","LORENZ SALTLETTS STICKS CLASSIC 250GR","PCS","CTN","2006000376945","192.04999999999998"
"3313000581","LORENZ POMSTICKS SALT 100GR","PCS","CTN","2006000376969","151.8"
"3313000598","AL MUDHISH RIPPLES HOT SAUCE 15GR","PCS","OUT","2004001499762","15.525"
"3313000598","AL MUDHISH RIPPLES HOT SAUCE 15GR","PCS","OUT","9501033112360","15.525"
"3313000598","AL MUDHISH RIPPLES HOT SAUCE 15GR","PCS","OUT","9501033112995","15.525"
"3313000598","AL MUDHISH RIPPLES HOT SAUCE 15GR","PCS","CTN","2005000357695","29.325"
"3313000599","AL MUDHISH RIPPLE CRUNCH 15GR","PCS","OUT","9501033112384","14.950115"
"3313000599","AL MUDHISH RIPPLE CRUNCH 15GR","PCS","OUT","9501033112513","14.950115"
"3313000599","AL MUDHISH RIPPLE CRUNCH 15GR","PCS","CTN","2004001499014","29.6125"
"3313000652","CHEETOS CHIPS CRUNCHY FLAMING HOT 8OZ","PCS","CTN","2007000394304","284.05"
"3313000653","CHEETOS CHIPS CRUNCHY FLAMING HOT 1.25OZ","PCS","CTN","2007000394311","284.05"
"3313000669","CHEETOS CURLS CHIPS CHEESE 27GR","PCS","OUT","6281036245533","18.974655000000002"
"3313000669","CHEETOS CURLS CHIPS CHEESE 27GR","PCS","CTN","2007000406007","76.18726999999998"
"3313000672","CHEETOS TWISTED CHIPS CHEESE 25GR","PCS","OUT","6281036241559","9.05625"
"3313000672","CHEETOS TWISTED CHIPS CHEESE 25GR","PCS","CTN","2007000406038","33.809999999999995"
"3313000673","CHEETOS TWISTED CHIPS CHEESE 160GR","PCS","CTN","2007000406045","159.275"
"3313000674","CHEETOS MINI CHIPS KETCHUP CHEESE 14GR","PCS","OUT","6281036260154","14.0875"
"3313000674","CHEETOS MINI CHIPS KETCHUP CHEESE 14GR","PCS","CTN","2007000406052","112.125"
"3313000675","CHEETOS MINI CHIPS CHEESY 14GR","PCS","OUT","6281036240576","14.0875"
"3313000675","CHEETOS MINI CHIPS CHEESY 14GR","PCS","CTN","2007000406069","112.41250000000001"
"3313000680","DORITOS CHIPS SWEET CHILLI PEPPER 180GR","PCS","OFFER","6281036567284","9.4875"
"3313000680","DORITOS CHIPS SWEET CHILLI PEPPER 180GR","PCS","CTN","2007000406113","186.875"
"3313000681","DORITOS CHIPS N\CHEESE35%180","PCS","OFFER","6281036567185","10.925"
"3313000681","DORITOS CHIPS N\CHEESE35%180","PCS","CTN","2007000406120","201.25"
"3313000685","LAYS MAX EXTRA MEXICAN TAMATO CHIPS 65GM","PCS","CTN","6281036135520","72.45"
"3313000686","LAYS MAX TAX MEX FAHITA CHIPS 65GM","PCS","CTN","6281036135629","72.45"
"3313000690","LAYS FORNO LABNEH&MINT CHIPS 43GM","PCS","CTN","6281036194428","49.1625"
"3313000691","LAYS STAX CHEDDAR 5.5OZ","PCS","CTN","2008000411640","150.65"
"3313000694","LAYS STAX CREAM ONION 5.75OZ","PCS","CTN","2008000411671","150.65"
"3313000697","LAYS FORNO LEMON&BLACK PEPPER CHIPS 43GM","PCS","CTN","6281036194329","49.1625"
"3313000702","LAYS CHIPS FORNOBLACK PEPPER43 GR","PCS","CTN","2008000418953","73.60000000000001"
"3313000703","LAYS CHIPS FORNO AUTHENTIC CHEESE43GM","PCS","CTN","2008000418960","71.5875"
"3313000762","SUNBITES CHIPS CHEESE ONION 50GR","PCS","CTN","6281036284259","84.52499999999999"
"3313000763","SUNBITES CHIPS CHEESE ONION 110GR","PCS","CTN","2009000440227","198.6625"
"3313000764","SUNBITES CHIPS OLIVE OREGANO 50GR","PCS","CTN","6281036284150","84.23750000000001"
"3313000765","SUNBITES CHIPS OLIVE OREGANO 110GR","PCS","CTN","2009000440234","198.89249999999998"
"3313000770","CHEETOS FLAMING HOT 210GR","PCS","CTN","2009000448476","241.5"
"3313000771","CHEETOS FLAMING HOT 25GR","PCS","OUT","6281036014047","17.25"
"3313000771","CHEETOS FLAMING HOT 25GR","PCS","CTN","2009000448483","86.25"
"3313000773","PRINGLES CHIPS SC\O 40GM","PCS","CTN","0543149775176","59.800000000000004"
"3313000773","PRINGLES CHIPS SC\O 40GM","PCS","CTN","2009000007130","59.800000000000004"
"3313000800","PRINGLES CHIPS HOT & SPICY 40GM","PCS","CTN","05410076067619","64.1125"
"3313000800","PRINGLES CHIPS HOT & SPICY 40GM","PCS","CTN","2009000025790","64.1125"
"3313000807","CRUNCHOS CHIPS SALTED 13GM","PCS","OUT","5038572102322","18.1125"
"3313000813","CHEETOS CRUNCHY CHEESE 210GM","PCS","CTN","2010198004948","225.97500000000002"
"3313000814","CHEETOS CRUNCHY CHEESE 25 GM","PCS","OUT","6281036014061","21.275"
"3313000814","CHEETOS CRUNCHY CHEESE 25 GM","PCS","CTN","2010198004955","80.5"
"3313000819","CANTINA MAXICANA GARLIC TORTILLA 240G","PCS","CTN","2010198008571","201.25"
"3313000820","CANTINA MAXICANA SALSA TORTILLA 240G","PCS","CTN","2010198008588","201.25"
"3313000822","CANTINA MAXICANA SWEET CHILLI 200G","PCS","CTN","2010198008601","161"
"3313000823","CANTINA MAXICANA TORTILLA CHIPS CHEESE 200G","PCS","CTN","2010198008618","159.85011500000002"
"3313000842","DORITOS CHIPS NACHO CHEESE 48GM","PCS","CTN","2011011024761","69"
"3313000843","DORITOS CHIPS SWEET CHILLY PEPPER 48GM","PCS","CTN","2011011024778","80.5"
"3313000844","LAYS CHIPS YOGHURT & HERBS 185GM","PCS","CTN","2011011024785","148.35"
"3313000846","LAYS CHIPS STAX ORIGINAL 5.75OZ","PCS","CTN","2011011024808","153.812615"
"3313000850","LAYS CHIPS STAX SALT VINEGAR 5.5OZ","PCS","CTN","2011011024846","153.812615"
"3313000864","LAYS MAX MEXICAN CHILLI 50 GM","PCS","OUT","6281036134158","67.85"
"3313000865","LAYS MAX MEXICAN CHILLI 200 GM","PCS","CTN","2011011029902","183.42488500000002"
"3313000866","LAYS MAX CREAM CHEDDAR 50 GM","PCS","OUT","2011011029919","55.199999999999996"
"3313000867","LAYS MAX CREAM CHEDDAR 200 GM","PCS","CTN","2011011029926","183.42488500000002"
"3313000909","LAYS FORNO BLACK PEPPER170G","PCS","CTN","2012011038826","239.14249999999998"
"3313000910","LAYS FORNO AUTHENTIC CHEESE170G","PCS","CTN","2012011038833","238.91250000000002"
"3313000955","OMAN CHIPS OMAN 97GM","PCS","CTN","9501100018595","32.775"
"3313000956","OMAN SOHAR CHIPS 100G","PCS","CTN","9501100018557","24.724999999999998"
"3313000957","OMAN SALAD CHIPS 75GM","PCS","CTN","9501100018533","25.0125"
"3313000974","KITCO POTATO STIX LIGHTLY SALTED 45G","PCS","OUT","6271001350010","20.987614999999998"
"3313000975","KITCO POTATO STIX HOT&SPICY 45G","PCS","OUT","6271001350034","19.8375"
"3313000976","KITCO POTATO STIIX TOMATO KETCHUP 45G","PCS","OUT","6271001350027","20.987614999999998"
"3313000977","KITCO POTATO STIIX PAPRIKA 45G","PCS","OUT","6271001350348","19.8375"
"3313000978","KITCO POTATO STIX SOUR CREAM&ONION 45G","PCS","OUT","6271001350324","20.987614999999998"
"3313000979","KITCO POTATO STIX RED HOT CHILLI 45G","PCS","OUT","6271001350300","19.8375"
"3313000980","KITCO POTATO STIX CHICKEN 45G","PCS","OUT","6271001350041","19.8375"
"3313000981","KITCO POTATO STIX SALT&VINEGAR 45G","PCS","OUT","6271001350416","20.6425"
"3313001009","KITCO POPCORN 25G","PCS","OUT","6290340013509","14.8925"
"3313001009","KITCO POPCORN 25G","PCS","CTN","2014011049604","28.6925"
"3313001011","KITCO BITES CORN CHEESE BALL 30G","PCS","OUT","6271008427203","31.395000000000003"
"3313001012","KITCO BITES CORN CHEESE BALL 15G","PCS","OUT","6271008427807","16.844625000000004"
"3313001018","KITCO KETTLE COOKED SALT CHIPS 40GM","PCS","OUT","6290340049003","29.325"
"3313001019","KITCO KETTLE COOKED ARABIC SPICE CHIPS 40GM","PCS","OUT","6290340049102","29.325"
"3313001020","KITCO KETTLE COOKED FRENCH CHEES CHIPS 40GM","PCS","OUT","6290340049201","29.325"
"3313001021","KITCO KETTLE COOKED HNY&BBQ CHIPS 40GM","PCS","OUT","6290340049508","29.325"
"3313001022","KITCO KETTLE COOKED F/CHILLI CHIPS 40GM","PCS","OUT","6290340049409","29.325"
"3313001023","CRUNCHOS CRUN CHILI CHIP25X13","PCS","OUT","5038572102346","18.1125"
"3313001025","CRUNCHOS CRUN SALT CHIP 25GM","PCS","OUT","5038572500043","18.6875"
"3313001026","CRUNCHOS POTATO CHILLI CHIPS 25GM","PCS","OUT","5038572500050","18.6875"
"3313001027","CRUNCHOS POTATO CHEESE CHIPS 25GM","PCS","OUT","5038572500067","18.6875"
"3313001034","CRUNCHOS CHEESE BALLS 30GM","PCS","OUT2","5038572900362","5.7385"
"3313001034","CRUNCHOS CHEESE BALLS 30GM","PCS","OUT","5038572401197","16.3875"
"3313001036","DORITOS SHOTS SPICY LEMON 25","PCS","CTN","6281036521125","53.13"
"3313001042","KITCO KETTLE SEA SALT 170g","PCS","CTN","6290340043575","163.0125"
"3313001049","CANTINA MAXICANA FLOUR TORTILLA 6PCS 360G","PCS","OFFER","0113591798871","39.675"
"3313001054","CHEETOS CRUNCHY FLAMING HOT 50GM","PCS","OUT","6281036014108","30.1875"
"3313001066","SUNBITES MINI CRACKERS ITALIAN MIX 40GM","PCS","CTN","6281036015464","54.3375"
"3313001068","SUNBITES MINI CRACKERS CINAMON&HONEY 40GM","PCS","CTN","6281036015471","54.3375"
"3313001070","SUNBITES CHEESE &ONION 23GM","PCS","OUT","3863847009820","14.6625"
"3313001070","SUNBITES CHEESE &ONION 23GM","PCS","OUT","6281036281227","14.6625"
"3313001071","SUNBITES OLIVE & OREGANO 23GM","PCS","OUT","6281036281128","14.6625"
"3314000129","BIG BABOL C.GUM 27GR","PCS","OUT","8003440917046","23.57408"
"3314000129","BIG BABOL C.GUM 27GR","PCS","OUT","8003440950371","23.57408"
"3314000143","BIG BABOL BUBBLE FRUIT 27GR","PCS","OUT","8003440920121","26.1625"
"3314000143","BIG BABOL BUBBLE FRUIT 27GR","PCS","OUT","8003440950418","26.1625"
"3314000144","BIG BABOL GUM REV 27GR","PCS","OUT","8003440908235","26.450000000000003"
"3314000144","BIG BABOL GUM REV 27GR","PCS","OUT","8003440950432","26.450000000000003"
"3314000175","BIG BABOL FILI FOLLY CHEWING GUM TUTTI FRUTI 11GR","PCS","OUT","8003440917947","86.93999999999998"
"3314000208","WRIGLEYS XTRA SWEET LIME PELLET 30PC 14GM","PCS","OUT","4009900391160","65.80875"
"3314000208","WRIGLEYS XTRA SWEET LIME PELLET 30PC 14GM","PCS","OUT","4009900443937","65.80875"
"3314000218","BATOOK CHEWING GUM STRAWBERRY 12.5GR","PCS","OUT","796648101253","6.612500000000001"
"3314000223","BATOOK NATURAL MASTIC GUM 50PCS","PCS","CTN","2005000333286","224.5375"
"3314000245","HITSCHLER BIG BUBBLE GUM TATOO 570 120GR","PCS","CTN","2005000344152","213.9"
"3314000246","HITSCHLER CHEW CANDY FILLED 793 250GR","PCS","CTN","2005000344169","202.34249999999997"
"3314000249","HITSCHLER CHEW CANDY STICKS IN TEN 100GR","PCS","CTN","2005000344190","483"
"3314000250","WRIGLEYS EXTRA GUM WHITE 10PELLETS","PCS","OUT","4009900398183","81.9375"
"3314000250","WRIGLEYS EXTRA GUM WHITE 10PELLETS","PCS","OUT","4009900529457","81.9375"
"3314000254","TUTI FRUIT TUBBL GUM TUATI 35GR","PCS","OUT","3116740013143","258.75"
"3314000256","WRIGLEYS CHEWING GUM EXTRA STRAWBERRY S/F 10PCS","PCS","OUT","4009900394925","81.9375"
"3314000256","WRIGLEYS CHEWING GUM EXTRA STRAWBERRY S/F 10PCS","PCS","OUT","4009900537353","81.9375"
"3314000260","CHUPA CHUPS FRUIT BAG 120GR","PCS","CTN","2006000367462","132.1925"
"3314000261","CHUPA CHUPS ICE CREAM BAG 120GR","PCS","CTN","2006000367479","132.1925"
"3314000262","CHUPA CHUPS COLA MIX BAG 120GR","PCS","CTN","2006000367486","124.2"
"3314000273","SMINT FRESHNER + PEPPERMINT 1 PC","PCS","OUT","8410031995237","84.52499999999999"
"3314000278","SMITH MILK CHEWS 42GR","PCS","OUT","8710800972804","42.8375"
"3314000278","SMITH MILK CHEWS 42GR","PCS","CTN","8710800972","686.55"
"3314000282","RICOLA ORIGINAL HERB SUGAR FREE 45GR","PCS","CTN","2005000334856","156.975"
"3314000283","RICOLA LEMON MINT SUGAR FREE 45GR","PCS","CTN","2005000334863","165.6"
"3314000284","RICOLA ORANGE MINT SUGAR FREE 45GR","PCS","CTN","2005000334870","164.44942500000002"
"3314000285","RICOLA ALPIN FRESH SUGAR FREE 45GR","PCS","CTN","2005000334887","163.299885"
"3314000286","RICOLA BLACKCURRANT SUGAR FREE","PCS","CTN","2005000334894","164.44942500000002"
"3314000288","RICOLA SWISS HERB CANDY 70GR","PCS","CTN","2005000334917","77.625"
"3314000290","NATCO DRIED MINT 25GR","PCS","CTN","2004000082729","48.3"
"3314000291","NATCO OREGANO 25GR","PCS","CTN","2004000082736","53.1875"
"3314000321","BATOOK CHEWING GUM SPECIAL MINT 12.5GR","PCS","OUT","796648100256","6.8425"
"3314000321","BATOOK CHEWING GUM SPECIAL MINT 12.5GR","PCS","OUT","796648261254","6.8425"
"3314000323","BIG BABOL FILI FOLLY CHEWING GUM APPLE 11GM","PCS","OUT","8003440950005","86.93999999999998"
"3314000324","BIG BABOL FILI FOLLY CHEWING GUM STRAWBERRY 11GR","PCS","OUT","8003440917985","86.93999999999998"
"3314000326","BIG BABOL GUM S\BERRY 23GR","PCS","OUT","8003440901076","26.450000000000003"
"3314000326","BIG BABOL GUM S\BERRY 23GR","PCS","OUT","8003440920138","26.450000000000003"
"3314000326","BIG BABOL GUM S\BERRY 23GR","PCS","OUT","8003440950395","26.450000000000003"
"3314000336","WRIGLEYS CHEWING GUM-DOUBLEMINT (STICKS) 5 PK","PCS","OUT","4009900021005","28.75"
"3314000337","WRIGLEYS CHEWING GUM-EXT.SPEARMINT (PELLETS) 30 BO","PCS","OUT","4009900017848","81.9375"
"3314000337","WRIGLEYS CHEWING GUM-EXT.SPEARMINT (PELLETS) 30 BO","PCS","OUT","4009900530118","81.9375"
"3314000338","WRIGLEYS CHEWING GUM-EXT.PEPPERMINT 10PCS","PCS","OUT","4009900018029","81.9375"
"3314000340","WRIGLEYS XTRA FUSION 27GR","PCS","OUT","4009900361569","48.3"
"3314000340","WRIGLEYS XTRA FUSION 27GR","PCS","OUT","4009900424387","48.3"
"3314000340","WRIGLEYS XTRA FUSION 27GR","PCS","OUT","4009900425629","48.3"
"3314000341","WRIGLEYS CHEWING GUM JUICY FRUIT STICKS 13GR","PCS","OUT","4009900031004","21.84977"
"3314000341","WRIGLEYS CHEWING GUM JUICY FRUIT STICKS 13GR","PCS","CTN","2004000238966","523.25"
"3314000342","WRIGLEYS CHEWING GUM-SPEARMINT (STICKS) 5 PC","PCS","OUT","4009900011006","28.75"
"3314000350","HALLS MEN/ SPEARMINT30.5G","PCS","OUT","5010455771047","22.9425"
"3314000350","HALLS MEN/ SPEARMINT30.5G","PCS","OUT","7622210083524","22.9425"
"3314000351","HALLS MENTHOL CHERRY 30.5G","PCS","OUT","5010455771061","22.9425"
"3314000351","HALLS MENTHOL CHERRY 30.5G","PCS","OUT","6111242202214","22.9425"
"3314000351","HALLS MENTHOL CHERRY 30.5G","PCS","OUT","7622210083487","22.9425"
"3314000351","HALLS MENTHOL CHERRY 30.5G","PCS","OUT","7622210609731","22.9425"
"3314000352","HALLS MENTHOL 30.5 GR","PCS","OUT","5010455771016","22.9425"
"3314000352","HALLS MENTHOL 30.5 GR","PCS","OUT","7622210083388","22.9425"
"3314000352","HALLS MENTHOL 30.5 GR","PCS","OUT","7622210609809","22.9425"
"3314000354","TUTI FRUIT TUBBLE GUM CHERRY 35GR","PCS","OUT","3116740017295","258.75"
"3314000356","BATOOK CARDAMOM CHEWING GUM","PCS","OUT","796648107255","8.05"
"3314000356","BATOOK CARDAMOM CHEWING GUM","PCS","OUT","796648268253","8.05"
"3314000359","BATOOK ORANGE CHEWING GUM 12.5GR","PCS","OUT","796648103257","6.612500000000001"
"3314000359","BATOOK ORANGE CHEWING GUM 12.5GR","PCS","OUT","796648264255","6.612500000000001"
"3314000360","BATOOK BANANA CHEWING GUM 12.5GR","PCS","OUT","796648102250","6.612500000000001"
"3314000360","BATOOK BANANA CHEWING GUM 12.5GR","PCS","OUT","796648263258","6.612500000000001"
"3314000373","CHUPA CHUPS XXL SINGLE 25X29GR","PCS","OUT","8410031934960","90.5625"
"3314000373","CHUPA CHUPS XXL SINGLE 25X29GR","PCS","OUT","8935001723691","90.5625"
"3314000373","CHUPA CHUPS XXL SINGLE 25X29GR","PCS","CTN","2006000383899","1086.75"
"3314000378","ROLL UP GUM TUTTI FRUTTI 29GR","PCS","CTN","3116740015444","136.85"
"3314000379","ROLL UP GUM STRAWBERRY 29GR","PCS","CTN","3116740016502","136.85"
"3314000382","BATOOK GUM PONTY COLOR 50X4PCS","PCS","SIZE-1","3030000000051","0.287385"
"3314000382","BATOOK GUM PONTY COLOR 50X4PCS","PCS","CTN","2007000395233","246.675"
"3314000384","FRUTILLA GUM STRAWBERRY 39GR","PCS","OUT","8710800970480","44.5625"
"3314000386","FRUTILLA GUM ORANGE 39GR","PCS","OUT","8710800970473","45.712500000000006"
"3314000388","CHUPA CHUP BEST ASSTD 120GR","PCS","CTN","2007000403549","125.35000000000001"
"3314000389","CHUPA CHUP FRUIT ASSTED 192GR","PCS","CTN","2007000403556","299"
"3314000390","WRIGLEYS GUM WATER MILON 11.5GR","PCS","OUT","4009900413077","81.9375"
"3314000391","WRIGLEYS GUM PROFESSIONAL 14GR","PCS","OUT","4009900390767","39.8475"
"3314000392","WRIGLEYS GUM PROFESSIONAL WHITE 14GR","PCS","OUT","4009900396226","39.8475"
"3314000393","WRIGLEYS GUM PROFESSIONAL FRESH MINT 14GR","PCS","OUT","4009900414760","39.8475"
"3314000397","MENTOS ICE GUM SPEARMINT 10GR","PCS","OUT","8935001706519","14.8925"
"3314000398","MENTOS ICE GUM CHERRYMINT 10GR","PCS","OUT","8935001706557","14.8925"
"3314000399","MENTOS ICE GUM PEPPERMINT 10GR","PCS","OUT","8935001706533","14.8925"
"3314000400","SMINT GUM STRONG MINT 14.2GR","PCS","OUT","8410031937510","74.74908"
"3314000400","SMINT GUM STRONG MINT 14.2GR","PCS","OUT","8410031939040","74.74908"
"3314000401","SMINT GUM PEPPERMINT 14.2GR","PCS","OUT","8410031937534","73.312155"
"3314000401","SMINT GUM PEPPERMINT 14.2GR","PCS","OUT","8410031939064","73.312155"
"3314000402","SMINT GUM STRAWBERY 14.2GR","PCS","OUT","8410031937558","74.865"
"3314000403","SMITH MILK CHEWS BAG 114GR","PCS","CTN","2008000419189","117.3"
"3314000405","WRIGLEYS B\B S\B 84GR","PCS","OUT","4009900430968","98.325"
"3314000405","WRIGLEYS B\B S\B 84GR","PCS","OUT","4009900541855","98.325"
"3314000406","WRIGLEYS EXTRA BOTTLES PEPPERMINT 84GR","PCS","OUT","4009900425438","98.325"
"3314000406","WRIGLEYS EXTRA BOTTLES PEPPERMINT 84GR","PCS","OUT","4009900482813","98.325"
"3314000407","MENTOS GUM MINT 54GR","PCS","OUT","8935001706595","62.675000000000004"
"3314000408","MENTOS GUM TUTTI FRUTTI 54GR","PCS","OUT","8935001706731","63.4225"
"3314000410","COLOMBINA BBB STRAWBERRY 816GR","PCS","CTN","2008000438050","412.275"
"3314000411","COLOMBINA STRAWBERRY 480GR","PCS","CTN","2008000438067","183.54"
"3314000413","COLOMBINA MANGO 408GR","PCS","CTN","2008000438081","183.54"
"3314000428","MENTOS POCKET BOTTLES SWEET STRONG MINT 26GR","PCS","OUT","8935001707370","59.363"
"3314000429","MENTOS POCKET BOTTLES BERRY LIME 26GR","PCS","OUT","8935001707394","64.975"
"3314000431","WRIGLEYS WATERMELLON 84GR","PCS","OUT","4009900441254","98.325"
"3314000431","WRIGLEYS WATERMELLON 84GR","PCS","OUT","4009900543002","98.325"
"3314000432","WRIGLEYS EXTRA ENVELOPE FRUIT TABS 27GR","PCS","CTN","4009900433990","47.0925"
"3314000433","WRIGLEYS EXTRA ENVELOPE SPEARMINT TABS 27GR","PCS","CTN","4009900426800","47.0925"
"3314000462","MENTOS PURE FRESH MINT 56G","PCS","OUT","8003440963197","88.83749999999999"
"3314000463","MENTOS PURE FRESH WINTER GREEN 56G","PCS","OUT","800344093203","81.64999999999999"
"3314000463","MENTOS PURE FRESH WINTER GREEN 56G","PCS","OUT","8003440963203","81.64999999999999"
"3314000464","MENTOS PURE FRESH JUICE BLAST 56G","PCS","OUT","8003440963180","70.14977"
"3314000464","MENTOS PURE FRESH JUICE BLAST 56G","PCS","CTN","2010198011984","423.20000000000005"
"3314000465","MENTOS POCKET BOTTLE FRESH MINT 24G","PCS","OUT","8003440963234","65.55"
"3314000465","MENTOS POCKET BOTTLE FRESH MINT 24G","PCS","CTN","2010198012004","396.75"
"3314000466","MENTOS POKET BOTLE RED FRUIT LIME 24G","PCS","OUT","8003440963210","63.5375"
"3314000466","MENTOS POKET BOTLE RED FRUIT LIME 24G","PCS","CTN","2010198012028","378.35"
"3314000467","MENTOS POKET BOTTLE WATER MELON 24G","PCS","OUT","8003440963227","63.37650000000001"
"3314000467","MENTOS POKET BOTTLE WATER MELON 24G","PCS","CTN","2010198012042","618.8725"
"3314000469","TUTI FRUIT TUBBLE GUM TUTTI BARBIE 35G","PCS","OUT","3116740027867","181.125"
"3314000473","COLOMBINA BON BON LOLIPOPS ASSTD 816G","PCS","CTN","2011011020985","412.275"
"3314000474","WRIGLEYS EXTRA REFESHER STRAWBERRY CITRU","PCS","OUT","4009900440592","66.125"
"3314000475","WRIGLEYS ELECTRO SPEARMINT 31.2GM","PCS","OUT","2011011021951","66.125"
"3314000475","WRIGLEYS ELECTRO SPEARMINT 31.2GM","PCS","OUT","4009900440608","66.125"
"3314000476","WRIGLEYS TRUBULENCE WATERMELON 31.2G","PCS","OUT","4009900444545","66.125"
"3314000477","MENTOS 3D WALLET FRESH MINT 33G","PCS","OUT","8003440968864","89.4125"
"3314000478","MENTOS 3D WALLET WATERMELON P/APPLE 33G","PCS","OUT","2011011025430","88.55"
"3314000479","MENTOS 3D WALLET STRAWBERRY A/ RSBRY 33G","PCS","OUT","8003440968826","89.68849999999999"
"3314000487","WRIGLEYS XTRA PROFESSIONAL SPEARMINT 20G","PCS","OUT","4009900464147","99.1875"
"3314000488","WRIGLEYS XTRA PROFESSIONAL FOREST BERRY 20G","PCS","OUT","4009900464116","99.1875"
"3314000492","WRIGLEYS EXTRA BIGGIE BOTTLES SPEARMENT 84G","PCS","OUT","4009900465427","98.325"
"3314000492","WRIGLEYS EXTRA BIGGIE BOTTLES SPEARMENT 84G","PCS","OUT","4009900482783","98.325"
"3314000495","WRIGLEYS EXTRA COOL MINT 14GR","PCS","OUT","4009900465212","77.625"
"3314000507","MENTOS WHITE GUM BLISTERS SWEETMINT 17GM","PCS","OUT","8935001721512","28.37625"
"3314000509","WRIGLEYS PROFESSIONAL MINT 20G","PCS","OUT","4009900476935","99.1875"
"3314000511","MENTOS PURE FRESH LIME MINT 56GM","PCS","OUT","8003440977200","74.46249999999999"
"3314000512","HALLS GUM PEPPERMINT XS 17 G","PCS","OUT","7622210183262","35.62125"
"3314000513","HALLS GUM LEMON XS 17GM","PCS","OUT","7622210183224","35.62125"
"3314000514","MENTOS GUM PURE FRESH MINT 13.20G","PCS","OUT","8935001722502","28.37625"
"3314000515","MENTOS GUM JUICE BLAST BERRY LIME 13.2G","PCS","OUT","8935001722489","28.37625"
"3314000516","MENTOS GUM SQUEEZE BLACKBERRY 56GM","PCS","OUT","8003440977286","85.1"
"3314000517","WRIGLEYS ENVELOPES STRAWBERRY TAB 27GM","PCS","OUT","4009900490740","48.3"
"3314000518","WRIGLEYS ENVELOPES PEPPERMINT TAB 27GM","PCS","OUT","4009900415880","48.3"
"3314000519","WRIGLEYS EXTRA PELLET BUBBLEMINT 14GM","PCS","OUT","4009900480192","81.9375"
"3314000526","SKITTLES CRAZY SOURS 38GR","PCS","OUT","4009900456647","48.24250000000001"
"3314000527","SKITTLES CRAZY SOURS 175GM","PCS","OUT","4009900465311","182.79261499999998"
"3314000533","BIG BABOL FILIFOLLY STRAWBERRY 11G","PCS","OUT","6921211111566","31.625000000000004"
"3314000534","BIG BABOL FILIFOLLY FRUIT FLAVOUR 11G","PCS","OUT","6921211111474","31.625000000000004"
"3314000536","BIG BABOL FILIFOLLY WATERMELON FLAVOUR","PCS","OUT","6921211112075","31.625000000000004"
"3315000001","HEARTBEAT SOUR PUNK STICK APPLE 50GR","PCS","OUT","8850632600701","50.3125"
"3315000001","HEARTBEAT SOUR PUNK STICK APPLE 50GR","PCS","CTN","2005000358609","602.0250000000001"
"3315000002","HEARTBEAT SOUR PUNK STICK COLA 50GR","PCS","OUT","8850632600381","50.3125"
"3315000002","HEARTBEAT SOUR PUNK STICK COLA 50GR","PCS","CTN","2005000358630","602.0250000000001"
"3315000003","HEARTBEAT SOUR PUNK STICK STRAWBERRY 50GR","PCS","OUT","8850632600282","50.3125"
"3315000003","HEARTBEAT SOUR PUNK STICK STRAWBERRY 50GR","PCS","CTN","2005000358654","602.0250000000001"
"3315000014","CHUPA CHUP MELADY SINGLES 15 GR","PCS","OUT","8410031934915","96.6"
"3315000022","CHUPA CHUP C/ SURPRISE 13 GR","PCS","OUT","8410031930320","67.7925"
"3315000039","CHUPA CHUPS FRUIT LOLLIPOPS BAG 120GM","PCS","CTN","2014011050662","97.75"
"3315000042","CHUPA CHUPS CHUPA CHUP SOUR BELT 57G","PCS","OUT","8901393017083","48.875"
"3315000043","ULKER BIG BOM XXL STRAWRY LOLLY 25G","PCS","SIZE-1","3030000000041","0.905625"
"3315000043","ULKER BIG BOM XXL STRAWRY LOLLY 25G","PCS","SIZE-1","7708820378097","0.905625"
"3316000044","HI-PO JELLY FRUIT 20X16GR BAG","PCS","CTN","2006000376303","219.9375"
"3316000045","HI-PO JELLY FRUIT 1300G JAR","PCS","CTN","2006000376310","91.77"
"3316000090","LBXX L/M JELLY 450G+225GR","PCS","OFFER","9003243026753","14.0875"
"3316000093","HI-PO BIG CUP FRUIT JELLY BAG 148G","PCS","OUT","9555047501580","47.15"
"3316000096","CHUPA CHUPS JELIES CRAZY COLA 90G","PCS","OFFER","2020000578611","12.9375"
"3316000107","JIBBA JELLY BEANS 60G","PCS","OUT","9320668777108","232.300115"
"3317000129","MENTOS MINT 38GR 14PCS","PCS","OUT","8990800303017","52.900000000000006"
"3317000130","MENTOS STRAWBERRY 38GR 14PCS","PCS","OUT","8990800000206","52.900000000000006"
"3317000131","MENTOS FRUITS 38GR 14PCS","PCS","OUT","8990800003054","52.900000000000006"
"3317000132","MENTOS MINI 250GR","PCS","CTN","2008000419141","261.625"
"3317000141","MENTOS SQUEEZ STRAWBERRY56GM 28PC","PCS","OUT","8003440972052","84.52499999999999"
"3317000142","MENTOS SQUEEZ MANGO56GM 28PC","PCS","OUT","8003440972069","84.52499999999999"
"3319000035","HEARTBEAT CANDY MIXED FLAVOUR 1KG","PCS","CTN","2005000325014","194.35"
"3319000065","M & M M&MSTUBE 30GM","PCS","OUT","040000155188","135.125"
"3319000071","HEARTBEAT CANDY CORAZON LYCHEE 150GR","PCS","CTN","2005000358548","175.375"
"3319000073","HEARTBEAT CANDY HOC ORANGE 120GR","PCS","CTN","2005000358562","132.82500000000002"
"3319000074","HEARTBEAT CANDY HOC STRAWBERRY 120GR","PCS","CTN","2005000358579","132.82500000000002"
"3319000075","HEARTBEAT CANDY STRAWBERRY 1KG","PCS","CTN","2005000358586","163.0125"
"3319000076","HEARTBEAT CANDY TUTTIFRUITI 1KG","PCS","CTN","2005000358593","165.6"
"3319000119","PEZ REFILS 1PCS","PCS","CTN","2004000274605","193.2"
"3319000131","HEARTBEAT CANDY MELON 150 GR","PCS","CTN","2004000161332","241.5"
"3319000132","HEARTBEAT CANDY-BLACK CURRANT 150 GR","PCS","CTN","2004000161325","184.000115"
"3319000133","HEARTBEAT CANDY COCKTAIL TUTIFRUIT 150 GR","PCS","CTN","2004000161318","241.5"
"3319000134","HEARTBEAT CANDY STRAWBERRY SWEET 150 GR","PCS","CTN","2004000161301","195.5"
"3319000137","HEARTBEAT CANDY SWEET LYCHEE 150 GR","PCS","CTN","2004000213055","241.5"
"3319000154","MAGIC POPS STRAWBERRY 5.5GR","PCS","OUT","8802074000625","50.6"
"3319000155","MAGIC POPS LEMON 5.5GR","PCS","OUT","8802074000656","50.3125"
"3319000156","MAGIC POPS COLA 5.5GR","PCS","OUT","8802074000618","50.3125"
"3319000157","MAGIC POPS ORANGE 5.5GR","PCS","OUT","8802074000649","50.6"
"3319000158","MAGIC POPS GRAPE 5.5GR","PCS","OUT","8802074000632","56.0625"
"3319000213","CHUPA CHUPS BUBBLY LOLLIPOPS +GUM 16G","PCS","OUT","4601798070082","70.4375"
"3319000213","CHUPA CHUPS BUBBLY LOLLIPOPS +GUM 16G","PCS","OUT","4601798070211","70.4375"
"3319000214","MENTOS COLA 38G","PCS","OUT","8990800012216","52.900000000000006"
"3319000215","MENTOS RAINBOW 38G","PCS","OUT","8990800013251","52.900000000000006"
"3319000216","MENTOS TUTTI FRUITTI 38 GM","PCS","OUT","8990800014517","52.900000000000006"
"3319000218","SMINT GUM BLACKBERRY 14.20 G","PCS","OUT","8410031940008","73.88692499999999"
"3319000226","SKITTLES FRUITS 38GR","PCS","OUT","4009900456630","47.15"
"3319000226","SKITTLES FRUITS 38GR","PCS","OUT","5000159372923","47.15"
"3319000253","CADBURY MARVELLOUS JELLY POPPING CANDY 38GM","PCS","OUT","7622210327833","41.4"
"3319000254","CADBURY MARVELLOUS JELLY POPPING CANDY 160GM","PCS","OUT","7622210384287","144.9"
"3319000266","ALPENLIEBE ORIGINAL CANDY 35G","PCS","OUT","8990800011202","21.5625"
"3319000268","BAZOOKA FLIP N DIP BLACKCURRANT / STRAWBERRY PUSH POP CAND","PCS","OUT","5011053022203","116.0925"
"3319000269","BAZOOKA FLIP N DIP COLA /BLUERAZZ POP CANDY 25GR","PCS","OUT","5011053022234","116.0925"
"3319000270","BAZOOKA BIG BABY POP COLA NLUE RESPBERRY CANDY BOTTLE 32GR","PCS","OUT","5011053018596","88.55"
"3319000271","BAZOOKA BIG BABY POP STRA BLACKCURRANT CANDY BOTTLE 32GR","PCS","OUT","5011053011887","88.55"
"3319000275","BAZOOKA PUSH POP BLUE RESPBERRY COLA CANDY 15GR","PCS","OUT","5011053021411","90.85000000000001"
"3319000276","BAZOOKA PUSH POP B.CUTTANT STRAWBERRY CANDY 15GR","PCS","OUT","5011053019319","102.35000000000001"
"3319000280","HEINERLE BUNNY CHOCOLATE LOLLY 15GR","PCS","OUT","4008468034649","13.225000000000001"
"3321000174","QUALITY ST MACKINTOSH FAV HIC 185GM","PCS","CTN","6294003553005","238.04999999999998"
"3321000175","QUALITY ST MACKINTOSH FAV BTF 190GM","PCS","CTN","6294003552923","238.04999999999998"
"3322000077","FERRERO RAFFELLO T-15","PCS","CTN","2005000331824","147.775115"
"3322000078","FERRERO ROCHER T16 200G","PCS","CTN","2004000260363","747.5"
"3322000079","FERRERO ROCHER T24 300GR","PCS","CTN","2004000272724","244.37511500000002"
"3322000080","FERRERO ROCHER T30 375GR","PCS","CTN","2004000272731","794.65"
"3322000190","MAUXION FEELINGS 400GR","PCS","CTN","2008000420079","205.85"
"3322000204","CADBURY GRAND TOWER PACK MIXED 335GR","PCS","CTN","2008000438661","258.75"
"3322000231","QUALITY ST MACKINTOSH 1.25KG","PCS","CTN","2010198000070","627.9"
"3322000231","QUALITY ST MACKINTOSH 1.25KG","PCS","CTN","6294003552947","627.9"
"3322000234","QUALITY ST MACKINTOSH 850GR TIN","PCS","CTN","2010198002722","589.375"
"3322000234","QUALITY ST MACKINTOSH 850GR TIN","PCS","CTN","6294003568252","589.375"
"3322000253","QUALITY ST MACKINTOS POUCH 400G","PCS","CTN","2011011030717","411.7"
"3322000255","QUALITY ST MACKINTOSH STREET POUCH 600G","PCS","CTN","6294003539573","424.34999999999997"
"3322000255","QUALITY ST MACKINTOSH STREET POUCH 600G","PCS","CTN","6294003568290","424.34999999999997"
"3322000267","NUTELLA CHOCOLATE JAR 400GM","PCS","CTN","2014011048294","379.5"
"3322000272","QUALITY ST MACKINTOSH 375GM","PCS","CTN","6294003552978","300.15"
"3322000272","QUALITY ST MACKINTOSH 375GM","PCS","CTN","6294003568276","300.15"
"3327000015","HALAWANI MAMOUL S\DATES 480GR","PCS","CTN","2007000407844","294.6875"
"3327000016","HALAWANI MAMOUL W\WHEAT 480GR","PCS","CTN","2007000407851","270.25"
"3327000017","HALAWANI MAMOUL FRUITS 480GR","PCS","CTN","2007000407868","379.5"
"3327000030","HALAWANI MAAMOUL WHITE FIGS&WALNUTS12X40G(480G)","OUT","CTN","2013011044237","489.9"
"3327000031","HALAWANI MAAMOUL SAUDI DATES 16X18GM(288GM)","OUT","CTN","2013011044244","213.325"
"3327000035","MALAZA DATE MAAMOUL COOKIES 24PCS 25G","PCS","OUT","6294014711470","30.76227"
"3330000008","ERKO MARSHMALLOW PINK & WHITE 150GR","PCS","CTN","2006000376211","319.7"
"3330000009","ERKO MARSHMALLOW BEAR SHAPE 200GR","PCS","CTN","2006000376228","210.45000000000002"
"3330000010","ERKO MARSHMALLOW STICK 25GR","PCS","OUT","6925925902199","27.025115"
"3330000010","ERKO MARSHMALLOW STICK 25GR","PCS","CTN","2006000376235","206.98850000000002"
"3330000011","ERKO BBQ MARSHMALLOW 250GR","PCS","CTN","2006000376242","179.4"
"3330000012","FINETTI DUO HAZELNUT CREAM 400GR","PCS","CTN","2006000376372","119.60000000000001"
"3401000008","G.PRIZE LIGHT TUNA 185G","PCS","CTN","2004000205081","171.35"
"3401000046","G.PRIZE W.KERNEL CORN 425GR","PCS","CTN","2004000154143","113.5625"
"3401000147","GOLDEN SAIL USA PARBOILED RICE 4.5KG","PCS","CTN","2004000205524","266.79999999999995"
"3401000148","G.SAIL RICE AMERICAN 5LB","PCS","CTN","2004000205531","251.85"
"3401000191","GOLDEN ZAATAR 2GBAG","PCS","CTN","2004000205852","343.85"
"3401000326","BARILLA FUSILLI MACARONI 500GR","PCS","CTN","2008000435561","329.1875"
"3401000348","DIVELLA LASAGNA 500GR","PCS","CTN","2005000323324","175.0875"
"3401000349","DIVELLA SPAGHETTI 500GR","PCS","CTN","2005000323331","317.34250000000003"
"3401000350","DIVELLA PENNE ZITI RIGATE 500GR","PCS","CTN","2005000323348","222.2375"
"3401000351","DIVELLA FUSSILI 500GR","PCS","CTN","2005000323355","218.4425"
"3401000352","DIVELLA CHIFFIRINI 500GR","PCS","CTN","2005000323362","224.25"
"3401000359","PANZANI VERMICELLI 500GR","PCS","OFFER","3038352677509","14.6625"
"3401000359","PANZANI VERMICELLI 500GR","PCS","CTN","03038358096892","155.25"
"3401000361","PANZANI SPAGHETTI 500 GR","PCS","CTN","2004000175797","277.15000000000003"
"3401000377","PASTA ZARA SPEGHETTI 2 500GR","PCS","CTN","2004000176824","136.275"
"3401000378","PASTA ZARA MACARONI 27 500GR","PCS","CTN","2004000176831","135.700115"
"3401000379","PASTA ZARA MACARONI 46 500 GR","PCS","CTN","2004000149736","135.700115"
"3401000380","PASTA ZARA MACARONI 55 500GR","PCS","CTN","2004000176848","136.275"
"3401000381","PASTA ZARA MACARONI 49 500GR","PCS","CTN","2004000176855","136.275"
"3401000382","PASTA ZARA COUSCOUS 500GR","PCS","CTN","2004000176886","126.4425"
"3401000390","AL SULTAN PISTA W/O SHELL 200G","200GR","1KG","2004000011613","113.505"
"3401000397","EMIRATES CARONI 400 GR","PCS","CTN","6291047030608","138"
"3401000399","AL ALALI MACARONI # 1 450GM","PCS","CTN","2004000265184","176.8125"
"3401000400","AL ALALI SPAGHETTI # 5 400GR","PCS","CTN","2004000265207","165.3125"
"3401000401","AL ALALI SPAGHETTI # 5 800 GR","PCS","CTN","617950301233","159.85011500000002"
"3401000402","AL ALALI SMALL ELBOW # 2 450GM","PCS","CTN","2004000265245","141.737615"
"3401000403","AL ALALI MACARONI # 10 450GM","PCS","CTN","2004000265252","178.25"
"3401000404","AL ALALI VERMICELLI # 55 450GM","PCS","CTN","2004000265290","176.8125"
"3401000405","AL ALALI MACARONI # 56 450GM","PCS","CTN","2004000265306","176.8125"
"3401000406","AL ALALI MACARONI # 72 450GM","PCS","CTN","2004000265313","176.8125"
"3401000407","AL ALALI MACARONI # 82 450GM","PCS","CTN","2004000265375","176.8125"
"3401000408","AL ALALI MACARONI # 84 450GM","PCS","CTN","2004000265399","143.75"
"3401000409","AL ALALI MACARONI # 99 450GM","PCS","CTN","2004000265405","176.8125"
"3401000410","AL ALALI VERMICELLI # 125 250GR","PCS","CTN","617950301172","89.355"
"3401000417","BARILLA SPAGATTINI #5 500GR","PCS","CTN","2004000241201","408.25"
"3401000418","BARILLA PENNE RIGATE 500GR","PCS","CTN","2004000265528","329.1875"
"3401000422","KOLSON PASTA ELBOW LARGE 52 400GR","PCS","CTN","2004000148791","92.574195"
"3401000441","MALTAGLIAT SPAGHETTI #3 500GR","PCS","CTN","8008845620034","163.29999999999998"
"3401000444","MALTAGLIAT SPAGHETTINI # 4 500 GR","PCS","CTN","2004001498147","163.29999999999998"
"3401000449","MALTAGLIAT ELBOW # 300 500GR","PCS","CTN","2004001498185","172.5"
"3401000450","MALTAGLIAT FIOCCHI # 327 500GR","PCS","CTN","2004000265900","172.5"
"3401000451","MALTAGLIAT PENNONI RIGATI # 344 500GR","PCS","CTN","2004001498161","171.35"
"3401000453","MALTAGLIAT PENNE MEDIE RIGATE # 355 500GR","PCS","CTN","2004001498130","172.5"
"3401000455","MALTAGLIAT FUSILLI # 366 500GR","PCS","CTN","2004001498192","178.25"
"3401000459","MIEHOEN RICE VERMICELLI 200GR","PCS","CTN","28852019001396","130.525"
"3401000488","BUITONI PASTA SPAGHETTI 500G","PCS","CTN","2005000339141","195.61499999999998"
"3401000489","BUITONI PASTA FARFALIETTE 500GR","PCS","CTN","2005000339219","110.97408000000001"
"3401000510","DIVELLA TAGLIATELLI SEMOLA 500GR","PCS","CTN","2005000341953","123.05000000000001"
"3401000528","AL ALALI MACARONI # 81 450GM","PCS","CTN","2005000350498","176.8125"
"3401000530","PANZANI PIPE REGETE TRICOLR 500GR","PCS","CTN","2005000350566","172.5"
"3401000531","PANZANI FUSILLI TRICOLOR 500GR","PCS","CTN","2005000350573","219.64999999999998"
"3401000532","PANZANI LASAGNE 500GR","PCS","CTN","2005000350580","350.75"
"3401000534","AL KHALEEJIA VERMICELLI K-956A 453GR","PCS","CTN","2005000350627","103.5"
"3401000535","AL KHALEEJIA SPAGHATTI K-504 400GR","PCS","OFFER","6290050406530","20.125"
"3401000535","AL KHALEEJIA SPAGHATTI K-504 400GR","PCS","CTN","2005000350634","103.5"
"3401000536","AL KHALEEJIA ELBOW K-710 400GR","PCS","CTN","2005000350641","103.5"
"3401000537","AL KHALEEJIA ELBOW K-707 400GR","PCS","CTN","2005000350658","103.5"
"3401000538","AL KHALEEJIA PIPECUT K-974 400GR","PCS","CTN","2005000350665","103.5"
"3401000539","AL KHALEEJIA SPRING K-761 400GR","PCS","CTN","2005000350672","103.5"
"3401000540","AL KHALEEJIA PIPECUT K-976 400GR","PCS","CTN","2005000350689","103.5"
"3401000541","AL KHALEEJIA NEST K-961 350GR","PCS","CTN","2005000350696","103.5"
"3401000544","AL KHALEEJIA ELBOW K-701-3 400GR","PCS","CTN","2005000354656","103.5"
"3401000545","AL KHALEEJIA RICE K-825 400GR","PCS","CTN","2005000354663","103.5"
"3401000560","KOLSON PASTA PIPE LARG 54 400GR","PCS","CTN","2006000371698","79.695"
"3401000561","KOLSON VERMICELLI 55 400GR","PCS","CTN","2006000371704","101.4875"
"3401000563","KOLSON PASTA SHELL MEDIUM 58 400GR","PCS","CTN","2006000371728","79.695"
"3401000564","KOLSON PASTA SPING LARG 510 400GR","PCS","CTN","2006000371735","79.695"
"3401000565","KOLSON PASTA PENNE 512 400GR","PCS","CTN","2006000371742","79.695"
"3401000567","KOLSON SPAGHETTI BAG 400GR","PCS","CTN","2006000371766","92.574195"
"3401000570","KOLSON PASTA ELBOW MEDIUM 51 400GR","PCS","CTN","2006000371797","78.2"
"3401000575","SIPA VERMICELLI 453GR","PCS","CTN","2004000223368","157.55"
"3401000589","BARILLA EGG LASAGNE 500 GR","PCS","CTN","2004000193241","598"
"3401000590","BETTER CHINESE NOODLES PANCIT CANTON 227GR","PCS","CTN","2004000221135","213.0375"
"3401000592","SIBLING SWEET FRUIT MIX 340GR","PCS","CTN","2004000221180","207"
"3401000593","SIBLING SAUTEED SHRIMP FRY 340GR","PCS","CTN","2004000221500","212.75"
"3401000595","SIBLING RICE STICKS PANCIT BIHONI 227GR","PCS","CTN","2004000221579","322"
"3401000596","SIBLING BETTER SWEET COCONUT GEL WHITE 340GR","PCS","CTN","2004000221630","193.2"
"3401000597","SIBLING SALTED SHRIMP FRY 340GR","PCS","CTN","2004000221647","258.75"
"3401000607","VIRGINIA MACARONI 49 PIPE CUT LARGE 500GR","PCS","CTN","2004000236122","143.75"
"3401000608","VIRGINIA MACARONI 45 CURVE MED. 500GR","PCS","CTN","2004000149842","86.192615"
"3401000610","VIRGINIA MACARONI #40 PIPE SHORT 500GR","PCS","CTN","2004000149712","86.192615"
"3401000611","VIRGINIA SPAGHETTI # 2 500GR","PCS","CTN","2004000236108","142.025"
"3401000612","VIRGINIA VERMICELLI # 80 500GR","PCS","CTN","2004000149866","142.025"
"3401000614","VIRGINIA MACARONI #57 SPR.PIPE MEDIUM 500GR","PCS","CTN","2004000236085","142.025"
"3401000615","VIRGINIA MACARONI # 55 (ELBOW LARGE) 500 GR","PCS","CTN","2004000149859","142.025"
"3401000616","VIRGINIA MACARONI # 27 ELBOW MED 500GR","PCS","CTN","2004000149835","86.192615"
"3401000620","EMIRATES VERMICELLI 400GR","PCS","CTN","6291047010129","155.25"
"3401000625","PANZANI LINGUINE # 11 500 GR","PCS","CTN","2007000388730","353.625"
"3401000626","PANZANI FUSILLI 500 GR","PCS","CTN","2007000388747","159.85011500000002"
"3401000627","PANZANI TAGLIATELLE 500 GR","PCS","CTN","2007000388754","276"
"3401000628","PANZANI CHIFFRERINI 500 GR","PCS","CTN","2007000388761","164.45"
"3401000629","PANZANI SERPENTINI 500 GR","PCS","CTN","2007000388778","155.25"
"3401000631","PANZANI PIPE RIGATE 500 GR","PCS","CTN","2007000388792","160.425"
"3401000674","AL ALALI SPAGHETTI # 3 400GR","PCS","CTN","2007000409602","165.3125"
"3401000674","AL ALALI SPAGHETTI # 3 400GR","PCS","CTN","617950300229","165.3125"
"3401000676","AL ALALI SPAGHETTI #7 400GR","PCS","CTN","617950300243","145.1875"
"3401000716","EMIRATES MACARONI 5+1X400GR","OFFER","CTN","6291047010181","103.44250000000001"
"3401000717","EMIRATES SPAGETTI 5+1X400GR","OFFER","CTN","6291047010167","102.35000000000001"
"3401000726","GOODY MACARONI NO- 10 DITLINI RIGATS 500GM","PCS","CTN","2009000443228","172.49988499999998"
"3401000727","GOODY MACARONI NO -11 PENNE 500 GM","PCS","CTN","2009000443235","184.000115"
"3401000728","GOODY MACARONI NO.17 500GR","PCS","CTN","2009000443242","172.49988499999998"
"3401000729","GOODY MACARONI SMALL ELBOW20X500G","PCS","CTN","2009000443259","177.674885"
"3401000730","GOODY MACARONI SPAGHETTI #20 450G","PCS","CTN","2009000443266","172.49988499999998"
"3401000733","GOODY MACARONI #50 FARFALLI 20X500GR","PCS","CTN","2009000443297","172.49988499999998"
"3401000734","GOODY VERMECILLI NEST 250GM","PCS","CTN","2009000443303","172.49988499999998"
"3401000735","GOODY VERMICELLI CUT 500G","PCS","CTN","2009000443310","172.49988499999998"
"3401000743","GOODY MACARONI #33 20X500GR","PCS","CTN","2009000008267","177.674885"
"3401000762","BARILLA FARFALLE 500GR","PCS","CTN","2009000023505","329.9925"
"3401000763","BARILLA EGG FETTUCINI 500GR","PCS","CTN","2009000023512","478.975"
"3401000766","PANZANI CONCHIGLIE REGATE 500 GM","PCS","CTN","2010198008335","158.9875"
"3401000767","PANZANI MINI FARFELLE MACARONI 540GM","PCS","CTN","2010198008342","112.699655"
"3401000768","PANZANI MINI PENNE RIGATE MACARONI 500GM","PCS","CTN","2010198008359","112.699655"
"3401000769","PANZANI MINI FUSILLI MACARONI 540GM","PCS","CTN","2010198008366","112.7"
"3401000771","FILIZ FUSILLI 400GM","PCS","CTN","2010198008960","147.775115"
"3401000772","FILIZ VERMICILLI 400GM","PCS","CTN","2010198008953","149.5"
"3401000773","FILIZ MACARONI ELBOW 400GM","PCS","CTN","2010198008977","182.85000000000002"
"3401000774","FILIZ PENNE RIGATE 400GM","PCS","CTN","2010198008984","179.4"
"3401000775","FILIZ SPEGHETTI 400GM","PCS","CTN","2010198008991","147.775115"
"3401000780","EMIRATES VERMICELLI BHOOWARDA 500GM","PCS","OFFER","6291047004586","27.599999999999998"
"3401000780","EMIRATES VERMICELLI BHOOWARDA 500GM","PCS","CTN","6291047030912","195.5"
"3401000781","EMIRATES VERMICELLI NEST 300G","PCS","CTN","6291047030936","130.525"
"3401000782","EMIRATES PASTA PENNE 400G","PCS","CTN","6291047030776","138"
"3401000783","EMIRATES MACARONI SHELL BIG 400G","PCS","CTN","6261047030868","130.525"
"3401000784","EMIRATES MACARONI VITE 400G","PCS","CTN","6291047030967","130.525"
"3401000786","EMIRATES MACARONI RISONE 400G","PCS","CTN","6291047030806","130.525"
"3401000787","EMIRATES LASAGNE NEST 300G","PCS","CTN","2010198012400","138"
"3401000793","AL ALALI MACARONI #1 900G","PCS","CTN","2011011021470","169.04999999999998"
"3401000794","AL ALALI MACARONI # 72 900G","PCS","CTN","2011011021487","155.25"
"3401000795","AL ALALI MACARONI # 99 900G","PCS","CTN","2011011021494","178.25"
"3401000799","GOODY LASAGNE 500G","PCS","CTN","2011011025812","109.25"
"3401000804","AL ALALI MACARONI #16 450G","PCS","CTN","2011011031738","141.737615"
"3401000805","AL ALALI MACARONI #36 450G","PCS","CTN","2011011031745","178.25"
"3401000806","AL ALALI MACARONI #201 450G","PCS","CTN","2011011031752","175.95000000000002"
"3401000807","MALTAGLIAT ORZETTO # 195 500G","PCS","CTN","2011011031998","172.5"
"3401000808","MEHRAN VERMICELLI 200G","PCS","CTN","2011011032537","94.185"
"3401000825","KIMBALL MACARONI (ELBOW)400GM","PCS","CTN","2012011040140","109.25"
"3401000826","KIMBALL SPAGHETTI 400GM","PCS","CTN","2012011040157","109.25"
"3401000827","BUITONI PENNE RIGATE 500G","PCS","CTN","2012011040713","138.8625"
"3401000828","BUITONI FARFALLE TRICOLORE 500G","PCS","CTN","2012011040720","138"
"3401000829","BUITONI LASAGNE EGG 500G","PCS","CTN","2012011040737","205.85"
"3401000887","ZARTAAK SPAGHTI NO 5 400G","PCS","CTN","2014011048133","54.3375"
"3401000888","ZARTAAK ELBOW MACARONI 400GM","PCS","CTN","2014011048140","54.3375"
"3401000889","ZARTAAK PENNE REGATE 400GM","PCS","CTN","2014011048157","54.3375"
"3401000890","ZARTAAK VERMICILLI 400GM","PCS","CTN","2014011048164","54.3375"
"3402000170","PHAROES EGYPTIAN RICE 5 KG","PCS","OFFER","2014224001130","32.775"
"3402000180","BETTER GLUTINOUS RICE 2KG","PCS","CTN","2008000428815","230"
"3402000187","MUBARAK BASMATI RICE 5KG","PCS","CTN","2005000325458","326.025"
"3402000188","MUBARAK BASMATI RICE 10KG","PCS","CTN","2005000325465","339.24954"
"3402000196","PHAROES EGYPTIAN RICE 2KG","PCS","CTN","2005000334412","203.55"
"3402000197","PHAROES EGYPTIAN RICE 10KG","PCS","OFFER","2014298765433","66.9875"
"3402000199","MUMTAZ RICE 10KG","PCS","CTN","2005000331237","345"
"3402000201","MUMTAZ RICE BASMATI 2KG","PCS","CTN","2004000172833","422.625"
"3402000202","MUMTAZ RICE BASMATI 5KG","PCS","CTN","2005000335587","326.025"
"3402000205","TEXAS RICE PARBOILED 10LB","PCS","CTN","2005000335341","233.45"
"3402000209","AL SULTAN RICE MISRI 2KG","PCS","2KG","1000050200336","11.4885"
"3402000209","AL SULTAN RICE MISRI 2KG","PCS","5KG","1000050200343","28.4625"
"3402000224","INDUS V. BASMATI RICE 2 KG","PCS","CTN","2004000150480","271.6875"
"3402000225","SILV. SWAN JASMIN RICE 10KG","PCS","CTN","2015011051284","362.25"
"3402000227","AL SULTAN RICE POWDER 1KG","500GR","1KG","1000050200404","9.77592"
"3402000261","MEHRAN GOLD BASMATI RICE 2KG","PCS","CTN","2006000370325","296.699655"
"3402000262","MEHRAN GOLD BASMATI RICE 5KG","PCS","CTN","2006000370332","288.59250000000003"
"3402000263","MEHRAN GOLD BASMATI RICE 10KG","PCS","CTN","2006000370349","261.05"
"3402000270","TILDA RICE 20KG+5KG FOC","PCS","OFFER","8901144000821","337.8125"
"3402000271","TILDA RICE BASMATI 1KG","PCS","CTN","8901144451012","181.125"
"3402000272","TILDA RICE BASMATI 2KG","PCS","OFFER","8901144903016","43.4125"
"3402000272","TILDA RICE BASMATI 2KG","PCS","CTN","8901144450527","259.61249999999995"
"3402000274","TILDA RICE BASMATI 5KG","PCS","OFFER","8901144000777","57.44250000000001"
"3402000274","TILDA RICE BASMATI 5KG","PCS","CTN","8901144510450","374.325"
"3402000276","SILV. SWAN JASMIN RICE 5KG","PCS","OFFER","0105010071610","47.13850000000001"
"3402000276","SILV. SWAN JASMIN RICE 5KG","PCS","OFFER","0105010242911","47.13850000000001"
"3402000276","SILV. SWAN JASMIN RICE 5KG","PCS","CTN","2004000221821","374.9"
"3402000277","SILV. SWAN RICE 2KG","PCS","CTN","2004000221838","258.75"
"3402000286","ROZANA BASMATI RICE 2KG","PCS","CTN","2004000216612","117.3"
"3402000288","ROZANA INDIAN BASMATI RICE 5KG","PCS","CTN","2004000152958","130.41000000000003"
"3402000293","SUNWHITE RICE CALROSE 2KG","PCS","CTN","2004000227649","249.54999999999998"
"3402000299","UNCLE BENS RICE 1 kg","PCS","CTN","2004000234722","247.5375"
"3402000301","UNCLE BENS RICE 2 kg","PCS","CTN","2004000152729","198.03"
"3402000302","UNCLE BENS RICE 5 kg","PCS","CTN","2004000152736","277.725"
"3402000362","GOLDEN .GATE THAI RICE 5KG","PCS","CTN","2007000400494","217.35"
"3402000377","DAWAT RICE SELECT 1KG","PCS","CTN","2007000410660","368.2875"
"3402000378","DAWAT RICE SELECT 2KG","PCS","CTN","2007000410677","366.84999999999997"
"3402000382","DAWAT RICE SUPER 1KG","PCS","CTN","2007000410707","296.7"
"3402000383","DAWAT RICE SUPER 2KG","PCS","CTN","2007000410714","299"
"3402000435","SUNWHITE JASMINE RICE 5KG","PCS","CTN","2009000438927","221.94942500000002"
"3402000448","MEHRAN SELLA RICE PAR BOILED 5KG","PCS","CTN","2009000447288","273.69919500000003"
"3402000495","SUNWHITE CALROSE RICE 1KG","PCS","CTN","2013011044916","268.52385"
"3402000500","NUTRIZAIN PREMIER JASMINE RICE 5KG","PCS","CTN","2010198002562","206.7125"
"3402000528","CROWN BASMATI RICE CLASSIC 5KG","PCS","OFFER","8908000676381","48.875"
"3402000542","DAWAT EXTRA LONG BASMATI RICE 1KG","PCS","CTN","2011011027977","357.075"
"3402000543","DAWAT EXTRA LONG BASMATI RICE 2KG","PCS","CTN","2011011027984","347.88075"
"3402000549","CROWN SUPER BASMATI RICE 1KG","PCS","CTN","2011011028202","241.5"
"3402000592","SEVEN SWANS JASMINE RICE 2KG","PCS","CTN","2013011042844","155.25"
"3402000593","SEVEN SWANS JASMINE RICE 5KG","PCS","CTN","2013011042851","193.2"
"3402000594","SEVEN SWANS GLUTINOUS RICE 2KG","PCS","CTN","2013011042868","158.7"
"3402000648","EMPIRE BASMATI RICE 5KG","PCS","OFFER","6514747006934","37.375"
"3402000651","A.KITCHEN LONG GRAIN PARBOILED US RICE 4.54KG","PCS","CTN","2015011052083","257.6"
"3402000653","A.KITCHEN CALROSE RICE 5KG","PCS","CTN","2015011052106","170.2"
"3402040175","TILDA GRAND 20KG","PCS","OFFER","8901144000357","380.9375"
"3404000054","MAGGI CHICKEN CUBE 24X20G 15% P/OFF","OUT","CTN","6294003546076","405.949425"
"3404000057","KNORR CHICKEN STOCK 20GM","PCS","CTN","6221048800207","29.8425"
"3404000058","KNORR SOUP VEGETABLE 42GR","PCS","OUT","2004000243489","68.425"
"3404000058","KNORR SOUP VEGETABLE 42GR","PCS","OUT","6281006790117","68.425"
"3404000059","KNORR SOUP MUSHROOM 42GR","PCS","OUT","6281006790094","68.425"
"3404000059","KNORR SOUP MUSHROOM 42GR","PCS","CTN","2004000243496","822.1925000000001"
"3404000060","KNORR SOUP CREAM OF CHICKEN 54GR","PCS","OUT","6281006790100","72.1625"
"3404000060","KNORR SOUP CREAM OF CHICKEN 54GR","PCS","CTN","2004000243502","867.3875"
"3404000061","KNORR SOUP CHICKEN NOODLE 60GR","PCS","OUT","6281006790087","81.07499999999999"
"3404000062","KNORR BROAST COASTING MIX REG. 80GR","PCS","CTN","2004000243533","85.1"
"3404000062","KNORR BROAST COASTING MIX REG. 80GR","PCS","CTN","6281006790155","85.1"
"3404000063","KNORR BROAST COASTING MIX HOT 80GR","PCS","CTN","2004000152873","75.0375"
"3404000063","KNORR BROAST COASTING MIX HOT 80GR","PCS","CTN","6281006790148","75.0375"
"3404000064","KNORR BACHAMEL SAUCE 75GR","PCS","OUT","6281006790124","108.0425"
"3404000064","KNORR BACHAMEL SAUCE 75GR","PCS","CTN","2004000152880","431.53761499999996"
"3404000065","KNORR SALAD BASIL 4X10GR","PCS","CTN","2005000328503","240.0625"
"3404000066","KNORR SALAD SEASSONING VINEGAR/GARLIC 4X10 GR","PCS","CTN","2005000328510","239.20000000000002"
"3404000068","MAGGI CHICKEN CUBE 20GR","PCS","OUT","6221007006848","34.7875"
"3404000068","MAGGI CHICKEN CUBE 20GR","PCS","OUT","6221007711025","34.7875"
"3404000068","MAGGI CHICKEN CUBE 20GR","PCS","OUT","6294003543662","34.7875"
"3404000068","MAGGI CHICKEN CUBE 20GR","PCS","CTN","2004001497287","835.7625"
"3404000069","MAGGI BEEF CUBES 20GR","PCS","OUT","6221007001805","20.124195"
"3404000069","MAGGI BEEF CUBES 20GR","PCS","OUT","6221007014072","20.124195"
"3404000069","MAGGI BEEF CUBES 20GR","PCS","OUT","6221007019299","20.124195"
"3404000069","MAGGI BEEF CUBES 20GR","PCS","CTN","2004000157564","478.39942500000006"
"3404000071","MAGGI BACHAMEL MIX 80 GR","PCS","OUT","8690632008172","52.324655"
"3404000071","MAGGI BACHAMEL MIX 80 GR","PCS","OUT","8690632012919","52.324655"
"3404000073","MAGGI L/S CHIC.CUBE 20GR","PCS","OUT","6221007019190","19.83681"
"3404000073","MAGGI L/S CHIC.CUBE 20GR","PCS","OUT","6221007040200","19.83681"
"3404000073","MAGGI L/S CHIC.CUBE 20GR","PCS","CTN","2004000266631","470.92499999999995"
"3404000073","MAGGI L/S CHIC.CUBE 20GR","PCS","CTN","6221007019183","470.92499999999995"
"3404000074","MAGGI 11 VEG.SOUP 53GR","PCS","OFFER","6294003539818","33.349999999999994"
"3404000074","MAGGI 11 VEG.SOUP 53GR","PCS","OUT","7610100056451","66.69999999999999"
"3404000075","MAGGI CREAM OF CHICKEN 71GR","PCS","OUT","6294003590048","56.35"
"3404000075","MAGGI CREAM OF CHICKEN 71GR","PCS","OUT","7610100054266","56.35"
"3404000076","MAGGI ABC SOUP 66GR","PCS","OUT","7610100055676","57.44250000000001"
"3404000076","MAGGI ABC SOUP 66GR","PCS","CTN","2004000266655","684.25"
"3404000077","MAGGI MUSHROOM SOUP 68GR","PCS","OUT","7610100055379","66.69999999999999"
"3404000077","MAGGI MUSHROOM SOUP 68GR","PCS","OUT2","6294003539832","66.69999999999999"
"3404000077","MAGGI MUSHROOM SOUP 68GR","PCS","CTN","5645454","782"
"3404000081","MAGGI COCONUT MILK 150GR","PCS","CTN","2004000266976","824.55"
"3404000082","MAGGI COCONUT MILK POWDER 300GR","PCS","CTN","2004000266983","690"
"3404000083","MAGGI COCONUT POWDER 1KG","PCS","CTN","2004000267041","497.9501149999999"
"3404000084","MAGGI SPRING SEASON 59GR","PCS","OUT","7610100057212","59.800000000000004"
"3404000084","MAGGI SPRING SEASON 59GR","PCS","CTN","2004000291176","690"
"3404000085","MAGGI SEASONING 200GR","PCS","CTN","2004000291183","290.0875"
"3404000093","KNORR BOLOGNAISE MIX 68GM","PCS","OUT","6281006791114","85.1"
"3404000098","KNORR RICE MIXES KABSA 30GR","PCS","OUT","2006000376679","93.15"
"3404000099","KNORR SOUP FRENCH ONION 60GR","PCS","OUT","2006000376686","67.27499999999999"
"3404000101","KNORR CUP SOUP CREAM TOMATO 88GR","PCS","OUT","2006000376723","288.075"
"3404000102","KNORR CUP SOUP CHICKEN NOODLES 60G (4X15G)","PCS","OUT2","8683130050149","30.475"
"3404000102","KNORR CUP SOUP CHICKEN NOODLES 60G (4X15G)","PCS","OUT","2006000376730","303.025"
"3404000103","KNORR S/C CHICKEN 72GR","PCS","OUT","2006000376747","320.79249999999996"
"3404000104","KNORR CUP SOUP CREAM CORN 20GR","PCS","OUT","2006000376754","317.4"
"3404000105","KNORR CUP SOUP CREAM MUSHROOM 80G (4X20GR)","PCS","OUT","2006000376761","320.85"
"3404000107","MAGGI VEG. STOCK 20GR","PCS","OUT","6221007019220","19.83681"
"3404000107","MAGGI VEG. STOCK 20GR","PCS","OUT","6221007022817","19.83681"
"3404000107","MAGGI VEG. STOCK 20GR","PCS","OUT","6221007057055","19.83681"
"3404000107","MAGGI VEG. STOCK 20GR","PCS","CTN","2005000349287","477.824655"
"3404000107","MAGGI VEG. STOCK 20GR","PCS","CTN","6221007022800","477.824655"
"3404000118","KNORR ALPHABET CHICKEN SOUP 50GR","PCS","OUT","6281006791718","40.82442499999999"
"3404000120","KNORR LENTIL SOUP 80GR","PCS","OUT","6281006791749","89.125"
"3404000121","KNORR CREAM OF VEG. 79GR","PCS","OUT","6281006791732","52.03727"
"3404000147","MAGGI SOUP C\OATS 12X70GR XA","PCS","OUT","6281019002511","44.617125"
"3404000147","MAGGI SOUP C\OATS 12X70GR XA","PCS","OUT","8690632011301","44.617125"
"3404000166","MAGGI EXCELLENCE MUSHROOM SOUP 54GR","PCS","OFFER","6294003539719","85.1"
"3404000166","MAGGI EXCELLENCE MUSHROOM SOUP 54GR","PCS","OUT","8690632007267","86.25"
"3404000166","MAGGI EXCELLENCE MUSHROOM SOUP 54GR","PCS","CTN","2009000008304","519.2249999999999"
"3404000167","MAGGI EXCELLENCE BROCOLI SOUP 48GR","PCS","OFFER","6294003539696","81.07499999999999"
"3404000167","MAGGI EXCELLENCE BROCOLI SOUP 48GR","PCS","OUT","8690632007328","81.07499999999999"
"3404000167","MAGGI EXCELLENCE BROCOLI SOUP 48GR","PCS","CTN","2009000008311","485.875115"
"3404000168","MAGGI EXCELLENCE ASPARAGUS SOUP 49GR","PCS","OFFER","6294003539757","82.7885"
"3404000168","MAGGI EXCELLENCE ASPARAGUS SOUP 49GR","PCS","OUT","8690632007298","82.7885"
"3404000168","MAGGI EXCELLENCE ASPARAGUS SOUP 49GR","PCS","CTN","2009000008328","486.45000000000005"
"3404000201","MAGGI CHICKEN SOUP WITH CORN 47G","PCS","OFFER","6294003539733","64.1125"
"3404000201","MAGGI CHICKEN SOUP WITH CORN 47G","PCS","OUT","8690632008776","64.1125"
"3404000201","MAGGI CHICKEN SOUP WITH CORN 47G","PCS","CTN","2010198011014","391"
"3404000208","KNORR CHICKEN STOCK POWDER 20X20G","PCS","OUT","6281006790056","19.259625"
"3404000208","KNORR CHICKEN STOCK POWDER 20X20G","PCS","OUT","8690637629662","19.259625"
"3404000210","MAGGI GARLIC+LEMON 34G","PCS","OUT","8690632009193","62.099309999999996"
"3404000210","MAGGI GARLIC+LEMON 34G","PCS","CTN","2011011025942","249.54999999999998"
"3404000211","MAGGI JUICY CHICKEN HOT & SPICY 34G","PCS","OUT","8690632009162","62.9625"
"3404000211","MAGGI JUICY CHICKEN HOT & SPICY 34G","PCS","CTN","2011011025966","250.70000000000002"
"3404000226","MAGGI MIX CHICKEN SHAWARMA 40G","PCS","OUT","8690632009070","54.62488499999999"
"3404000226","MAGGI MIX CHICKEN SHAWARMA 40G","PCS","CTN","2011011030069","217.35"
"3404000233","KNORR SOUP CREAM OF BROCCOLI 72G","PCS","OUT","6281006807945","77.625"
"3404000233","KNORR SOUP CREAM OF BROCCOLI 72G","PCS","CTN","2011011031097","310.2125"
"3404000239","MAGGI EXC CREAM OF VEGETABLE10X51G","PCS","OUT","8690632010786","48.875"
"3404000295","AL ALALI BECHAMEL MIX 75 GM","PCS","OUT","617950600596","72.45"
"3404000296","MAGGI TAMATO SOUP WITH NOODLE 60GM","PCS","OUT","8690632012230","58.64954"
"3404000296","MAGGI TAMATO SOUP WITH NOODLE 60GM","PCS","OUT","8690632012247","58.64954"
"3404000297","QUAKER CREAM OF CHICKEN W/OATS SOUP 64GM","PCS","OUT","9120020691390","68.998965"
"3404000298","QUAKER CREAMY MUSHROOM W/OATS SOUP 64GM","PCS","OUT","9120020691413","68.998965"
"3404000299","QUAKER CHICKEN NOODLE W/OATS SOUP 54GM","PCS","OUT","9120020691451","61.409885"
"3404000300","QUAKER VEGETABLE CUMIN W/OATS SOUP 66GM","PCS","OUT","9120020691437","68.998965"
"3404000301","MAGGI CHICKEN LEMON&PEPPER JUICY SOUP 27GM","PCS","OUT","8690632013176","62.9625"
"3404000301","MAGGI CHICKEN LEMON&PEPPER JUICY SOUP 27GM","PCS","CTN","2014011050686","250.70000000000002"
"3404000302","KNORR BROCCOLI CAULIFLOWER SOUP 44GM","PCS","OUT","8690637693830","66.125"
"3404000303","KNORR WHITE GREEN ASPARAGUS SOUP 40GM","PCS","OUT","8690637693809","65.55"
"3404000304","KNORR WILD MUSHROOM SOUP 54GM","PCS","OUT","8690637693779","58.59250000000001"
"3404000352","MAGGI BOUILLION DUO CHICKEN 80G","PCS","OUT","7613035999350","85.21454"
"3404000353","MAGGI SEA FOOD MIX 37G","PCS","OUT","8690632017143","29.03681"
"3406000011","NEZO IODIZED SALT RED BOTTLE 600GM","PCS","CTN","8715800942697","84.8125"
"3406000018","A.GARDEN SALT 727 GR","PCS","CTN","10017273504750","212.75"
"3406000022","NEZO SALT BOTTLE 600GR","PCS","CTN","8715800101568","84.8125"
"3406000034","NEZO SALT 1000GR-BLUE PACK","PCS","CTN","8715800100080","60.938500000000005"
"3406000040","NEZO IODIZED SALT 1KG -RED PACK","PCS","CTN","2012011034330","58.65"
"3406000040","NEZO IODIZED SALT 1KG -RED PACK","PCS","CTN","8715800101476","58.65"
"3406000050","PURE SALT BOTTLE 2X600GR","PCS","OFFER","6291104922921","5.977125"
"3406000051","WADIMA IODIZED SALT 1KG","PCS","OUT","3030000000934","3.4499999999999997"
"3406000051","WADIMA IODIZED SALT 1KG","PCS","OFFER","6291104932072","5.977125"
"3408000008","AL SULTAN BLACK CHICK PEAS 1KG","500GR","KG","1000051000058","5.4625"
"3409000015","AL SULTAN BROKEN FOUL 1KG","500GR","KG","1000050900076","6.3273"
"3412000010","AL SULTAN RED LENTIL 1KG","500GR","KG","1000010110286","6.325"
"3412000010","AL SULTAN RED LENTIL 1KG","500GR","600g","3030000001143","9.1885"
"3412000010","AL SULTAN RED LENTIL 1KG","500GR","2KG","3030000000952","10.338500000000002"
"3412000014","AL SULTAN GREEN LENTIL 1 KG","500GR","KG","1000051200045","8.337499999999999"
"3412000014","AL SULTAN GREEN LENTIL 1 KG","500GR","600g","3030000001146","9.1885"
"3412000014","AL SULTAN GREEN LENTIL 1 KG","500GR","2KG","3030000000982","14.938500000000001"
"3412000018","HALAWANI GREEN LENTILS 700GR","PCS","CTN","2007000404959","156.4"
"3413000007","AL SULTAN FREEKH 1KG","500GR","KG","2004000111832","16.9625"
"3413000016","KABATILO FREEKEH 500G","PCS","CTN","2012011034675","425.500115"
"3413000017","KABATILO FINE FREEKEH 500G","PCS","CTN","2012011034682","425.500115"
"3413000018","KABATILO MAFTOUL 700G","PCS","CTN","2012011034712","425.500115"
"3414000022","AL SULTAN POP CORN 1 KG","500GR","KG","1000051400001","5.4625"
"3414000022","AL SULTAN POP CORN 1 KG","500GR","600g","3030000001145","6.8885000000000005"
"3414000023","D.FRESH CORN FLOUR 400GR","PCS","CTN","0114010000735","78.4875"
"3414000028","JOLLY TIME POPCORN YELLOW 10OZ","PCS","CTN","2004000266808","161"
"3414000029","JOLLY TIME POPCORN AMER.BEST YELLOW 30OZ","PCS","CTN","2004000266815","265.65000000000003"
"3414000030","JOLLY TIME POPCORN 10OZ","PCS","CTN","2004000266839","161"
"3414000031","JOLLY TIME POPCORN AMERICAN B/WHITE 30OZ","PCS","CTN","2004000266846","265.65000000000003"
"3414000034","A.GARDEN POP CORN S\B 3X3OZ","PCS","CTN","2009000438972","187.45"
"3414000041","A.GARDEN POPCORN REGUAR 3X3.5","PCS","CTN","2011011021760","176.23749999999998"
"3414000047","A.KITCHEN MICRO WAVE POPCORN BUTTER 3 OZ","PCS","CTN","2015011052311","161"
"3414000048","A.KITCHEN MICRO WAVE POPCORN LITE 3 OZ","PCS","CTN","2015011052335","171.35"
"3414000049","A.KITCHEN MICRO WAVE POPCORN HOT&SPICY 3 OZ","PCS","CTN","2015011052328","176.52499999999998"
"3414000050","A.KITCHEN MICRO WAVE POPCORN NATURAL 3 OZ","PCS","CTN","2015011052342","166.75"
"3417000004","AL SULTAN SESAME WHITE 500GR","500GR","1KG","2004000012030","17.25"
"3417000008","AL SULTAN SESAME RED 500GR","500GR","1KG","2007000394045","19.262500000000003"
"3420000018","AL ALALI WHITE OATS 400GR","PCS","CTN","2004000154853","251.85"
"3420000032","CAPTAIN OATS TIN 500GR","PCS","CTN","2004001498741","205.85"
"3420000035","VIRGINIA OATS 500GR","PCS","CTN","2004000236153","183.54"
"3420000038","QUAKER WHITE OATS FOIL 500GR","PCS","OUT","2010001058595","30.992500000000003"
"3420000038","QUAKER WHITE OATS FOIL 500GR","PCS","CTN","05000108025184","164.7375"
"3420000038","QUAKER WHITE OATS FOIL 500GR","PCS","CTN","2007000400814","164.7375"
"3420000045","JENAN OATS POUCH 500 GM","PCS","CTN","2010198008267","102.35000000000001"
"3420000046","JENAN OATS TIN 500 GM","PCS","CTN","2010198008274","185.15"
"3420000048","CAPTAIN OATS POUCH 500GM","PCS","CTN","2011011024860","215.625"
"3420000049","GREENS WHITE OATS 500GM","PCS","OFFER","2017011053633","12.075"
"3420000049","GREENS WHITE OATS 500GM","PCS","CTN","2011011026543","189.75"
"3420000059","QUAKER QUICK COOK OATS 500GMS","PCS","OFFER","2020000310983","19.8375"
"3421000006","DYNA WET TAMARIND PULP 500 GR","PCS","CTN","2004000201168","328.325"
"3421000007","555 777 777 TAMARIND INDIA 500GR","PCS","CTN","2004000157557","301.875"
"3421000009","AL SULTAN TAMARIND INDIA 150GR","PCS","CTN","2004000183679","70.035"
"3421000013","AL SULTAN ARAK SOUSE 1PCS","PCS","CTN","2008000432225","434.7"
"3424000010","AL SULTAN RED KIDNEY BEANS 1KG","600g","1KG","2015011050768","16.674999999999997"
"3424000013","AL SULTAN WHITE BEANS 1KG","600g","KG","2004000012627","9.775"
"3424000021","FOODYS LUPINE BEANS GLASS JAR600G","PCS","CTN","2012011040652","108.675"
"3424000022","FOODYS LUPINE BEANS PLASTIC GAR1300G","PCS","CTN","2012011040669","102.63749999999999"
"3425000007","AL SULTAN DRY LEMON 200GR","200GR","1KG","2004000111917","22.712500000000002"
"3426000002","AL SULTAN THERMOS 1KG","500GR","KG","2004000012412","8.337499999999999"
"3427000002","AL SULTAN KARKA DIA 200GR","200GR","1KG","2004000076834","46"
"3428000005","RENUKA COCONUT MILK POWDER300GM","PCS","CTN","2005000324871","517.5"
"3428000006","RENUKA COCONUT MILK POWDER 150GR","PCS","CTN","2005000324888","227.7"
"3428000007","RENUKA COCONUT MILK POWDER 1KG","PCS","CTN","2005000324895","649.75"
"3429000002","AL SULTAN BAY LEAVES 50GR","50GR","1KG","2004000076094","20.7"
"3432000002","AL SULTAN MERAMIA 100GR","PCS","100GR","1000053200067","4.8875"
"3440000028","AL SULTAN DRY FIG IRAN 400GR","PCS","CTN","2008000427573","140.875"
"3440000029","KIRICI DRY APRICOT 350GR","PCS","CTN","2008000430191","199.23749999999998"
"3440000030","AL SULTAN DRY FIG LARGE 400GR","PCS","CTN","2009000011465","426.075"
"3441000004","AL SULTAN PINE SEEDS PAK 200GR","100GR","200GR","2005000343285","72.45"
"3441000004","AL SULTAN PINE SEEDS PAK 200GR","100GR","1KG","2005000335532","373.74908"
"3442000010","AL SULTAN ALMOND USA 500GR","300G","500GR","1000054200059","22.9425"
"3442000010","AL SULTAN ALMOND USA 500GR","300G","1KG","3030000000014","45.824625"
"3443000010","AL SULTAN RAISINS USA 500GR","500GR","1KG","2007000402498","40.25"
"3443000013","AL SULTAN RAISINS IRANI 500GR","PCS","500GR","1000054300063","7.4750000000000005"
"3443000013","AL SULTAN RAISINS IRANI 500GR","PCS","CTN","2004000011934","217.35"
"3444000007","AL SULTAN COCONUT POWDER 500GR","300G","500GR","1000054400060","9.775"
"3444000007","AL SULTAN COCONUT POWDER 500GR","300G","1KG","1000054400053","19.262500000000003"
"3445000024","AL SULTAN PEANUT JUMBO 1KG","500GR","KG","2004000011811","14.375"
"3445000031","AL SULTAN PEANUT SMALL 500GR","500GR","1KG","2007000411438","12.075"
"3446000005","AL SULTAN WALNUT W/O SHELL 500","500GR","1KG","2004000012559","66.41250000000001"
"3446000010","AL SULTAN CASHEW  NUT W320 1KG","200GR","300G","3030000000871","18.3425"
"3446000010","AL SULTAN CASHEW  NUT W320 1KG","200GR","500GR","2014011048928","33.925"
"3446000010","AL SULTAN CASHEW  NUT W320 1KG","200GR","KG","2004000115304","51.75"
"3446000011","AL SULTAN HAZEL NUT 200GR","200GR","1KG","2004000076827","86.93999999999998"
"3446000013","AL SULTAN CASHEW NUT BROKEN LAKISHME 10KG","PCS","CTN","2005000316265","1388.625"
"3455000147","AL DHAFRA DATES PASTE BLOCK 1KG","PCS","CTN","2006000380997","108.675"
"3455000188","CROWN DATES KHALAS 1KG","PCS","CTN","6291100213351","287.5"
"3455000189","CROWN DATES KHALAS 750GR","PCS","CTN","6291100213092","278.3"
"3455000191","CROWN DATES FARD 1KG","PCS","CTN","6291100212552","420.90000000000003"
"3455000192","CROWN DATES FARD 500GR","PCS","CTN","6291100213726","224.82500000000002"
"3455000193","CROWN DATES ALMOND 250GR","PCS","CTN","6291100213436","258.75"
"3455000195","CROWN DATES LULU 500GR","PCS","CTN","6291100213733","226.49249999999998"
"3455000196","CROWN DATES SYRUP 400GR","PCS","CTN","6291100213337","374.61249999999995"
"3455000218","CROWN DATES LULU 1KG","PCS","CTN","6291100212545","241.4425"
"3455000225","AL NAWADER DATES KHALAS VACUM 1KG","PCS","CTN","2015011051505","111.09"
"3455000237","AL NAWADER DATES SHEESHI 1KG","PCS","CTN","2015011051512","111.09"
"3455000242","SAUDI DATES DATES ROYAL KHALAS ALQUASAIM1KG","PCS","CTN","2012011038345","339.25"
"3455000243","SAUDI DATES DATES SOKARY 1KG","PCS","CTN","2012011038369","258.75"
"3455000244","SAUDI DATES DATES SUPER KHALAS ALEHSAA1KG","PCS","CTN","2012011038383","215.05"
"3455000245","SAUDI DATES DATES NABUT SAIF1KG","PCS","CTN","2012011038406","215.05"
"3455000251","CROWN FARD DATES  250GM","PCS","CTN","6291100213474","168.99249999999998"
"3455000254","DURRAH KHALAS ALQUSEEM 1KG","PCS","CTN","2013011044176","265.65000000000003"
"3455000255","DURRAH KHALAS SHIOKHY 1KG","PCS","CTN","2013011044183","227.01"
"3455000256","DURRAH DATES NABOUT SAIF VACUUM 1KG","PCS","CTN","2013011044190","173.87999999999997"
"3455000257","DURRAH DATES KHALAS ALHSSA VACUUM 1KG","PCS","CTN","2013011044206","132.82500000000002"
"3455000267","CROWN KHALAS 10 X1KG","PCS","CTN","6291100212576","285.4875"
"3455000268","CROWN LULU DATES CROWN 20 X250G","PCS","CTN","6291100212811","168.99249999999998"
"3455000269","CROWN DATESKHAENIZI POUCH 500G","PCS","CTN","6291100213757","223.1"
"3455000270","CROWN DATES ORGANIC TIN1KG","PCS","CTN","6291100218158","379.5"
"3455000271","CROWN DATES ORGANIC PVC 500G","PCS","CTN","6291100218196","169.04999999999998"
"3455000288","AL SULTAN DRY APRICOT 500GR","500GR","1KG","2017011053671","40.451249999999995"
"3455000289","AL DOURI SOFIA DRY FIG 250GR","500GR","1KG","2017011053688","43.409625"
"3501000059","OKI VEG.COOK OIL 1.81LT","PCS","CTN","18888168300908","132.25"
"3501000078","COROLI CORN OIL 750ML","PCS","CTN","2004000244363","185.15"
"3501000079","COROLI CORN OIL TIN 2.5LT","PCS","CTN","2004000267546","253.00000000000003"
"3501000081","COROLI CORN OIL PLASTIC 1.8LTR","PCS","CTN","2004000267560","216.2"
"3501000084","AFIA SUNFLOWER OIL 9LTR","PCS","OFFER","5023659201418","136.5625"
"3501000084","AFIA SUNFLOWER OIL 9LTR","PCS","CTN","2004000267591","272.55"
"3501000088","LESIEUR CANOLA OIL 3LT","PCS","CTN","2004000267645","310.5"
"3501000089","LESIEUR CANOLA OIL 1LT","PCS","CTN","2004000267652","282.0375"
"3501000091","MAZOLA CORN OIL 3LTR","PCS","CTN","6281003201043","234.3125"
"3501000092","MAZOLA CORN OIL 1.8LT","PCS","CTN","6281003201029","235.74999999999997"
"3501000092","MAZOLA CORN OIL 1.8LT","PCS","CTN","6281003201302","235.74999999999997"
"3501000098","SAFI OIL CORN 10LTR","PCS","CTN","613583103433","190.785"
"3501000098","SAFI OIL CORN 10LTR","PCS","CTN","6291113103458","190.785"
"3501000100","SAFI CORN OIL 1.8LT","PCS","CTN","2008000416195","189.75"
"3501000100","SAFI CORN OIL 1.8LT","PCS","CTN","6291113103618","189.75"
"3501000100","SAFI CORN OIL 1.8LT","PCS","CTN","6291113103885","189.75"
"3501000108","COROLI CORN OIL 3.LT","PCS","CTN","2006000381901","218.5"
"3501000113","VIRGINIA CORN OIL 1.8LT","PCS","CTN","2007000400630","129.95"
"3501000120","AL ARABI BLENDED OIL IN PLASTIC 1.8LT","PCS","CTN","2007000412411","132.82500000000002"
"3501000120","AL ARABI BLENDED OIL IN PLASTIC 1.8LT","PCS","CTN","6281011134357","132.82500000000002"
"3501000122","GOLDEN CORN CORN OIL 2LTR PLASTIC","PCS","CTN","2008000421731","195.5"
"3501000122","GOLDEN CORN CORN OIL 2LTR PLASTIC","PCS","CTN","6291113103601","195.5"
"3501000131","MAZOLA CORN OIL 750ML","PCS","CTN","2008000434250","218.5"
"3501000141","MAZOLA CORN OIL 9LTR","PCS","CTN","2009000444409","291.0075"
"3501000142","MAZOLA SHORTNING 1KG","PCS","CTN","2009000444416","126.78750000000001"
"3501000177","HEARTY LIGHT CANOLA OIL 1.89 LT","PCS","CTN","2012011039038","172.5"
"3501000183","LITE LIFE PURE CORN OIL 1.8 LITER","PCS","CTN","6291059006929","129.2025"
"3502000063","O-LITE S/F OIL 1.5LTR","PCS","CTN","2007000396247","137.655"
"3502000063","O-LITE S/F OIL 1.5LTR","PCS","CTN","6281011122279","137.655"
"3502000080","COROLI SUNFLOWER OIL 1.5LTR","PCS","CTN","2004000242000","77.625"
"3502000081","COROLI SUNFLOWER OIL 3.LTR","PCS","CTN","2005000327780","195.5"
"3502000083","COROLI S/F OIL 750ML","PCS","CTN","2004000267720","181.70000000000002"
"3502000086","LESIEUR SUNFLOWER OIL 1LTR","PCS","CTN","2004000241027","309.92499999999995"
"3502000087","LESIEUR SUNFLOWER OIL 2LT","PCS","CTN","2004000242758","245.81250000000003"
"3502000088","LESIEUR SUNFLOWER OIL 3LT","PCS","CTN","2004000267812","365.70000000000005"
"3502000091","NAWAR SUNFLOWER OIL 10LT","PCS","CTN","6291113104066","195.49908"
"3502000091","NAWAR SUNFLOWER OIL 10LT","PCS","CTN","631583104051","195.49908"
"3502000095","O-LITE SUNFLOWER OIL 750ML","PCS","CTN","6281011122200","187.449885"
"3502000096","MINARA SUNFLOWER OIL 3LTR","PCS","CTN","9501052011354","212.75"
"3502000110","MINARA SUNFLOWER OIL 750ML","PCS","CTN","2006000364164","155.25"
"3502000125","D.FRESH SUNFLOWER OIL 5LT","PCS","CTN","2004000154990","229.94249999999997"
"3502000129","MAZOLA SUNFLOWER OIL 1.8LT","PCS","CTN","2007000394083","218.5"
"3502000129","MAZOLA SUNFLOWER OIL 1.8LT","PCS","CTN","6281003203023","218.5"
"3502000131","VIRGINIA SUNFLOWER OIL 1.8LT","PCS","CTN","2007000400647","122.1875"
"3502000137","AFIA SUNFLOWER OIL 750ML","PCS","CTN","2007000412398","250.412615"
"3502000137","AFIA SUNFLOWER OIL 750ML","PCS","CTN","6281011135309","250.412615"
"3502000138","AFIA XXXXXXXXX SAME ITEM  6000181 XXXX","PCS","CTN","2007000412404","155.76749999999998"
"3502000138","AFIA XXXXXXXXX SAME ITEM  6000181 XXXX","PCS","CTN","6281011135286","155.76749999999998"
"3502000138","AFIA XXXXXXXXX SAME ITEM  6000181 XXXX","PCS","CTN","6281011135484","155.76749999999998"
"3502000141","NAWAR SUNFLOWER OIL 1.5L","PCS","CTN","2008000421700","98.8885"
"3502000141","NAWAR SUNFLOWER OIL 1.5L","PCS","CTN","6291113104233","98.8885"
"3502000141","NAWAR SUNFLOWER OIL 1.5L","PCS","CTN","6291113104745","98.8885"
"3502000141","NAWAR SUNFLOWER OIL 1.5L","PCS","CTN","6291113105162","98.8885"
"3502000142","NAWAR SUN FLOWER OIL 5LTR","PCS","CTN","2008000421717","231.14999999999998"
"3502000142","NAWAR SUN FLOWER OIL 5LTR","PCS","CTN","6291113104189","231.14999999999998"
"3502000147","MAZOLA SUNFLOWER OIL 750ML","PCS","CTN","2008000434267","197.51250000000002"
"3502000148","MAZOLA SUNFLOWER OIL 3 LTR","PCS","CTN","2008000434274","169.04999999999998"
"3502000156","AFIA SUNFLOWER OIL 3.5LTR","PCS","CTN","2009000448315","205.84977"
"3502000180","COROLI SUNFLOWER OIL 5LTR","PCS","CTN","2004000267713","302.45"
"3502000195","ABEER SUN FLOWER OIL 1.8LTR","PCS","CTN","2012011038413","149.5"
"3502000199","MINARA PREMIUM SUNFLOWER OIL 1.8LT","PCS","CTN","2013011042097","142.6"
"3502000207","LITE LIFE PURE SUN FLOWER OIL 1.8LITER","PCS","CTN","6291059206220","111.8375"
"3502000208","BARAKA PURE SUN FLOWER OIL 1.8 LITER","PCS","CTN","6291059203229","104.65"
"3504000022","AL ARABI BLENDED OIL 3.5 LTR","PCS","CTN","2004000162698","163.0125"
"3504000022","AL ARABI BLENDED OIL 3.5 LTR","PCS","CTN","6281011131974","163.0125"
"3504000032","H.LIGHT CANOLA OIL 3 LT","PCS","CTN","2004000210948","380.9375"
"3504000033","SUPER SUN VEG OIL 1.8LT","PCS","CTN","2004001497904","143.75"
"3504000033","SUPER SUN VEG OIL 1.8LT","PCS","CTN","6291113108033","143.75"
"3504000034","MUMTAZ VEG OIL 1.8LT","PCS","CTN","2006000385404","119.5425"
"3504000034","MUMTAZ VEG OIL 1.8LT","PCS","CTN","6291113106671","119.5425"
"3504000034","MUMTAZ VEG OIL 1.8LT","PCS","CTN","6291113107890","119.5425"
"3504000034","MUMTAZ VEG OIL 1.8LT","PCS","CTN","6291113107906","119.5425"
"3504000044","JASMINE COOKING OIL 1.8LITER","PCS","CTN","6291059059291","96.3125"
"3504000045","SAROLA COOKING OIL 1.8 LITER","PCS","CTN","6291059812223","82.225"
"3505000020","CBC COCONUT OIL TIN 680G","PCS","CTN","2004000267959","489.9"
"3505000023","C.B.C COCONUT OIL 1LTR","PCS","CTN","2012011038321","335.8"
"3506000011","GLADE AIR FRESH ONE TOUCH REF. O/JASMINE 1 PC","PCS","CTN","2004000209850","207.575"
"3506000020","D.FRESH ALMOND OIL 500ML","PCS","CTN","2008000424725","216.2"
"3506000021","D.FRESH ALMOND OIL 200ML","PCS","CTN","2004000168126","116.15"
"3507000173","AL WAZIR OLIVE OIL 2LTR","PCS","CTN","2004000184966","714.15"
"3507000173","AL WAZIR OLIVE OIL 2LTR","PCS","CTN","8428483302039","714.15"
"3507000176","AL WAZIR OLIVE OIL 4LT","PCS","CTN","2004000184997","483"
"3507000176","AL WAZIR OLIVE OIL 4LT","PCS","CTN","8428483302022","483"
"3507000178","AL WAZIR OLIVE OIL HANDLE 250ML","PCS","CTN","2004000154235","264.5"
"3507000179","AL WAZIR OLIVE OIL (HANDLE) 500 ML","PCS","CTN","2004000154242","374.9"
"3507000180","AL WAZIR OLIVE OIL BOTTLE 500ML","PCS","CTN","8428483300011","312.22499999999997"
"3507000180","AL WAZIR OLIVE OIL BOTTLE 500ML","PCS","CTN","8428483302015","312.22499999999997"
"3507000193","FIGARO OLIVE OIL LIGHT BOTTLE 750 ML","PCS","CTN","2004000268338","504.84999999999997"
"3507000195","FIGARO EXTRA VIRGIN OLIVE OIL-BOTTLE 750 ML","PCS","CTN","2004000268369","547.9749999999999"
"3507000214","SERJELLA VIRGIN OLIVE OIL 250ML","PCS","CTN","2006000371179","200.0425"
"3507000215","SERJELLA VIRGIN OLIVE OIL 500ML","PCS","CTN","2006000371186","346.15"
"3507000216","SERJELLA VIRGIN OLIVE OIL 750ML","PCS","CTN","2006000371193","517.5"
"3507000218","RAFAEL SALGADO (RS) RAFAEL SALGADO  OLIVE OIL 4LT","PCS","CTN","2004000181217","1265"
"3507000219","RAFAEL SALGADO (RS) OLIVE OIL W/HANDLE 250 ML","PCS","CTN","2004000153818","609.5"
"3507000220","RAFAEL SALGADO (RS) OLIVE OIL BOTLE 500M","PCS","OFFER","6291058085659","38.8125"
"3507000220","RAFAEL SALGADO (RS) OLIVE OIL BOTLE 500M","PCS","CTN","2004000212","460"
"3507000221","RAFAEL SALGADO (RS) OLIVE OIL  1LT","PCS","CTN","2004000153801","977.5"
"3507000225","HOLLY ROCK OLIVE OIL 1750ML","PCS","CTN","2004000159100","490.1875"
"3507000226","HOLLY ROCK OLIVE OIL 525 ML","PCS","CTN","2004000159124","293.25"
"3507000227","HOLLY ROCK OLIVE OIL 850ML","PCS","CTN","2004000159117","491.04999999999995"
"3507000228","HOLLY ROCK OLIVE OIL 3 LT","PCS","CTN","2004000159131","546.250115"
"3507000231","SALGADO OLIVE OIL BOTTLE 500 ML","PCS","CTN","2004000218760","215.625"
"3507000236","BORGES EXTRA VIRGIN OLIVE OIL 500ML","PCS","CTN","2005000348440","520.375"
"3507000237","BORGES EXTRA VIRGIN OLIVE OIL 1LT","PCS","CTN","2005000348457","529"
"3507000238","BORGES PURE OLIVEOIL 1L","PCS","CTN","2005000348464","477.25000000000006"
"3507000239","BORGES GRAPE SEED OLIVE OIL 1L","PCS","CTN","2005000348471","282.9"
"3507000240","BORGES OLIVE OIL 500ML","PCS","CTN","2005000348488","486.45000000000005"
"3507000243","RAFAEL SALGADO (RS) OLIVE OIL 230ML","PCS","CTN","2005000336591","563.5"
"3507000244","RAFAEL SALGADO (RS) OLIVE OIL 400ML","PCS","CTN","2004000181187","1057.9425"
"3507000245","RAFAEL SALGADO (RS) RAFAEL SALGADO  OLIVE OIL 500ML","PCS","CTN","2004000153825","529"
"3507000246","RAFAEL SALGADO (RS) OLIVE OIL 800 ML","PCS","OFFER","6291058135095","83.0875"
"3507000246","RAFAEL SALGADO (RS) OLIVE OIL 800 ML","PCS","CTN","2004000181194","1221.875"
"3507000247","RAFAEL SALGADO (RS) RAFAEL SALGADO  OLIVE OIL 2LTR","PCS","CTN","2004000153771","805"
"3507000248","RAFAEL SALGADO (RS) RAFAEL SALGADO  OLIVE OIL 175ML","PCS","CTN","2004000181200","431.25"
"3507000249","RAFAEL SALGADO (RS) OLIVE OIL 250 ML","PCS","CTN","2004000153764","616.4000000000001"
"3507000250","RAFAEL SALGADO (RS) OLIVE OIL EXTRA VIRGIN BOTTLE 750 ML","PCS","CTN","2004000153795","920"
"3507000251","RAFAEL SALGADO (RS) OLIVE OIL E/VIRGIN BOTTLE 500ML","PCS","CTN","2004000153788","655.5"
"3507000252","RAFAEL SALGADO (RS) OLIVE OIL EXTRA VIRGIN BOTTLE 250 ML","PCS","CTN","2004000152866","862.5"
"3507000263","RAFAEL SALGADO (RS) EXTRA VERGIN OLIVE OIL TIN 200 ML","PCS","CTN","2007000388556","497.375"
"3507000264","RAFAEL SALGADO (RS) EXTRA VERGIN OLIVE OIL TIN 400 ML","PCS","CTN","2007000388563","1121.25"
"3507000269","RAFAEL SALGADO (RS) GRAPE SEED OIL 500ML","PCS","CTN","2007000396889","405.93861499999997"
"3507000270","AL WAZIR E/V OLIVES OIL 500ML","PCS","OFFER","8428489517536","31.334624999999996"
"3507000270","AL WAZIR E/V OLIVES OIL 500ML","PCS","CTN","2007000397695","253.57500000000002"
"3507000273","HOLLY ROCK OLIVES OIL 1000ML","PCS","CTN","2007000400685","557.75"
"3507000292","BERTOLI OLIVE OIL E\V 500ML","PCS","CTN","2008000426170","570.400115"
"3507000293","BERTOLI OLIVE OIL E\V 750ML","PCS","CTN","2008000426187","414"
"3507000294","BERTOLI OLIVE OIL E\V 1LTR","PCS","CTN","2008000426194","517.5"
"3507000316","AL AIN OLIVE OIL 250ML","PCS","CTN","2009000006355","244.37511500000002"
"3507000362","AL AIN OLIVE OIL 750ML","PCS","CTN","2011011029513","657.8"
"3507000381","BAYTOUTI EXTRA VIRGIN OLIVE OIL 250ML","PCS","CTN","2014011048119","246.0425"
"3507000382","BAYTOUTI EXTRA VIRGIN OLIVE OIL 500ML","PCS","CTN","2014011048126","211.3125"
"3508000070","ASEEL GHEE PURE 400ML","PCS","CTN","2004000191179","553.15"
"3508000071","ASEEL GHEE PURE 1.6ML","PCS","OFFER","631583102418","90.5625"
"3508000071","ASEEL GHEE PURE 1.6ML","PCS","CTN","6291113102048","474.95"
"3508000072","ASEEL GHEE PURE 800ML","PCS","CTN","2004000191186","517.5"
"3508000076","ALMARAI BUTTER GHEE 1.6GR","PCS","CTN","2004000268758","690"
"3508000078","LURPAK PURE GHEE 800 GR","PCS","OFFER","6291021914894","33.206250000000004"
"3508000092","QBB GHEE 1600GR","PCS","OFFER","5060208990195","134.54999999999998"
"3508000092","QBB GHEE 1600GR","PCS","OFFER","5060208990355","134.54999999999998"
"3508000092","QBB GHEE 1600GR","PCS","OFFER","6666666633170","134.54999999999998"
"3508000092","QBB GHEE 1600GR","PCS","CTN","19310324876662","1000.4999999999999"
"3508000093","QBB GHEE 400GR","PCS","CTN","19310324876624","714.15"
"3508000094","QBB GHEE 800GR","PCS","CTN","19310324876631","672.75"
"3508000105","MAZOLA GHEE 1KG","PCS","CTN","2008000434243","271.6875"
"3508000107","MAZOLA GHEE 2KG","PCS","CTN","2009000444423","259.61249999999995"
"3508000108","MAZOLA GHEE 500ML","PCS","CTN","2009000444430","143.75"
"3508000110","ALMARAI BUTTER GHEE 800GM","PCS","CTN","2010198012356","366.84999999999997"
"3508000111","ALMARAI BUTTER GHEE 400GM","PCS","CTN","2010198012363","208.150115"
"3508000114","GOWARDHAN GOWARDHAAN GHEE 500GM","PCS","CTN","2012011036266","764.75"
"3509000022","ASEEL GHEE VEGETABLE 1KG","PCS","OFFER","631583101848","17.537499999999998"
"3509000022","ASEEL GHEE VEGETABLE 1KG","PCS","CTN","2004001499243","221.375"
"3509000022","ASEEL GHEE VEGETABLE 1KG","PCS","CTN","6291113101027","221.375"
"3509000023","ASEEL GHEE VEGETABLE 500GR","PCS","OUT","6291113004144","22.1375"
"3509000023","ASEEL GHEE VEGETABLE 500GR","PCS","CTN","2004000149262","267.95"
"3509000023","ASEEL GHEE VEGETABLE 500GR","PCS","CTN","6291113101010","267.95"
"3509000024","ASEEL GHEE VEGETABLE 4KG","PCS","OFFER","631583101893","63.25011500000001"
"3509000024","ASEEL GHEE VEGETABLE 4KG","PCS","CTN","2004001497966","262.2"
"3509000024","ASEEL GHEE VEGETABLE 4KG","PCS","CTN","6291113101041","262.2"
"3509000025","ASEEL GHEE VEG 2KG","PCS","OFFER","631583101879","34.442499999999995"
"3509000025","ASEEL GHEE VEG 2KG","PCS","CTN","2004001499250","217.35"
"3509000025","ASEEL GHEE VEG 2KG","PCS","CTN","6291113101034","217.35"
"3512000245","BONNE MAMAN JAM ORANGE 370 GR","PCS","CTN","2008000414634","305.90000000000003"
"3512000263","D.FRESH JAM CHERRY 450GR","PCS","CTN","2004000193975","123.3375"
"3512000264","D.FRESH JAM STRAWBERRY 450GR","PCS","CTN","2004000194460","128.8"
"3512000265","D.FRESH JAM RASPBERRY 450GR","PCS","CTN","2004000155157","121.84250000000002"
"3512000266","D.FRESH JAM PINEAPPLE 450GR","PCS","CTN","2004000155164","127.65"
"3512000267","D.FRESH JAM MIXFRUIT 450GR","PCS","CTN","2004000155140","119.60000000000001"
"3512000268","D.FRESH JAM APRICOT 450GR","PCS","CTN","2004000194477","124.2"
"3512000269","D.FRESH JAM ORANGE 450GR","PCS","CTN","2004000194491","123.05000000000001"
"3512000271","AL ALALI JAM STRAWBERRY 400GM","PCS","CTN","2004000268888","133.975"
"3512000271","AL ALALI JAM STRAWBERRY 400GM","PCS","CTN","617950410126","133.975"
"3512000272","AL ALALI JAM APRICOT400GM","PCS","CTN","2004000268901","133.975"
"3512000272","AL ALALI JAM APRICOT400GM","PCS","CTN","61795041011","133.975"
"3512000273","AL ALALI JAM PINEAPPLE 400GM","PCS","CTN","2004000268918","139.72500000000002"
"3512000273","AL ALALI JAM PINEAPPLE 400GM","PCS","CTN","617950410102","139.72500000000002"
"3512000274","AL ALALI JAM ORANGE 400GM","PCS","CTN","2004000268925","139.72500000000002"
"3512000274","AL ALALI JAM ORANGE 400GM","PCS","CTN","617950410133","139.72500000000002"
"3512000275","AL ALALI JAM MIXED FRUITS 400GM","PCS","CTN","2004000268932","133.975"
"3512000275","AL ALALI JAM MIXED FRUITS 400GM","PCS","CTN","617950410157","133.975"
"3512000276","AL ALALI JAM CHERRY 400GM","PCS","CTN","2004000268949","139.72500000000002"
"3512000276","AL ALALI JAM CHERRY 400GM","PCS","CTN","617950410140","139.72500000000002"
"3512000277","AL ALALI JAM RASPBERRY 400GM","PCS","CTN","2004000268956","139.72500000000002"
"3512000277","AL ALALI JAM RASPBERRY 400GM","PCS","CTN","617950410164","139.72500000000002"
"3512000278","AL RABIH JAM APRICOT 1 KG","PCS","CTN","2004000268970","242.075"
"3512000279","AL RABIH JAM FIG 1 KG","PCS","CTN","2004000268987","242.075"
"3512000280","AL RABIH JAM STRAWBERRY 1 KG","PCS","CTN","2004000268994","242.075"
"3512000289","FRUTESSA JAM ORANGE 420 GM","PCS","CTN","2004000269168","110.39999999999999"
"3512000290","FRUTESSA JAM CHERRY PRESEV 420 GM","PCS","CTN","2004000151241","110.39999999999999"
"3512000291","FRUTESSA JAM RASPERRY 420 GR","PCS","CTN","2004000151258","132.82500000000002"
"3512000292","FRUTESSA JAM STRAWBERRY 420GR","PCS","CTN","2004000269175","132.82500000000002"
"3512000293","FRUTESSA JAM MIXED FRUIT 420 GM","PCS","CTN","2004000151272","110.39999999999999"
"3512000294","FRUTESSA JAM MANGO 420GR","PCS","CTN","2004000269182","110.39999999999999"
"3512000295","FRUTESSA JAM PINEAPPLE 420 GR","PCS","CTN","2004000151265","110.39999999999999"
"3512000296","FRUTESSA JAM APRICOT 420 GM","PCS","CTN","2004000151227","132.82500000000002"
"3512000297","FRUTESSA JAM MANGO 450 GR","PCS","CTN","2004000269199","101.14250000000001"
"3512000306","MALING JAM MELON 340GR","PCS","CTN","2004000269243","69.43125"
"3512000307","NATCO JAM-STRAWBERRY 450 GR","PCS","CTN","2004000077053","117.2425"
"3512000308","NATCO JAM-MIX FRUIT 450 GR","PCS","CTN","2004000077060","115.57499999999999"
"3512000309","NATCO JAM-PINEAPPLE 450 GR","PCS","CTN","2004000243229","115.57499999999999"
"3512000310","NATCO JAM-RASPBURRY 450 GR","PCS","CTN","2004000170761","115.57499999999999"
"3512000311","NATCO JAM-CHERRY 450 GR","PCS","CTN","2004000167181","115.57499999999999"
"3512000313","NATCO JAM-APRICOT 450 GR","PCS","CTN","2004000167273","115.57499999999999"
"3512000314","NATCO JAM-ORANGE 450 GR","PCS","CTN","2004000170778","115.57499999999999"
"3512000315","NATCO DIABETIC JAM STRAWBERRY 450 GR","PCS","CTN","2004000170792","176.8125"
"3512000316","NATCO DIABETIC JAM APRICOT 450 GR","PCS","CTN","2004000170785","176.8125"
"3512000318","BONNE MAMAN JAM STRAWBERRY 370GR","PCS","OFFER","5960000000996","29.325"
"3512000318","BONNE MAMAN JAM STRAWBERRY 370GR","PCS","OUT","0644216240845","57.4885"
"3512000318","BONNE MAMAN JAM STRAWBERRY 370GR","PCS","CTN","2004000243892","351.90000000000003"
"3512000319","BONNE MAMAN JAM APRICOT 370GR","PCS","CTN","2004000243908","351.90000000000003"
"3512000320","BONNE MAMAN JAM RASPBURRY 370GR","PCS","OFFER","0644216240746","51.175115000000005"
"3512000320","BONNE MAMAN JAM RASPBURRY 370GR","PCS","CTN","2004000243922","351.90000000000003"
"3512000321","BONNE MAMAN JAM CHERRY 370GR","PCS","CTN","2004000168232","351.90000000000003"
"3512000322","BONNE MAMAN JAM 4FRUITS 370GR","PCS","CTN","2004000243946","351.90000000000003"
"3512000338","HERO PINEAPPLE PRESERVE 350GR","PCS","CTN","2005000351419","221.375"
"3512000339","HERO FIG PRESERVE 350GR","PCS","CTN","2005000351426","189.75"
"3512000340","HERO FIG PRESERVE 1 OZ","PCS","CTN","2005000351433","311.3625"
"3512000341","HERO RED CHERRY PRESERVE 1 OZ","PCS","CTN","2005000351440","310.78761499999996"
"3512000368","HERO JAM BLUEBERRY PRESERVE 350GR","PCS","CTN","2006000373135","201.25"
"3512000369","HERO JAM LIGHT RASPBERRY 320G","PCS","CTN","2004000213727","130.41000000000003"
"3512000370","HERO JAM APRICOT PRE 350G","PCS","CTN","2004000150961","221.375"
"3512000371","HERO BL CHERRY PRE 350GR","PCS","CTN","2004000150992","247.25"
"3512000372","HERO JAM LIGHT FORESTBERRY 320 GR","PCS","CTN","2004000213772","142.485"
"3512000373","HERO JAM LIGHT BLACK CHERRY 320 GR","PCS","CTN","2004000213789","139.4375"
"3512000375","HERO BLACKCHERRY PORTION","PCS","CTN","2004000213802","306.41749999999996"
"3512000377","HERO JAM PORTION APRICOT","PCS","CTN","2004000213918","310.78761499999996"
"3512000378","HERO JAM PORTION ORANGE M","PCS","CTN","2004000213925","310.78761499999996"
"3512000382","HERO JAM S/B PORTION 1OZ","PCS","CTN","2004000213956","310.78761499999996"
"3512000383","HERO STRAWBERRY PRESERVE 350GR","PCS","CTN","2004000150978","224.25"
"3512000384","HERO ORA SWEET MAR 350GR","PCS","CTN","2004000151029","189.75"
"3512000387","HERO LIGHT STRAWBERRY JAM 320G","PCS","CTN","2004000151043","141.1625"
"3512000388","HERO LIGHT APRICOT JAM 320GR","PCS","CTN","2004000213963","130.41000000000003"
"3512000389","HERO M/FRUIT JAM 350GR","PCS","CTN","2004000151005","224.25"
"3512000390","HERO JAM PORTION RASPBERRY 1 OZ","PCS","CTN","2004000150954","310.78761499999996"
"3512000392","HERO JELLY R\B 350GR","PCS","CTN","2004000213987","221.375"
"3512000399","HELLO JAM MIXED FRUIT 360GR","PCS","CTN","2004000170563","47.0925"
"3512000401","HELLO JAM STRAWBERRY 360GR","PCS","CTN","2004000170549","47.0925"
"3512000403","HELLO JAM - APPLE 360GR","PCS","CTN","2004000213697","47.0925"
"3512000414","HALAWANI JAM-APRICOT 400GR","PCS","CTN","2004000211136","149.5"
"3512000416","HALAWANI JAM SUGAR FREE- APRICOT 400GR","PCS","CTN","2004000211372","113.85"
"3512000417","HALAWANI JAM SUGAR FREE STRAWBERRY 400GR","PCS","CTN","2004000211365","102.35000000000001"
"3512000428","HALAWANI JAM-MIXED FRUIT 400GR","PCS","CTN","2004000211785","148.0625"
"3512000429","HALAWANI JAM-STRAWBERRY 400GR","PCS","CTN","2005000330858","149.5"
"3512000431","HALAWANI JAM-RASPBERRY 400GR","PCS","CTN","06122557","152.95000000000002"
"3512000432","HALAWANI JAM-FIG 450GR","PCS","CTN","2004000169680","149.5"
"3512000467","AL ALALI PRESERVE APRICOT 400GR","PCS","CTN","2007000399446","173.65"
"3512000468","AL ALALI PRESERVE MIXED FRUIT 400GR","PCS","CTN","2007000399453","173.65"
"3512000469","AL ALALI PRESERVE PINEAPPLE 400GR","PCS","CTN","2007000399460","173.65"
"3512000470","AL ALALI PRESERVE STRAWBERRY 400GR","PCS","CTN","2007000399477","175.375"
"3512000477","AL ALALI PRESERVE RASPBERRY 400GR","PCS","CTN","2007000403198","173.65"
"3512000495","BONNE MAMAN JAM FRUIT FOREST 370GR","PCS","CTN","2008000419981","351.90000000000003"
"3512000496","BONNE MAMAN JAM WILD BLUEBERRY 370GR","PCS","CTN","2008000419998","351.90000000000003"
"3512000498","BONNE MAMAN JAM BLACK BERRY 370GR","PCS","CTN","2008000420017","351.90000000000003"
"3512000499","BONNE MAMAN JAM BLACK CURRANT 370GR","PCS","CTN","2008000420024","218.5"
"3512000500","BONNE MAMAN JAM BLACK BERRY JELLY 370GR","PCS","CTN","2008000420031","219.9375"
"3512000501","BONNE MAMAN JAM RED CURRANT JELLY 370GR","PCS","CTN","2008000420048","219.64999999999998"
"3512000502","BONNE MAMAN JAM FIG 370GR","PCS","CTN","2008000420055","351.90000000000003"
"3512000514","AL ALALI JAM LIGHT APRICOT 340GR","PCS","CTN","2009000442474","170.2"
"3512000515","AL ALALI JAM LIGHT RASBERRY 340GR","PCS","CTN","2009000442481","172.5"
"3512000516","AL ALALI JAM LIGHT MIXED FRUIT 340GR","PCS","CTN","2009000442498","165.3125"
"3512000517","AL ALALI JAM LIGHT STRAWBERRY 340GR","PCS","CTN","2009000442504","172.5"
"3512000521","AL ALALI JAM APRICOT800GM","PCS","CTN","2011011021517","122.475"
"3512000522","AL ALALI JAM CHERRY 800G","PCS","CTN","2011011021524","122.475"
"3512000524","AL ALALI JAM PINEAPPLE 800GM","PCS","CTN","2011011021548","122.475"
"3512000525","AL ALALI JAM RASBERRY 800GM","PCS","CTN","2011011021555","122.475"
"3512000526","AL ALALI JAM STRAWBERRY 800GM","PCS","CTN","2011011021562","123.05000000000001"
"3512000527","AL ALALI JAM MIXED FRUIT 800GM","PCS","CTN","2011011025102","122.475"
"3513000163","AL SHIFA HONEY ACCACIA 500 GR","PCS","CTN","2004000153719","747.5"
"3513000164","AL SHIFA HONEY ORANGE 500GR","PCS","CTN","2004000269410","796.9499999999999"
"3513000165","AL SHIFA HONEY BLACK FOREST 500GR","PCS","CTN","2004000269427","1152.875"
"3513000166","AL SHIFA HONEY 250 GR","PCS","CTN","2004000269434","271.6875"
"3513000167","AL SHIFA HONEY 500 GR","PCS","CTN","2004000150367","507.15000000000003"
"3513000168","AL SHIFA NATURAL HONEY JAR 1 KG","PCS","CTN","16281073210225","419.75"
"3513000169","AL SHIFA ALSHIFA HONEY 3KG","PCS","CTN","16281073210300","856.75"
"3513000170","AL SHIFA HONEY NATURAL 750GR","PCS","CTN","2004000269458","598"
"3513000171","AL SHIFA HONEY NATURAL 125GR","PCS","CTN","16281073210263","293.25"
"3513000172","AL SHIFA HONEY ACCASIA 250 GR","PCS","CTN","2004000153726","523.25"
"3513000173","AL SHIFA HONEY B/FOREST 250 GR","PCS","CTN","2004000153733","646.875"
"3513000176","AL SHIFA HONEY LIME 500 GR","PCS","CTN","2004000153740","796.9499999999999"
"3513000181","KAFE HONEY 500GR","PCS","CTN","2004000269588","244.95"
"3513000182","KAFE HONEY SQUEEZE 375GR","PCS","CTN","2004000269595","194.0625"
"3513000188","LANGNESE FOREST HONEY 250 GR","PCS","CTN","2004000269663","299"
"3513000190","LANGNESE HONEY-ACCASIA 250 GR","PCS","CTN","2004000269687","356.21250000000003"
"3513000193","NECTAFLOR MOUNTAIN BLOSSOM HONEY SUQEEZ 250GR","PCS","CTN","2004000244844","437"
"3513000195","NECTAFLOR HONEY-MOUNT BLOSSOM 250 GR","PCS","CTN","2004000269748","207"
"3513000196","NECTAFLOR HONEY BLOSSOM 250GR","PCS","CTN","2004000269755","102.63749999999999"
"3513000197","NECTAFLOR HONEY-ACACIA 250 GR","PCS","CTN","2004000151425","200.1"
"3513000198","NECTAFLOR BLOSSOM HONEY 60GR","PCS","CTN","2004000269786","276"
"3513000199","NECTAFLOR HONEY-FOREST 250GR","PCS","CTN","2004000151449","205.27499999999998"
"3513000200","NECTAFLOR BLOSSOM HONEY SQUEEZ 250 GR","PCS","CTN","2004000151418","264.5"
"3513000205","NECTAFLOR FOREST HONEY 60 GR","PCS","CTN","2006000377027","299"
"3513000215","DABUR HONEY 500GR","PCS","CTN","2005000339714","189.5775"
"3513000220","HONEYMOON SQUEEZY HONEY 250GR","PCS","CTN","2005000342851","342.7"
"3513000221","HONEYMOON SQUEEZY HONEY 500GR","PCS","CTN","2005000342868","540.5"
"3513000235","SUE BEE HONEY KINGLINE 8OZ","PCS","CTN","2006000370882","231.14999999999998"
"3513000237","SUE BEE HONEY K/LINE 16OZ","PCS","CTN","2006000370905","323.4375"
"3513000242","SUE BEE HONEY KINGLINE 12OZ SQUEEZE BEARS","PCS","CTN","2006000370950","267.95"
"3513000244","HERO HONEY PORTION 28.3GM 1 OZ","PCS","CTN","2004000213826","460"
"3513000274","HERO NATURAL BEE HONEY 360GM","PCS","CTN","2007000393383","250.6425"
"3513000276","CAPILANO HONEY SQUEEZE 400GR","PCS","CTN","2007000394274","432.4"
"3513000277","AL SHIFA HONEY 25GR","PCS","OUT","6281073210044","25.875"
"3513000277","AL SHIFA HONEY 25GR","PCS","CTN","6281073210027","253.00000000000003"
"3513000284","NECTAFLOR HONEY BLOSSOM BEE 28.3GR","PCS","CTN","2007000401668","299"
"3513000287","NECTAFLOR HONEY ACACIA 250GR SQU.","PCS","CTN","2007000401699","425.500115"
"3513000288","NECTAFLOR HONEY FOREST 250GR SQU.","PCS","CTN","2007000401705","382.95"
"3513000289","NECTAFLOR HONEY ROYAL JELLY 250GR SQU.","PCS","CTN","2007000401712","802.125"
"3513000335","SUE BEE HONEY ORANGE BLOSSOM 16OZ","PCS","CTN","2009000009196","307.9125"
"3513000345","HONEYMOON ORANGE BLOSSOM HONEY 250G","PCS","CTN","2011011021340","334.65000000000003"
"3513000347","HONEYMOON MOUNTAIN HONEY 250G","PCS","CTN","2011011021364","316.1925"
"3513000348","HONEYMOON HONEY & ROYAL JELLY 250G","PCS","CTN","2011011021401","374.9"
"3513000349","AL SHIFA HONEY SQUEEZE 250G","PCS","OFFER","6291058111761","24.15"
"3513000349","AL SHIFA HONEY SQUEEZE 250G","PCS","CTN","2011011031271","293.25"
"3513000350","AL SHIFA HONEY SQUEEZE 400G","PCS","CTN","2011011031288","481.5625"
"3513000363","AL SHIFA HONEY PORTION 30GR","PCS","OUT","2013011045593","124.2"
"3513000378","SARY HONEY 250 GM","PCS","CTN","2014011049437","139.15"
"3513000379","SARY HONEY 500 GM","PCS","CTN","2014011049444","253.00000000000003"
"3514000050","M.BSAT HALAWA PISTA 300GM","PCS","CTN","2008000420222","511.75"
"3514000054","M.BSAT HALAWA PLAIN 250GR","PCS","CTN","2004000170594","414"
"3514000064","M.BSAT HALAWA PISTA 550GR","PCS","CTN","2005000325236","374.9"
"3514000066","AL RABIH HALAWA PISTA 350 GR","PCS","CTN","2004000154303","284.625"
"3514000067","AL RABIH HALAWA PLAIN 700GR","PCS","CTN","2004000269892","350.6925"
"3514000068","AL RABIH HALAWA PISTA 700 GR","PCS","CTN","2004000154310","592.1925000000001"
"3514000069","AL RABIH HALAWA PLAIN 350 GR","PCS","CTN","2004000269908","199.8125"
"3514000085","M.BSAT HALAWA PLAIN 550GM","PCS","CTN","2004000170600","276"
"3514000087","HAWAII SML 25GM","PCS","OUT","6281004169229","13.88625"
"3514000087","HAWAII SML 25GM","PCS","OUT","6281004756023","13.88625"
"3514000094","HALAWANI HALAWA PLAIN 1 KG","PCS","CTN","2004000211815","524.6875"
"3514000096","HALAWANI HALAWA PLAIN 500 GR","PCS","CTN","2004001499540","284.625"
"3514000098","HALAWANI HALAWA PISTA 1 KG","PCS","CTN","2004000211839","638.25"
"3514000099","HALAWANI HALAWA COVERED PISTA 500GR","PCS","CTN","2004000211853","349.3125"
"3514000100","HALAWANI HALAWA CHOCOLATE 500GR","PCS","CTN","2004000211860","289.8"
"3514000112","HALAWANI HALAWA PLAIN PLASTIC 250GR","PCS","CTN","2007000404775","193.2"
"3514000113","HALAWANI HALAWA PISTA PLASTIC 250GR","PCS","CTN","2007000404782","233.45"
"3514000114","HALAWANI HALAWA DIABTICS 500GR","PCS","CTN","2007000404799","554.875"
"3514000129","AMEERA HALAWA PLAIN 1KG","PCS","CTN","2009000442023","333.78749999999997"
"3514000130","AMEERA HALAWA PLAIN 700GR","PCS","CTN","2009000442030","268.2375"
"3514000131","AMEERA HALAWA PLAIN 400GR","PCS","CTN","2009000442047","164.1625"
"3514000132","AMEERA HALAWA PISTA 1KG","PCS","CTN","2009000442054","434.125"
"3514000133","AMEERA HALAWA PISTA 700GR","PCS","CTN","2009000442061","349.02500000000003"
"3514000134","AMEERA HALAWA PISTA 400GR","PCS","CTN","2009000442078","195.5"
"3514000146","HALAWANI HALAWA FILLED W/ PISTA 500G","PCS","CTN","2011011022156","386.4"
"3515000037","M.BSAT TAHINA EXTRA 350GR","PCS","CTN","2004000170624","523.25"
"3515000038","AL RABIH TAHINA 700 GR","PCS","OFFER","5210037985606","44.073750000000004"
"3515000038","AL RABIH TAHINA 700 GR","PCS","CTN","2004000269953","449.9375"
"3515000039","AL RABIH TAHINA 350 GR","PCS","CTN","2004000269960","554.3000000000001"
"3515000041","M.BSAT TAHINA EXTRA SESAME OIL 700GR","PCS","CTN","2004000150213","502.55"
"3515000048","HALAWANI TAHINA LIQUID BOTTLE 500GR","PCS","CTN","2005000329791","402.4425"
"3515000050","HALAWANI TAHINA LIQUID JAR 1KG","PCS","CTN","2005000329777","631.0625"
"3515000051","HALAWANI TAHINA LIQUID TIN 1 KG","PCS","CTN","2004000149682","452.8125"
"3515000063","AMEERA TAHINA 900GR","PCS","CTN","2009000441996","396.75"
"3515000064","AMEERA TAHINA 600GR","PCS","CTN","2009000442009","278.24249999999995"
"3515000065","AMEERA TAHINA 400GR","PCS","CTN","2009000442016","193.1425"
"3515000086","SEHA FINEST TAHINA 400GM","PCS","PCS-2","6295151960561","12.9375"
"3515000086","SEHA FINEST TAHINA 400GM","PCS","OFFER","6297000102405","27.3125"
"3517000033","A.GARDEN PEANUT BUTTER CREAMY 18 OZ","PCS","CTN","2004000161202","235.46249999999998"
"3517000046","DABUR CHYAWANPRASH 500GR","PCS","CTN","2005000339691","362.25"
"3517000047","DABUR CHYAWANPRASH 1KG","PCS","CTN","2005000339707","319.9875"
"3517000049","FINETTI COLOR HAZELNUT CREAM 400GR","PCS","CTN","2004000082445","119.60000000000001"
"3517000050","FINETTI HAZELNUT CREAM 1KG","PCS","CTN","2004000244790","207"
"3517000057","PEZ HAPPY EASTER CHEWING GUM 25.5GM","PCS","CTN","2004000156093","342.9875"
"3517000061","A.GARDEN PEANUT BUTTER-STRWBERRY 18 OZ","PCS","CTN","2004000171232","263.235"
"3517000062","A.GARDEN PEANUT BUTTER CREAMY 12 OZ","PCS","CTN","2004000173762","273.125"
"3517000063","A.GARDEN PEANUT BUTTER-GRAPE JELLY 18 OZ","PCS","CTN","2004000205302","264.49931"
"3517000064","A.GARDEN P/B HONEY 18OZ","PCS","CTN","2004000205319","275.31"
"3517000065","A.GARDEN PEANUT BUTTER CHUNKY 18 OZ","PCS","CTN","2004000161172","235.46249999999998"
"3517000067","FINETTI DUO HAZELNUT CREAM 1KG","PCS","CTN","2006000376426","207"
"3517000068","A.GARDEN PEANUT BUTTER CHUNKY 12 OZ","PCS","CTN","2004000161189","273.125"
"3517000070","A.GARDEN PEANUT BUTTER CREAMY 28 OZ","PCS","CTN","2008000415549","540.5"
"3517000071","A.GARDEN PEANUT BUTTER CHUNKY 28 OZ","PCS","CTN","2008000415556","563.5"
"3517000075","GOODY PEANUT BUTTER CREAMY 510GR","PCS","CTN","2009000443327","323.15000000000003"
"3517000076","GOODY PEANUT BUTTER CHUNKY 510GR","PCS","CTN","2009000443334","122.475"
"3517000077","A.GARDEN P/B CREAMY R/FAT18OZ","PCS","CTN","2010198003507","247.5375"
"3517000078","A.GARDEN CHOCOLATE SYRUP S/FREE18.5OZ","PCS","CTN","2010198003514","309.0625"
"3517000080","GOODY PEANUT BUTTER CREAMY 340GM","PCS","CTN","2011011025997","263.35"
"3517000081","GOODY PEANUT BUTTER CHUNKY 340GM","PCS","CTN","2011011026000","376.91249999999997"
"3517000089","A.KITCHEN CREAMY PEANUT BUTTER 12 OZ","PCS","CTN","2015011052236","253.00000000000003"
"3517000090","A.KITCHEN CREAMY PEANUT BUTTER LITE 16 OZ","PCS","CTN","2015011052243","227.01"
"3517000092","A.KITCHEN CRUNCHY PEANUT BUTTER 12 OZ","PCS","CTN","2015011052250","241.5"
"3517000093","A.KITCHEN CRUNCHY PEANUT BUTTER 16 OZ","PCS","CTN","2015011052267","286.35"
"3517000094","A.KITCHEN PEANUT BUTTER HONEY 12 OZ","PCS","CTN","2015011052274","227.125"
"3517000095","A.KITCHEN PEANUT BUTTER DARK CHOCOLATE 12OZ","PCS","CTN","2015011052281","198.375"
"3519000023","NUTELLA CHOCOLATE CUP 15GR","PCS","CTN","08000500106877","180.55"
"3519000023","NUTELLA CHOCOLATE CUP 15GR","PCS","CTN","8000500045220","180.55"
"3519000026","NUTELLA CHOCOLATE JAR 200 GR","PCS","CTN","10062020020311","261.625"
"3519000027","NUTELLA CHOCALATES JAR 750 GM","PCS","CTN","08000500039625","537.05"
"3519000036","A.GARDEN SANDWICH SPREAD 16 OZ","PCS","CTN","2004000161233","283.9925"
"3519000037","A.GARDEN SANDWICH SPREAD 8 OZ","PCS","CTN","2004000161226","200.675"
"3519000049","ARMELLA HAZELNUT CREAM 2COLOR 500GR","PCS","CTN","2008000434427","96.6"
"3519000050","ARMELLA HAZELNUT CREAM 2COLOR 750GR","PCS","CTN","2008000434434","141.579375"
"3520000034","TEISSEIRE SYRUP GREEN MINT 700ML","PCS","CTN","2004000230144","156.4"
"3520000035","TEISSEIRE SYRUP ALMOND 700ML","PCS","CTN","2004000230151","156.4"
"3520000036","TEISSEIRE SYRUP ROSE 700ML","PCS","CTN","2004000230168","156.4"
"3520000038","TEISSEIRE SYRUP GRANATINE 700ML","PCS","CTN","2004000230199","156.3425"
"3520000039","ROH AFZA ROOHAFZA SYRUP 800ML","PCS","PCS-2","8964003481155","14.375"
"3520000039","ROH AFZA ROOHAFZA SYRUP 800ML","PCS","CTN","2004001498659","169.0385"
"3520000041","A.GARDEN PANCAKE&WAFFLE SYRUP","PCS","CTN","2004000206873","355.34999999999997"
"3520000042","A.GARDEN S/BERRY SYRUP 24 OZ","PCS","CTN","2004000209225","296.7"
"3520000043","A.GARDEN CHOCO SYRUP 24OZ","PCS","CTN","2004000171911","278.875"
"3520000044","SUNQUICK LEMON SYRUP 840ML","PCS","CTN","2004000226512","207.862385"
"3520000045","SUNQUICK ORANGE SYRUP 840ML","PCS","CTN","05775345853066","228.5625"
"3520000046","SUNQUICK COKTL SYRUP 840M@20%","PCS","CTN","5775345853059","132.82500000000002"
"3520000047","SUNQUICK MANGO SYRUP 840M@20%","PCS","CTN","2004000226710","224.25"
"3520000049","YAMAMA JUICE LEMON 1000ML","PCS","CTN","2004000154389","86.25"
"3520000050","YAMAMA DIBBS ROMAN 300ML","PCS","CTN","2004000239031","343.85"
"3520000051","YAMAMA DIBBS ROMMAN 750ML","PCS","CTN","2004000239048","303.6"
"3520000052","RABEE LEMON JUICE 440ML","PCS","CTN","2006000378512","164.45"
"3520000082","A.GARDEN CARAMEL SYRUP 24 OZ","PCS","CTN","2010198003521","326.025"
"3520000083","HERSHEYS CHOCOLATE SYRUP 650G","PCS","OFFER","6605010000473","31.9125"
"3522000033","AL ALALI CREAM DELIGHT 72 GR","PCS","CTN","2004000154815","94.875"
"3522000034","AL ALALI CREAM DELIGHT 144GR","PCS","CTN","2004000154822","175.375"
"3522000035","AL ALALI CREAM CARAMEL 70GR","PCS","OUT","2007000401644","36.225"
"3522000035","AL ALALI CREAM CARAMEL 70GR","PCS","OUT","617950207290","36.225"
"3522000035","AL ALALI CREAM CARAMEL 70GR","PCS","CTN","2004000270133","560.625"
"3522000041","F.CLARK CREAM CARAMEL 71GR","PCS","OUT2","5352101603129","30.762500000000003"
"3522000041","F.CLARK CREAM CARAMEL 71GR","PCS","OFFER","5352101034534","61.8125"
"3522000041","F.CLARK CREAM CARAMEL 71GR","PCS","OFFER","5352101038198","61.8125"
"3522000041","F.CLARK CREAM CARAMEL 71GR","PCS","OUT","5352101040474","61.8125"
"3522000041","F.CLARK CREAM CARAMEL 71GR","PCS","CTN","2004001485550","394.45000000000005"
"3522000042","ROYAL CREAM CARAMEL 77GR","PCS","OUT","6194020100797","36.225"
"3522000042","ROYAL CREAM CARAMEL 77GR","PCS","CTN","2004000215462","217.35"
"3522000044","GREENS CREAM CARAMEL 70G","PCS","OUT","5000318100947","34.2125"
"3522000044","GREENS CREAM CARAMEL 70G","PCS","CTN","2011011026437","458.85"
"3523000009","F.CLARK D\MIX 500GR","PCS","OUT2","5352101295799","34.2125"
"3523000010","AL ALALI DUMPLING MIX 453GR","PCS","CTN","2004000154693","133.3425"
"3523000020","GREENS DUMPLING MIX 500GM","PCS","CTN","2011011026567","89.7"
"3525000012","F.CLARK BAKING POWDER 110GR","PCS","CTN","2004000204510","358.51250000000005"
"3525000013","F.CLARK BICARBONATE OF SODA 150GR","PCS","CTN","2004000204527","81.64999999999999"
"3525000014","F.CLARK BAKING POWDER 225GR","PCS","CTN","2004000204619","465.75"
"3525000015","F.CLARK BAKING POWDER 450 GR","PCS","CTN","2004000204626","377.77500000000003"
"3525000023","GREENS BAKING POWDER 100GM","PCS","OUT","5000187123696","14.429625"
"3525000023","GREENS BAKING POWDER 100GM","PCS","CTN","2011011026581","175.0875"
"3527000008","AL ALALI VANILLA POWDER 20GR","PCS","OUT2","617950156031","29.6125"
"3527000008","AL ALALI VANILLA POWDER 20GR","PCS","OUT","2007000403051","63.25011500000001"
"3527000008","AL ALALI VANILLA POWDER 20GR","PCS","OUT","617950156017","63.25011500000001"
"3527000008","AL ALALI VANILLA POWDER 20GR","PCS","CTN","2007000403068","592.825"
"3527000009","AL ALALI BAKING POWDER 200GR","PCS","CTN","2007000403211","213.61249999999998"
"3527000010","AL ALALI BAKING POWDER 100GR","PCS","CTN","2007000403228","342.7"
"3528000011","DCL YEAST 4X11GR","PCS","OUT","3516664560004","71.2425"
"3528000011","DCL YEAST 4X11GR","PCS","OUT","5024760000228","71.2425"
"3528000012","DCL YEAST 500GR","PCS","CTN","3516664480005","376.625"
"3528000012","DCL YEAST 500GR","PCS","CTN","5024760000204","376.625"
"3528000013","DCL ACTIVE DRIED YEAST 125 GR","PCS","CTN","2004000195979","837.2"
"3528000014","BRUGGEMAN YEAST 500GR","PCS","CTN","2004000157274","190.785"
"3528000017","AL ALALI YEAST 4X11GR","PCS","OUT","617950171737","50.3125"
"3528000017","AL ALALI YEAST 4X11GR","PCS","CTN","2007000403082","304.75011499999994"
"3529000013","F.CLARK ESSENCE BANANA 28ML","PCS","OUT","2005000350795","39.9625"
"3529000013","F.CLARK ESSENCE BANANA 28ML","PCS","CTN","2004000204633","481.275"
"3529000014","F.CLARK ESSENCE STRAWBERRY 28ML","PCS","OUT","2007000405161","37.95"
"3529000014","F.CLARK ESSENCE STRAWBERRY 28ML","PCS","CTN","2004000204640","460"
"3529000015","F.CLARK ESSENCE RASPBERRY 28ML","PCS","OUT","2011011020510","37.95"
"3529000015","F.CLARK ESSENCE RASPBERRY 28ML","PCS","CTN","2004000204657","455.4"
"3529000016","F.CLARK ESSENCE PINEAPPLE 28ML","PCS","OUT","2004001485833","39.675"
"3529000016","F.CLARK ESSENCE PINEAPPLE 28ML","PCS","CTN","2004000204671","483"
"3529000017","F.CLARK ESSENCE ROSE 28ML","PCS","OUT","2011011020527","37.95"
"3529000017","F.CLARK ESSENCE ROSE 28ML","PCS","CTN","2004000204688","455.4"
"3529000018","F.CLARK ESSENCE ORANGE 28ML","PCS","OUT","2005000350771","37.95"
"3529000018","F.CLARK ESSENCE ORANGE 28ML","PCS","CTN","2004000204695","455.4"
"3529000019","F.CLARK ESSENCE VANILLA 28ML","PCS","OUT","2004000154617","42.262499999999996"
"3529000019","F.CLARK ESSENCE VANILLA 28ML","PCS","OUT","5023659209179","42.262499999999996"
"3529000019","F.CLARK ESSENCE VANILLA 28ML","PCS","CTN","2004000204930","507.15000000000003"
"3529000024","NATCO ESSENCE VANILLA 28ML","PCS","CTN","2007000405697","27.599999999999998"
"3530000032","FC CUSTARD POWDER 300G","PCS","OFFER","5023659202477","16.9625"
"3530000032","FC CUSTARD POWDER 300G","PCS","CTN","2004000204718","299"
"3530000033","F.CLARK CUSTARD POWDER 450 GR","PCS","CTN","2004000204725","294.1125"
"3530000034","AL ALALI CUSTARD POWDER 450GR","PCS","CTN","2004000154839","272.55"
"3530000054","GREENS CUSTARD POWDER 454GM","PCS","CTN","2011011026550","186.3"
"3531000028","HEINZ VINEGAR-APPLE 32OZ","PCS","CTN","2008000424251","244.89249999999996"
"3531000038","AL SULTAN YELLOW FLOUR (BEISEN) 1 KG","500GR","1KG","1000063100586","7.4750000000000005"
"3531000039","F.CLARK CORN FLOUR PKTS 400GR","PCS","CTN","2004000204756","205.85"
"3531000040","F.CLARK CORN FLOUR IN TINS 400GR","PCS","CTN","2004000204732","253.57500000000002"
"3531000041","F.CLARK CORN FLOUR PKTS 200 GR","PCS","CTN","2004000204749","227.7"
"3531000045","AFM SEMOLINA SOFT 1KG","500GR","KG","1000064300404","5.4625"
"3531000045","AFM SEMOLINA SOFT 1KG","500GR","50KG","3030000000015","287.5"
"3531000046","AFM SEMOLINA HARD 1KG","500GR","KG","1000064300411","5.4625"
"3531000046","AFM SEMOLINA HARD 1KG","500GR","50KG","2004000075493","287.5"
"3531000048","AFM WHEAT 1KG","PCS","500GR","3030000000346","2.2885"
"3531000048","AFM WHEAT 1KG","PCS","KG","1000051900211","4.3125"
"3531000052","AFM FLOUR NO.1 50KG","SIZE-1","4KG","3030000001160","13.225000000000001"
"3531000052","AFM FLOUR NO.1 50KG","SIZE-1","5KG","3030000001041","31.05"
"3531000052","AFM FLOUR NO.1 50KG","SIZE-1","50KG","2004000113560","172.5"
"3531000053","AFM FLOUR NO.2 50KG","SIZE-1","5KG","3030000001042","21.85"
"3531000053","AFM FLOUR NO.2 50KG","SIZE-1","50KG","2004000113577","176.52499999999998"
"3531000054","AL ALALI CORN FLOUR 450GR","PCS","CTN","2004000154730","244.95"
"3531000057","AL ALALI CORN FLOUR 400GR.","PCS","CTN","2004000154723","156.6875"
"3531000070","SAFA CORN FLOUR (PACKET) 400 GR","PCS","CTN","2004000166054","124.2"
"3531000074","SAFA SEMOLINA 500G","PCS","CTN","2006000363563","262.1425"
"3531000076","HOME PRIDE RAISING FLOUR 1KG","PCS","CTN","2004000214793","141.45"
"3531000077","HOME PRIDE PLAIN FLOUR 1KG","PCS","CTN","2004000214809","166.75"
"3531000096","AFM HAREES 1KG","500GR","KG","2007000406151","5.4625"
"3531000103","GOLD MEDAL GMKT FLOUR 2KG","PCS","CTN","2008000436186","217.35"
"3531000105","NATCO CORN FLOUR 400GR","PCS","CTN","2008000438999","101.775"
"3531000118","GREENS CORN FLOUR 400GM","PCS","CTN","2011011026574","111.09"
"3531000130","JENAN ALL PURPOSE FLOUR1KG","PCS","CTN","2013011044282","60.375"
"3531000131","JENAN CHAPPATHI ATTA 2KG","PCS","CTN","2013011044299","103.44250000000001"
"3531000132","JENAN CHAPPATHI ATTA 5KG","PCS","CTN","2013011044305","97.69250000000001"
"3532000002","F.CLARK FOOD COLOUR YELLOW 28ML","PCS","OUT","2005000350764","29.0375"
"3532000002","F.CLARK FOOD COLOUR YELLOW 28ML","PCS","CTN","2004000204992","347.3"
"3532000003","F.CLARK FOOD COLOUR RED 28ML","PCS","OUT","2005000350788","43.6425"
"3532000003","F.CLARK FOOD COLOUR RED 28ML","PCS","CTN","2004000205005","523.8249999999999"
"3532000004","F.CLARK FOOD COLOUR GREEN 28ML","PCS","OUT","2011011020503","43.125"
"3532000004","F.CLARK FOOD COLOUR GREEN 28ML","PCS","CTN","2004000205012","517.5"
"3532000005","F.CLARK FOOD COLOUR BLUE 28ML","PCS","OUT","2004001485826","37.95"
"3532000005","F.CLARK FOOD COLOUR BLUE 28ML","PCS","CTN","2004000205029","455.4"
"3532000011","TAJ MAHAL SAFFRON 2GR","PCS","CTN","2004000063148","747.5"
"3532000012","TAJ MAHAL SAFFRON 4GR","PCS","CTN","2004000229148","1414.5"
"3532000025","TAJ MAHAL SAFFRON 1GR","PCS","CTN","2009000446946","444.36"
"3535000037","D.FRESH ROSE SYRUP 725ML","PCS","CTN","2004000155232","82.11000000000001"
"3535000038","D.FRESH ROSE WATER 400ML","PCS","CTN","2004000155249","26.565"
"3535000039","KASSATLY FLOWER WATER 9OZ","PCS","CTN","2009000010512","270.25"
"3535000040","KASSATLY ROSE WATER 9OZ","PCS","CTN","2009000010529","270.25"
"3535000041","KASSATLY FLOWER WATER 19OZ","PCS","CTN","2009000010536","259.9"
"3535000042","KASSATLY ROSE WATER 19OZ","PCS","CTN","2009000010543","258.75"
"3535000043","RABEE ROSE WATER 1L","PCS","CTN","2005000346545","198.95"
"3535000046","RABEE ROSE WATER 430ML","PCS","CTN","2004001497980","164.45"
"3535000047","RABEE ROSE WATER 2LT","PCS","CTN","2004000181248","189.6925"
"3535000048","YAMAMA FLOWER WATER 750 ML","PCS","CTN","2004000154341","174.51250000000002"
"3535000049","YAMAMA ROSE WATER 750ML","PCS","CTN","2004000154365","174.51250000000002"
"3535000050","YAMAMA ROSE WATER 300 ML","PCS","CTN","2004000154372","175.95000000000002"
"3535000051","YAMAMA FLOWER WATER 300 ML","PCS","CTN","2004000154358","180.2625"
"3535000056","NATCO ROSE WATER 450ML","PCS","CTN","2007000394410","26.565"
"3537000027","SAFA BREAD CRUMBS 15 OZ","PCS","CTN","2004000166061","110.39999999999999"
"3537000028","A.GARDEN BREAD CRUMBS GARLIC 15OZ","PCS","CTN","2004000173700","189.175"
"3537000031","A.GARDEN BREAD CRUMBS 8OZ","PCS","CTN","2004000173793","119.02499999999999"
"3537000049","A.KITCHEN BREAD CRUMBS HOT & SPICY 425GM","PCS","CTN","2015011051819","173.59249999999997"
"3537000050","A.KITCHEN BREAD CRUMBS GARLIC 425GM","PCS","CTN","2015011051802","173.65"
"3537000051","A.KITCHEN BREAD CRUMBS ITALIAN 425GM","PCS","CTN","2015011051826","173.59249999999997"
"3537000053","A.KITCHEN BREAD CRUNBS PLAIN 680GM","PCS","CTN","2015011051840","161"
"3538000021","SIS RAW SUGAR 1KG","PCS","CTN","2005000319563","460"
"3538000022","AL SULTAN SUGAR 50KG","SIZE-1","SIZE-2","1000063800165","17.238500000000002"
"3538000022","AL SULTAN SUGAR 50KG","SIZE-1","50KG","2004000032588","216.2"
"3538000028","FAL WHITE BRIDGE SUGAR 450GR","PCS","CTN","2004001493920","163.0125"
"3538000031","LUMP SUGAR 400 GR","PCS","CTN","2004000158509","163.0125"
"3538000036","SAFA SUGAR CUBE 1 KG","PCS","CTN","2004000166153","132.25"
"3538000038","SIS CASTER SUGAR 1 KG","PCS","CTN","2004000053897","314.525"
"3538000040","SIS CUBE WHITE SUGAR 500GM","PCS","CTN","2004000157281","269.09999999999997"
"3538000041","SIS ICING SUGAR 500GR","PCS","CTN","2004000158462","224.25"
"3538000042","SIS FRUIT SUGAR 500 GR","PCS","CTN","2004000222972","164.3925"
"3538000043","SIS SUGAR SINGAPORE 2KG","PCS","CTN","08888167235020","156.975"
"3538000062","SIS SUGAR BROWN 1KG","PCS","CTN","2008000438715","480.4125"
"3538000063","SIS RAW SUGAR CUBE 500GM","PCS","CTN","2008000438722","418.6"
"3538000064","TATE&LYLE ICING SUGAR 500GR","PCS","CTN","2009000441361","112.125"
"3538000065","TATE&LYLE GRANULATED SUGAR 2KG","PCS","CTN","2009000441378","99.1875"
"3538000066","TATE&LYLE LIGHT BROWN SUGAR 500GR","PCS","CTN","2009000441385","111.54884999999999"
"3538000067","TATE&LYLE LIGHT DARK SUGAR 500GR","PCS","CTN","2009000441392","111.54884999999999"
"3538000068","TAIKOO CUBE SUGAR 454GR","PCS","CTN","2009000441408","189.75"
"3538000069","MAJESTIC WHITE SUGAR STICKS 350GR","PCS","CTN","2009000441675","264.5"
"3538000070","MAJESTIC BROWN SUGAR STICKS 350GR","PCS","CTN","2009000441682","299.575"
"3539000002","KABATILO FALAFEL 500G","PCS","CTN","2012011034736","485.875115"
"3540000072","BETTY CROCKER CAKE MIX YELLOW 500GR","PCS","CTN","2005000333019","147.20000000000002"
"3540000077","AL ALALI PANCAKE MIX 454GR","PCS","CTN","2004000155904","131.1"
"3540000079","A.GARDEN C\MIX S\B 500GR","PCS","CTN","2004000171218","147.20000000000002"
"3540000080","A.GARDEN C\MIX VANILLA 500GR","PCS","CTN","2004000171225","162.725"
"3540000081","A.GARDEN CAKE MIX CHOCO 500GR","PCS","CTN","2004000172260","157.4925"
"3540000083","DREAMWHIP WHIP 144GR","PCS","CTN","10043000359607","172.5"
"3540000083","DREAMWHIP WHIP 144GR","PCS","CTN","7622300470319","172.5"
"3540000084","DREAMWHIP WHIP 72GR","PCS","CTN","10043000359706","106.93849999999999"
"3540000084","DREAMWHIP WHIP 72GR","PCS","CTN","7622300470333","106.93849999999999"
"3540000085","AL ALALI CAKE MIX LEMON 524 GR","PCS","CTN","2004000154600","176.8125"
"3540000087","AL ALALI CAKE MIX COCONUT 500 GR","PCS","CTN","2004000154655","178.25"
"3540000089","AL ALALI CAKE MIX STRAWBERRY 524 GR","PCS","CTN","2004000154648","176.8125"
"3540000090","AL ALALI CAKE MIX CHOCOLATE 500 GR","PCS","CTN","2004000154624","172.2125"
"3540000091","AL ALALI CAKE MIX ORANGE 500GR","PCS","CTN","2004000154594","172.2125"
"3540000092","AL ALALI CAKE MIX YELLOW 524 GR","PCS","CTN","2004000154587","174.8"
"3540000093","AL ALALI CAKE MIX WHITE 524 GR","PCS","CTN","2004000154570","215.05"
"3540000094","AL ALALI CAKE MIX POUND 481 GR","PCS","CTN","2004000154631","183.71249999999998"
"3540000095","AL ALALI CAKE MIX PINEAPPLE 524 GR","PCS","CTN","2004000154686","189.75"
"3540000096","AL ALALI CAKE MIX MARBLE 500 GR","PCS","CTN","2004000154679","188.3125"
"3540000097","BEST MIX BASBOUSAH MIX 450 gr","PCS","CTN","2004000153917","105.65625"
"3540000103","BEST MIX DONUT MIX 500 GR","PCS","CTN","06400366","111.550115"
"3540000114","PILLSBURY C/MIX GOLDEN VANILLA 485GR","PCS","CTN","2005000359552","170.14249999999998"
"3540000115","BETTY CROCKER CAKE MIX- BUTTER MILK PANCAKE 32 OZ","PCS","CTN","2005000333064","229.425"
"3540000116","BETTY CROCKER CAKE MIX ORANGE 500GR","PCS","CTN","2004000217268","147.20000000000002"
"3540000117","BETTY CROCKER CAKE MIX LEMON 500GR","PCS","CTN","2004000217275","185.725"
"3540000118","BETTY CROCKER CAKE MIX-DARK CHOCOLATE 500GR","PCS","CTN","2004000217282","132.82500000000002"
"3540000119","BETTY CROCKER CAKE M/CHOCO 500GR","PCS","CTN","2004000217299","132.82500000000002"
"3540000120","BETTY CROCKER CAKE MIX WHITE 500GR","PCS","CTN","2004000217305","138.8625"
"3540000123","BETTY CROCKER CAKE W/CHOCO 500GR","PCS","CTN","2004000217336","221.8925"
"3540000124","BETTY CROCKER CAKE MIX STRAWBERRY 500GR","PCS","CTN","2004000217343","132.82500000000002"
"3540000126","BETTY CROCKER CAKE MIX - FRENCH VANILLA 500GR","PCS","CTN","2004000217367","132.82500000000002"
"3540000134","PILLSBURY CAKEMIX COCO 485GR","PCS","CTN","2004000177913","170.14249999999998"
"3540000135","PILLSBURY CAKEMIX DARK CHOCOLATE 485GR","PCS","CTN","2004000177906","172.2125"
"3540000136","PILLSBURY C/MIX YELLOW 485GR","PCS","CTN","2004000177890","166.75"
"3540000137","PILLSBURY CAKEMIX WHITE 485GR","PCS","CTN","2004000177883","172.2125"
"3540000138","PILLSBURY C/MIX FUNFETTI 485GR","PCS","CTN","2004000177876","141.45"
"3540000139","PILLSBURY FROSTING STRAWBERRY 453GR","PCS","CTN","2004000177852","139.15"
"3540000140","PILLSBURY FROSTING CHOCLATE FUDGE 453GR","PCS","CTN","2004000177845","139.15"
"3540000141","PILLSBURY FROSTING VANILLA 453GR","PCS","CTN","2004000177838","140.01250000000002"
"3540000142","PILLSBURY C/MIX ORANGE 485GR","PCS","CTN","2004000177708","143.75"
"3540000143","PILLSBURY C/MIX LEMON 485GR","PCS","CTN","2004000177715","171.0625"
"3540000145","BEST MIX PIZZA BASE MIX 450GR","PCS","CTN","2007000390238","111.550115"
"3540000147","AL ALALI BASBOUSAH MIX 500GR","PCS","CTN","2007000399224","143.75"
"3540000148","PILLSBURY PANCAKE MIX 500GR","PCS","CTN","2007000400111","170.2"
"3540000156","AL ALALI RICH COCOA 225GR","PCS","CTN","2007000403112","434.6425"
"3540000159","GITTS GULAB JAMUN MIX 200GR","PCS","CTN","2007000405703","110.39999999999999"
"3540000168","BETTY CROCKER DELIGHT C/MIX CHO.2IN1 600GR","PCS","CTN","2008000436100","187.45"
"3540000169","BETTY CROCKER FUDG BRROWNI MIX 19.5OZ","PCS","CTN","2008000436124","276"
"3540000170","BETTY CROCKER B.B MUFIN MIX 16.5OZ","PCS","CTN","2008000436131","182.85000000000002"
"3540000173","BETTY CROCKER CHOCOL CHUNK 500GR","PCS","CTN","2008000436162","258.175"
"3540000174","BETTY CROCKER FROSTING CHOCOLATE 16OZ","PCS","CTN","2008000436179","87.400115"
"3540000184","PILLSBURY FROSTING MILK CHOCOLATE 453GR","PCS","CTN","2012011037492","139.15"
"3540000200","F.CLARK WHIPPED TOPPING MIX 72GM","PCS","OUT","5352101004940","45.137615000000004"
"3541000141","F.CLARK JELLY STRAWBERRY 85GR","PCS","OUT2","5352101058264","17.825"
"3541000141","F.CLARK JELLY STRAWBERRY 85GR","PCS","OFFER","5023659203023","35.9375"
"3541000141","F.CLARK JELLY STRAWBERRY 85GR","PCS","OFFER","5023659930738","35.9375"
"3541000141","F.CLARK JELLY STRAWBERRY 85GR","PCS","OUT","5352101006173","35.9375"
"3541000141","F.CLARK JELLY STRAWBERRY 85GR","PCS","OUT","5352101032615","35.9375"
"3541000141","F.CLARK JELLY STRAWBERRY 85GR","PCS","CTN","2004000149361","428.93850000000003"
"3541000145","F.CLARK JELLY PINEAPPLE 85GR","PCS","OFFER","2010000025956","18.975"
"3541000145","F.CLARK JELLY PINEAPPLE 85GR","PCS","OUT","2004000113652","37.6625"
"3541000145","F.CLARK JELLY PINEAPPLE 85GR","PCS","OUT","5352101529306","37.6625"
"3541000145","F.CLARK JELLY PINEAPPLE 85GR","PCS","CTN","2004000149316","448.5"
"3541000146","F.CLARK JELLY ORANGE 85GR","PCS","OUT","5352101553158","37.6625"
"3541000146","F.CLARK JELLY ORANGE 85GR","PCS","CTN","2004000149392","431.25"
"3541000153","SAFA JELLY ORANGE 75GR","PCS","OFFER","2005000349461","20.125"
"3541000153","SAFA JELLY ORANGE 75GR","PCS","OFFER","5000318100978","20.125"
"3541000153","SAFA JELLY ORANGE 75GR","PCS","OFFER","6290050400903","20.125"
"3541000162","ROYAL CHEERY JELLY 85GR","PCS","OUT","6291104331280","26.7375"
"3541000162","ROYAL CHEERY JELLY 85GR","PCS","OUT","7622300539979","26.7375"
"3541000162","ROYAL CHEERY JELLY 85GR","PCS","CTN","2004000215578","159.85011500000002"
"3541000167","ROYAL STRWBERRY JELLY 85GR","PCS","OUT","6291104331266","30.762500000000003"
"3541000167","ROYAL STRWBERRY JELLY 85GR","PCS","OUT","7622300539580","30.762500000000003"
"3541000167","ROYAL STRWBERRY JELLY 85GR","PCS","CTN","2004000216384","184.000115"
"3541000172","AL ALALI GELATIN CHERRY 85GR","PCS","OUT","3030000000857","33.2925"
"3541000172","AL ALALI GELATIN CHERRY 85GR","PCS","CTN","2007000403136","234.025"
"3541000173","AL ALALI GELATIN STRAWBERRY 85GR","PCS","OUT","3030000000856","36.225"
"3541000173","AL ALALI GELATIN STRAWBERRY 85GR","PCS","CTN","2007000403143","217.35"
"3541000174","AL ALALI GELATIN ORANGE 85GR","PCS","CTN","2007000403150","217.35"
"3541000175","AL ALALI GELATIN LEMON 85GR","PCS","CTN","2007000403167","217.35"
"3541000176","AL ALALI GELATIN LIME 85GR","PCS","OUT","2017011053855","34.2125"
"3541000176","AL ALALI GELATIN LIME 85GR","PCS","CTN","2007000403174","204.125"
"3541000178","ROYAL R\BERRY JELLY 85GR","PCS","OUT","6291104331273","25.29954"
"3541000178","ROYAL R\BERRY JELLY 85GR","PCS","OUT","7622300539931","25.29954"
"3541000178","ROYAL R\BERRY JELLY 85GR","PCS","CTN","2007000405321","142.485"
"3541000183","F.CLARK JELLY APRICOT 85GR","PCS","OUT","2008000429164","34.2125"
"3541000183","F.CLARK JELLY APRICOT 85GR","PCS","OUT","5352101000898","34.2125"
"3541000183","F.CLARK JELLY APRICOT 85GR","PCS","CTN","2008000429171","410.2625"
"3541000184","F.CLARK JELLY CHERRY 85GR","PCS","OFFER","5023659203016","35.9375"
"3541000184","F.CLARK JELLY CHERRY 85GR","PCS","OFFER","5023659930745","35.9375"
"3541000184","F.CLARK JELLY CHERRY 85GR","PCS","OUT","2008000429188","35.9375"
"3541000184","F.CLARK JELLY CHERRY 85GR","PCS","OUT","5352101006210","35.9375"
"3541000184","F.CLARK JELLY CHERRY 85GR","PCS","OUT","5352101052484","35.9375"
"3541000184","F.CLARK JELLY CHERRY 85GR","PCS","CTN","2008000429201","428.93850000000003"
"3541000185","F.CLARK JELLY LEMON 85GR","PCS","OUT","2008000429218","34.2125"
"3541000185","F.CLARK JELLY LEMON 85GR","PCS","OUT","5352101008238","34.2125"
"3541000185","F.CLARK JELLY LEMON 85GR","PCS","CTN","2008000429225","409.40000000000003"
"3541000186","F.CLARK JELLY LIME 85GR","PCS","OUT","2008000429232","37.6625"
"3541000186","F.CLARK JELLY LIME 85GR","PCS","OUT","5352101079887","37.6625"
"3541000186","F.CLARK JELLY LIME 85GR","PCS","CTN","2008000429249","448.5"
"3541000187","F.CLARK JELLY MANGO 85GR","PCS","OUT","2008000429256","34.2125"
"3541000187","F.CLARK JELLY MANGO 85GR","PCS","OUT","5352101026133","34.2125"
"3541000187","F.CLARK JELLY MANGO 85GR","PCS","CTN","2008000429263","409.6875"
"3541000188","F.CLARK JELLY PEACH 85GR","PCS","OUT","2008000429270","23.54625"
"3541000188","F.CLARK JELLY PEACH 85GR","PCS","OUT","5352101374012","23.54625"
"3541000188","F.CLARK JELLY PEACH 85GR","PCS","CTN","2008000429287","265.65000000000003"
"3541000189","F.CLARK JELLY RASPBERRY 85GR","PCS","OFFER","5023659203009","35.9375"
"3541000189","F.CLARK JELLY RASPBERRY 85GR","PCS","OFFER","5023659930752","35.9375"
"3541000189","F.CLARK JELLY RASPBERRY 85GR","PCS","OUT","2008000429294","35.9375"
"3541000189","F.CLARK JELLY RASPBERRY 85GR","PCS","OUT","5352101006203","35.9375"
"3541000189","F.CLARK JELLY RASPBERRY 85GR","PCS","OUT","5352101489808","35.9375"
"3541000189","F.CLARK JELLY RASPBERRY 85GR","PCS","CTN","2008000429300","428.93850000000003"
"3541000190","F.CLARK JELLY SBERRY/BANANA 85GR","PCS","OFFER","5023659203412","34.2125"
"3541000190","F.CLARK JELLY SBERRY/BANANA 85GR","PCS","OFFER","5023659930769","34.2125"
"3541000190","F.CLARK JELLY SBERRY/BANANA 85GR","PCS","OUT","2008000429317","34.2125"
"3541000190","F.CLARK JELLY SBERRY/BANANA 85GR","PCS","OUT","5352101009488","34.2125"
"3541000190","F.CLARK JELLY SBERRY/BANANA 85GR","PCS","CTN","2008000429324","409.40000000000003"
"3541000202","GREENS JELLY STRAWBERRY 80GM","PCS","OUT","5000318100961","24.15"
"3541000202","GREENS JELLY STRAWBERRY 80GM","PCS","CTN","2011011026451","144.9"
"3541000203","GREENS JELLY CHERRY 80GM","PCS","OUT","5000318100985","24.15"
"3541000203","GREENS JELLY CHERRY 80GM","PCS","CTN","2011011026475","144.9"
"3541000204","GREENS JELLY PINEAPPLE 80GM","PCS","OUT","5000318100992","24.15"
"3541000204","GREENS JELLY PINEAPPLE 80GM","PCS","CTN","2011011026482","144.9"
"3541000205","GREENS JELLY ORANGE 80GM","PCS","OUT","5000318101005","24.15"
"3541000205","GREENS JELLY ORANGE 80GM","PCS","CTN","2011011026499","144.9"
"3541000206","GREENS JELLY MANGO 80GM","PCS","OUT","5000318106598","24.15"
"3541000206","GREENS JELLY MANGO 80GM","PCS","CTN","2011011026505","144.9"
"3541000207","GREENS JELLY MIXED FRUIT 80GM","PCS","OUT","5000318106703","24.15"
"3541000207","GREENS JELLY MIXED FRUIT 80GM","PCS","CTN","2011011026512","144.9"
"3541000223","DAVIS GELATINE 125GM","PCS","OUT","2013011044381","208.724885"
"3543000022","VIRGINIA SEMOLINA 500GR","PCS","CTN","2004000236276","181.125"
"3544000002","AL ALALI MUHALLABIA MIX 96GR","PCS","CTN","2007000403044","228.5625"
"3544000004","F.CLARK MUHALLABIA 85GR","PCS","OFFER","5023659207298","16.9625"
"3544000004","F.CLARK MUHALLABIA 85GR","PCS","OUT","2008000429584","52.0375"
"3544000004","F.CLARK MUHALLABIA 85GR","PCS","OUT","5352101426162","52.0375"
"3544000004","F.CLARK MUHALLABIA 85GR","PCS","CTN","2008000429591","311.65"
"3544000016","GREENS MUHALLABIA 85GM","PCS","OUT","5000318100954","19.92375"
"3544000016","GREENS MUHALLABIA 85GM","PCS","OUT","5000318109148","19.92375"
"3544000016","GREENS MUHALLABIA 85GM","PCS","CTN","2011011026536","236.67000000000004"
"5003000016","IDEAL HOME SOFT BROOMS COLOR","PCS","CTN","2004000158639","197.79999999999998"
"5008000019","LINIA BANNISTER BRUSH-BLACK SYNTHETIC 1 PC","PCS","OUT","2004000135043","101.14250000000001"
"5014000173","BA AZEEM HARD SCRUBBER 3PCS","PCS","CTN","2004000158820","199.23749999999998"
"5014000186","LINIA S\METAL 10X45CM","SIZE-1","CTN","2004000291374","212.75"
"5014000189","LINIA LAVATORY BRUSH-PPN SYNTHETIC FIL. 10 PC","PCS","CTN","2004000292081","135.700115"
"5014000196","HTE BROOM ARISTELLA","PCS","CTN","2005000337529","123.05000000000001"
"5014000197","HTE ARS-105 BROOM ARIELLA","PCS","CTN","2005000337536","126.78750000000001"
"5014000198","HTE ARS-106 BROOM SANNIA-ORO","PCS","CTN","2005000337543","138.8625"
"5014000199","HTE ARS-107 MERCURY BROOM","PCS","CTN","2005000337550","148.35"
"5014000200","HTE ARS-108 BROOM SUOERIOR","PCS","CTN","2005000337567","166.75"
"5014000201","HTE ARS-110 BROOM S.TIGRAIA","PCS","CTN","2005000337574","343.85"
"5014000202","HTE ARS-111 BROOM DECOR","PCS","CTN","2005000337581","193.2"
"5014000205","HTE ARS-115 BROOM MOQUETTE","PCS","CTN","2005000337611","212.75"
"5014000206","HTE ARS-117 BROOM SANREMO","PCS","CTN","2005000337628","189.75"
"5014000210","HTE ARS-301 BROOM MASTER","PCS","CTN","2005000337666","185.725"
"5014000211","HTE ARS-317 PLASTIC F.SQUEEGEE 33 CM","PCS","CTN","2005000337673","214.935"
"5014000212","HTE ARS-318 PLASTIC F.SQUEEGEE 44CM","PCS","CTN","2005000337680","243.915"
"5014000213","HTE ARS-405 WASHING BRUSH","PCS","CTN","2005000337697","169.04999999999998"
"5014000214","HTE ARS-808 BIG SHOVEL W/ BRUSH","PCS","CTN","2005000337703","148.92499999999998"
"5014000340","DUBAI COASTER ROUND 12PCS","PCS","CTN","2004000190769","12.075"
"5014000370","SUPER SCRUB BRUSH SYNTHETIC","PCS","CTN","2007000409664","178.25"
"5014000371","SUPER LAVATORY BRUSH SET","SIZE-1","CTN","2007000409671","178.25"
"5014000372","SUPER S\METAL 10X35CM","PCS","CTN","2007000409688","212.75"
"5014000388","SUPER C17 WHITE YAM MOP S-1 WITH HANDLE","PCS","CTN","2007000409855","878.5999999999999"
"5014000389","SUPER C18 WHITE YAM MOP SMALL WITH HANDLE","PCS","CTN","2007000409862","738.3"
"5014000390","SUPER C20 YELLOW MOP BIG WITH HANDLE","PCS","CTN","2007000409879","966"
"5014000394","SUPER C22 BLUE PRINTED MOP BIG","PCS","CTN","2007000409923","335.8"
"5017000007","BA AZEEM TOILET PUMP SMALL","PCS","CTN","2004000158875","79.35"
"5030000028","MULTY CLOTH A\P 3PCS","PCS","CTN","2008000417413","253.57500000000002"
"5030000029","MULTY CLOTH ALL PURPOSE 10PCS","PCS","CTN","2008000417420","456.435"
"5030000032","SALWA TOWEL 1PC TO06","PCS","OUT","2009000445468","12.075"
"5035000063","FALCON PLASTIC EMBOSSED GLOVES 100PC","PCS","CTN","2005000333217","227.7"
"5042000063","SUPER PS18A METAL POT SCOURER 3PCS","PCS","CTN","2007000410035","271.4"
"5042000064","CORAZZI XR 639 SILVER 2 PIN SPONGE","PCS","CTN","2005000322815","82.8"
"5042000069","CORAZZI 3 SIMBA SUPER POT SCOURER","PCS","CTN","2005000322792","108.675"
"5042000075","CORAZZI XY946MAGIC METAL 3P","PCS","CTN","2004000252795","197.79999999999998"
"5042000077","CORAZZI CZ160-SPONGE GRINTA 2P 1 pc","PCS","CTN","2004000292333","96.6"
"5042000078","CORAZZI XR805 SPONGE ARCOBALENO 5P","PCS","CTN","2004000292340","166.75"
"5042000079","CORAZZI XR628 SPONGE BLITZ 4P","PCS","CTN","2004000292357","63.5375"
"5042000080","CORAZZI CZ185-SPONGE MANHATTAN 10P 24 pc","PCS","CTN","2004000292364","156.975"
"5042000081","CORAZZI CZ105-SIMBA SILVER 2P 1 pc","PCS","CTN","2004000292388","78.4875"
"5042000082","CORAZZI CZ130-SIMBA COLOR 5P","PCS","CTN","2004000292395","115"
"5042000084","CORAZZI XY945 MAGIC METAL 2P","PCS","CTN","2004000292746","200.1"
"5042000087","MULTY SPONGE 5PCS","PCS","CTN","2004000292425","374.325"
"5042000088","MULTY SPONGE CLOUR 5PCS","PCS","CTN","2004000292432","304.29"
"5042000123","S.SPONGEX G12 SCOURING SPONGE 5PCS","PCS","CTN","2004000217589","226.54999999999998"
"5042000127","SUPER 55 SCOURING PAD IN SLEEVES 5PCS","PCS","CTN","2004000227540","391"
"5042000129","SUPER G11 GROOVED SPONGE 2PCS","PCS","OUT","2007000410011","20.987614999999998"
"5042000129","SUPER G11 GROOVED SPONGE 2PCS","PCS","CTN","2007000410028","207.8625"
"5042000130","SUPER HG2 HQ SPONGE WITH SCRUBBER 2PCS","PCS","OUT","50426630","95.16250000000001"
"5042000130","SUPER HG2 HQ SPONGE WITH SCRUBBER 2PCS","PCS","CTN","2004000227779","284.05"
"5042000131","SUPER HG3 HQ SPONGE WITH SCRUBBER 3PCS","PCS","CTN","2005000354724","281.75"
"5042000132","SUPER 5OAH-COLOUR COMBO 10PCS","PCS","OUT","50426636","109.1925"
"5042000132","SUPER 5OAH-COLOUR COMBO 10PCS","PCS","CTN","2004000227793","477.25000000000006"
"5042000134","SUPER 80-PLASTIC SPONGE SCRUBBER 2PCS","PCS","CTN","2004000227823","356.5"
"5042000135","SUPER 6S-SPONGE CLOTH SMALL 3PCS","PCS","OUT","50486600","106.375"
"5042000135","SUPER 6S-SPONGE CLOTH SMALL 3PCS","PCS","CTN","2004000227847","638.1925"
"5042000146","SUPER 82 PRINTED GROOVED SPONGE 6PCS","PCS","CTN","2007000410134","220.79999999999998"
"5042000147","SUPER SCOURING PAD 15PC","PCS","CTN","2007000410141","283.7625"
"5042000149","MULTY SPONGE 10PCS","PCS","CTN","2008000417369","404.5125"
"5042000150","MULTY SPONGE 3PCS","PCS","CTN","2008000417376","246.32999999999998"
"5042000151","MULTY FIBER 4PCS","PCS","CTN","2008000417383","207.69"
"5042000152","MULTY SPONGE T\FR 3PCS","PCS","CTN","2008000417390","301.3"
"5042000153","MULTY SPONGE T\FREINGER 1PCS","PCS","CTN","2008000417406","275.31"
"5042000163","SCOTCH BRITE 3M NON SCRATCH LAMINATE 2PCS","PCS","CTN","2008000425067","293.25"
"5042000166","SCOTCH BRITE 3M HEAVY DUTY LAMINATE 9PCS","PCS","CTN","2008000425098","296.7"
"5042000189","SUPER CS12 CELLULOSE SPONGE SCOURER 3PCS","PCS","CTN","2010198011328","224.25"
"5042000190","SUPER PFL3 SPONGE W/NON SCRATCH SCOURER LARGE 6PC","PCS","CTN","2010198011335","262.2"
"5042000192","SUPER PFL8 HEAVY DUTY POT SCOURER 6PCS","PCS","CTN","2010198011359","402.5"
"5042000193","SUPER PFL13 HEAVY DUTY STAINLESS STEEL SCOURER 6PC","PCS","CTN","2010198011366","402.5"
"5042000194","SUPER PFL14 HEAVY DUTY LARGE SCOURING PAD 6PCS","PCS","CTN","2010198011373","440.7375"
"5042000207","CHERRY SPONGE SCORER 3P SET","PCS","OUT","3030000000028","28.750574999999998"
"5042000208","CHERRY S SHAPE 2PC SPONGE","PCS","OUT","3030000000029","24.4375"
"5048000029","SUPER C24 CLOTHES PEGS WOOD 36PCS","PCS","CTN","2007000409787","282.9"
"5048000030","SUPER C25 CLOTHES PEGS PLASTIC 24PCS","PCS","CTN","2007000409794","201.25"
"5048000031","SUPER C2 FLOOR CLOTH","PCS","CTN","2007000410042","264.5"
"5048000032","SUPER C3 WET CLOTH 3PCS","PCS","CTN","2007000410059","356.5"
"5048000033","SUPER C4 CHAMMY CAR CLOTH","PCS","CTN","2007000410066","389.85"
"5048000034","SUPER C7 DRYING CLOTH","PCS","CTN","2007000410073","137.7125"
"5048000035","SUPER C10 CLEANING CLOTH 3PCS","PCS","CTN","2007000410080","344.13750000000005"
"5048000039","MULTY SPONGE CLOTH 3PCS","PCS","CTN","2008000417468","113.505"
"5065000003","HTE-037 STEEL WOOL 100GR","PCS","CTN","2004000292784","170.2"
"5065000006","HTE KKI-003 LOFA ROUND 24 PC","PCS","CTN","2004000302124","217.35"
"5065000015","SUPER PS2 METAL POT SCOURER 2PCS","PCS","CTN","2007000404096","356.5"
"5065000016","SUPER S\W JUMBO 24X16ROLL","PCS","CTN","2004000227885","400.2"
"5065000018","SUPER SS1 STAINLESS STEEL SCRUBBER","PCS","CTN","2004000227946","287.5"
"5065000019","SUPER SD2 SPECIAL POT CLEANER WITH BUILT 3PCS","PCS","CTN","2004000227953","151.8"
"5065000020","SUPER 50H COLOUR COMBO 5PCS","PCS","OUT","2007000409985","97.75"
"5101000032","FINE TOILET ROLLS XLONG 10ROLLS","PCS","CTN","2004000304678","250.70000000000002"
"5101000033","FINE TOILET ROLLS","PCS","CTN","2004000304166","114.10875"
"5101000034","SANITA BOUQUET PERFUMED TOILET TISSUE 4PC","PCS","CTN","2005000316692","195.5"
"5101000036","PASEO TOILET ROLL - WHITE 280SHT 2 RO","PCS","CTN","2004000176619","155.25"
"5101000037","PASEO TOILET ROLL GREEN PRINT ELEGANT 4X280SHT","PCS","CTN","2004000176626","161"
"5101000038","PASEO TOILET ROLL WHITE 4X280SHE","PCS","CTN","2004000176688","155.25"
"5101000039","PASEO TOILET ROLL - WHITE 200 SHT 10PCS","PCS","CTN","18993053211099","201.25"
"5101000044","BRAVO TOILET ROLL 100X110 10ROLL","PCS","CTN","2004000148654","67.61999999999999"
"5101000047","KLEENEX TOILET ROLL WHITE 4PCS 250 SHEET","PCS","CTN","2004000271512","189.75"
"5101000050","KLEENEX TOILET ROLL YELLOW 2","PCS","CTN","2004000292876","195.5"
"5101000051","KLEENEX TOILET ROLL WHITE 6PC 250 SHEET","PCS","CTN","2004000292890","187.45"
"5101000058","KLEENEX TOILET ROLL 9+3ROLL","OFFER","CTN","6281002600724","192.625"
"5101000064","FINE TOWEL JUMBO ROLL325MT","PCS","CTN","2007000397183","115"
"5101000065","CLUB TOILET ROLL 4PCS","PCS","CTN","2007000397268","108.9625"
"5101000070","SANITA BOUQUET TOILET PAPER 6PCS","PCS","CTN","2007000398920","182.85000000000002"
"5101000071","SANITA BOUQUET TOILET PAPER 9PCS","PCS","CTN","2007000398937","160.9425"
"5101000073","SMILE TOILET ROLLS 200SHE 10ROLLS","PCS","CTN","2007000407875","105.65625"
"5101000080","CLUB TOILET ROLL EXTRA 8PCS","PCS","CTN","2008000423674","90.85000000000001"
"5101000118","FINE JUMBO ROLL 1PLY 500 MTR","PCS","CTN","2015011051192","177.3875"
"5101000125","WOW CLASSIC TISSUE 200X2PLY","PCS","OUT","6291103404527","24.092499999999998"
"5102000024","FINE H/HOLD ROLLS 100SHEETSX2PLY 2PC","PCS","CTN","2004000304081","95.3925"
"5102000025","CLUB JUMBO ROLL 18MTS HOUSEHOLD TOWELS","PCS","CTN","2004000159964","126.50000000000001"
"5102000030","CHARM SINGLE ROLL 1PC","PCS","CTN","2005000316708","146.625"
"5102000033","PASEO KITCHEN TOWEL PRINTED 2PCS","PCS","CTN","18993053411024","69.575"
"5102000034","PASEO KITCHEN TOWEL - WHITE 70SHT 2 PC","PCS","CTN","18993053411079","231.14999999999998"
"5102000046","SCOTT KITCHEN TOWEL 2 RO","PCS","CTN","2004000219743","134.54999999999998"
"5102000053","NAPCO BOUQUET KITCHEN TOWEL 4X28CM","PCS","CTN","2007000397190","124.37250000000002"
"5102000068","KLEENEX VIVA MAXI ROLL 300M","PCS","CTN","2008000435387","125.35000000000001"
"5102000070","HOTPACK MAXI ROLL 1PCS","PCS","CTN","2009000441170","67.61999999999999"
"5102000071","SANITA HOUSE HOLD TOWEL FAMILY ECO 3X28CM","PCS","CTN","2009000005266","123.05000000000001"
"5102000072","MAXI ROLL BUFF 2PCS NATURAL","PCS","CTN","2009000005303","102.925"
"5102000079","YASMEEN MAXI ROLL (EMBOSSED)","PCS","CTN","2010198012516","74.865"
"5102000085","FINE KITCHEN TOWEL 28 CM-1ROLL 100X2PLY","PCS","CTN","2012011039816","95.44999999999999"
"5102000090","MICRO MAXI ROLL EMBOSSED 2PLY 900M","PCS","CTN","2015011051093","92.8625"
"5102000091","MICRO MAXI ROLL PLAIN 2PLY 150 SHEEDS","PCS","CTN","2015011051109","100.05"
"5102000095","AL WAHA MAXI ROLL -2PLY(EMBOSSED)","PCS","CTN","3030000000122","43.46999999999999"
"5103000047","KOTEX ULTRA VPK COCO NORMAL+WINGS 16X20S","PCS","CTN","2004000170358","417.45"
"5103000048","KOTEX ULTRA VPK COCO SUPER+WINGS 16X16S","PCS","CTN","2004000170402","359.66249999999997"
"5103000049","KOTEX LINERS LONG 30PC","PCS","CTN","2004000170419","162.725"
"5103000056","ALWAYS SENSITIVE SUPER WITH WINGS 10PAD","PCS","CTN","04015400264149","120.75"
"5103000059","ALWAYS SUPER WINGS 30PAD","PCS","CTN","04015400126508","120.75"
"5103000059","ALWAYS SUPER WINGS 30PAD","PCS","CTN","04015400264170","120.75"
"5103000062","ALWAYS ULTRA SENSITIVE LONG 8PAD","PCS","CTN","04015400214090","266.79999999999995"
"5103000062","ALWAYS ULTRA SENSITIVE LONG 8PAD","PCS","CTN","2005000335297","266.79999999999995"
"5103000075","KOTEX MAXI NIGHT TIME 8 PADS","PCS","CTN","6281002620241","211.60000000000002"
"5103000083","NAPCO P.MAXI POCKET 30PCS","PCS","OUT","2004000271376","28.175"
"5103000083","NAPCO P.MAXI POCKET 30PCS","PCS","CTN","2004000159889","112.41250000000001"
"5103000083","NAPCO P.MAXI POCKET 30PCS","PCS","CTN2","2008000423384","168.47500000000002"
"5103000085","NAPCO P/M/S/WINGS 30PCS","PCS","CTN","2004000271659","115"
"5103000085","NAPCO P/M/S/WINGS 30PCS","PCS","CTN2","2008000423391","171.35"
"5103000086","NAPCO PRIVATE CLIP THIN MAXI 8PCS","PCS","CTN","2004000159629","201.25"
"5103000087","NAPCO NAPKIN RELAX 20 PC","PCS","CTN","2004000159919","201.25"
"5103000106","KOTEX  LINEAR NORMAL UNSCENTED 16X40S","PCS","CTN","2006000366045","169.04999999999998"
"5103000106","KOTEX  LINEAR NORMAL UNSCENTED 16X40S","PCS","CTN","6281002620173","169.04999999999998"
"5103000114","SANITA PRIVATE EX. THIN NUGHT 7PAD","PCS","CTN","2005000336973","207"
"5103000135","ALWAYS NAPKIN LARGE 10PAD","PCS","CTN","04015400247012","126.50000000000001"
"5103000135","ALWAYS NAPKIN LARGE 10PAD","PCS","CTN","8370033850042650073","126.50000000000001"
"5103000151","FAM COMFORT ECONOMY 5X10","PCS","CTN","6281017808030","58.3625"
"5103000151","FAM COMFORT ECONOMY 5X10","PCS","CTN","6281017808955","58.3625"
"5103000152","FAM MAXI ECONOMY 3X10PC","PCS","CTN","6281017808054","120.75"
"5103000153","FAM ROMANCE ECONOMY 4X10","PCS","CTN","6281017808016","60.0875"
"5103000153","FAM ROMANCE ECONOMY 4X10","PCS","CTN","6281017808948","60.0875"
"5103000154","FAM MAXI WINGS ECO.3X10PCS","PCS","CTN","6281017808108","108.675"
"5103000155","FAM COMFORT W. ECO.3X10P","PCS","CTN","2004000115823","71.5875"
"5103000155","FAM COMFORT W. ECO.3X10P","PCS","CTN","6281017808092","71.5875"
"5103000157","FAM THIN MAXI 8PAD","PCS","OUT","2004000272038","9.1425"
"5103000157","FAM THIN MAXI 8PAD","PCS","CTN","04015400264231X","163.29999999999998"
"5103000158","FAM THIN REGULAR 10 PC","PCS","CTN","2004000159223","163.29999999999998"
"5103000159","ALWAYS F.NAPKIN L/P 30PCS","PCS","CTN","04015400045564","142.3125"
"5103000159","ALWAYS F.NAPKIN L/P 30PCS","PCS","CTN","04015400245902","142.3125"
"5103000159","ALWAYS F.NAPKIN L/P 30PCS","PCS","CTN","04015400245964","142.3125"
"5103000160","ALWAYS NAPKIN LARGE 30PAD","PCS","CTN","04015400045588","127.65"
"5103000160","ALWAYS NAPKIN LARGE 30PAD","PCS","CTN","04015400247104","127.65"
"5103000200","KOTEX ULTRA VALUE PK NIGHT TIME 16X14S","PCS","CTN","6281002610150","157.55"
"5103000201","KOTEX MAXI SLIM SUP WINGS NONCOCO 30 S","PCS","CTN","6281002430628","107.4675"
"5103000206","ALWAYS NIGHT STAR 16X 8 S","PCS","CTN","04015400259008","155.25"
"5103000206","ALWAYS NIGHT STAR 16X 8 S","PCS","CTN","2007000409930","155.25"
"5103000228","ALWAYS NAPKINS LARGE PLUS 10PCS","PCS","CTN","04015400238805","117.0125"
"5103000229","ALWAYS THICK LARGE 50PAD","PCS","CTN","04015400247166","116.15"
"5103000231","ALWAYS THICK SUPER+ 50PAD","PCS","CTN","04015400245933","102.925"
"5103000264","PRIVATE N.MAXI SUPER W.9PS","PCS","CTN","2009000005396","132.25"
"5103000270","CAREFREE COTTON FRESH 20PCS","PCS","CTN","2009000008397","175.95000000000002"
"5103000283","KOTEX LINEAR LONG SCENTED 10X60S","PCS","CTN","2010198000308","392.4375"
"5103000295","CAREFREE LARGE REGULAR 48S","PCS","CTN","2011011021937","209.3"
"5103000296","CAREFREE LARGE FRESH 48S","PCS","CTN","2011011021944","209.3"
"5103000345","FINE CINDERELLA TRI-FOLDED RAGULAR W/WINGS30 S","PCS","CTN","6251001155372","70.14999999999999"
"5104000090","MASAFI FACIAL TISSUE WHITE 200SHE","PCS","OUT","2004001487059","32.775"
"5104000090","MASAFI FACIAL TISSUE WHITE 200SHE","PCS","OUT","6291001001330","32.775"
"5104000090","MASAFI FACIAL TISSUE WHITE 200SHE","PCS","OUT","6291001001378","32.775"
"5104000090","MASAFI FACIAL TISSUE WHITE 200SHE","PCS","CTN","6291001005505","196.075115"
"5104000090","MASAFI FACIAL TISSUE WHITE 200SHE","PCS","CTN","6291001005581","196.075115"
"5104000091","SANITA C/TISSUE 10PCS","PCS","OUT","2004001489916","4.025"
"5104000091","SANITA C/TISSUE 10PCS","PCS","OUT","6281017257081","4.025"
"5104000091","SANITA C/TISSUE 10PCS","PCS","CTN","2007000393086","92"
"5104000095","KLEENEX HOUSEHOLD TOWELS 2ROL 28CM 55SHEET","PCS","CTN","2011011033305","123.05000000000001"
"5104000096","KLEENEX HOUSE HOLD TOWELS 2ROL 23CM 55SHEET","PCS","CTN","2011011033299","106.95"
"5104000097","KLEENEX HOUSE HOLD TOWELS 22NTR 90SHEETS","PCS","CTN","2011011033268","235.74999999999997"
"5104000099","MASAFI TISSUES 100 WHITE","PCS","OUT","2004000159056","24.4375"
"5104000099","MASAFI TISSUES 100 WHITE","PCS","OUT","6291001001392","24.4375"
"5104000099","MASAFI TISSUES 100 WHITE","PCS","CTN","2004000159063","143.75"
"5104000099","MASAFI TISSUES 100 WHITE","PCS","CTN","6291001005482","143.75"
"5104000101","FINE CLASSIC FACIAL TISSUE 100PLY","PCS","OUT","6251001210101","20.411579999999997"
"5104000101","FINE CLASSIC FACIAL TISSUE 100PLY","PCS","CTN","2004000304111","120.14624999999998"
"5104000101","FINE CLASSIC FACIAL TISSUE 100PLY","PCS","CTN","6251001211290","120.14624999999998"
"5104000113","PASEO FACIAL TISSUE WHITE 150SHT","PCS","OUT","2000005353642","25.3"
"5104000113","PASEO FACIAL TISSUE WHITE 150SHT","PCS","OUT","8993053111088","25.3"
"5104000113","PASEO FACIAL TISSUE WHITE 150SHT","PCS","OUT","8993053118056","25.3"
"5104000113","PASEO FACIAL TISSUE WHITE 150SHT","PCS","CTN","18993053111085","151.8"
"5104000113","PASEO FACIAL TISSUE WHITE 150SHT","PCS","CTN","18993053118053","151.8"
"5104000114","PASEO FACIAL TISSUE WHITE 200SHT","PCS","OUT","8993053111132","29.8425"
"5104000114","PASEO FACIAL TISSUE WHITE 200SHT","PCS","OUT","8993053118322","29.8425"
"5104000114","PASEO FACIAL TISSUE WHITE 200SHT","PCS","CTN","18993053118329","178.25"
"5104000118","ELLEMOI TISSUE 200 PLY","PCS","OUT","0092000300235","31.9125"
"5104000118","ELLEMOI TISSUE 200 PLY","PCS","OUT","2004001486649","31.9125"
"5104000118","ELLEMOI TISSUE 200 PLY","PCS","CTN","0404971633000151","253.00000000000003"
"5104000118","ELLEMOI TISSUE 200 PLY","PCS","CTN","14971633000015","253.00000000000003"
"5104000118","ELLEMOI TISSUE 200 PLY","PCS","CTN","716330001517","253.00000000000003"
"5104000121","F BRAND FACIAL TISSUE 200SHE","PCS","OUT","2004001486533","31.99875"
"5104000121","F BRAND FACIAL TISSUE 200SHE","PCS","CTN","2004000204787","253.57500000000002"
"5104000124","CLUB FACIAL TISSUE 150SHE","PCS","OFFER","2004000168058","23.862499999999997"
"5104000124","CLUB FACIAL TISSUE 150SHE","PCS","OFFER","6281017213292","23.862499999999997"
"5104000124","CLUB FACIAL TISSUE 150SHE","PCS","OUT","2004001496648","23.862499999999997"
"5104000124","CLUB FACIAL TISSUE 150SHE","PCS","OUT","6281017213124","23.862499999999997"
"5104000124","CLUB FACIAL TISSUE 150SHE","PCS","CTN","2008000415402","139.72500000000002"
"5104000124","CLUB FACIAL TISSUE 150SHE","PCS","CTN","6281017806760","139.72500000000002"
"5104000126","FAMILY TISSUE 150PLY","PCS","OUT","2010000021583","24.15"
"5104000126","FAMILY TISSUE 150PLY","PCS","OUT","2010000055809","24.15"
"5104000126","FAMILY TISSUE 150PLY","PCS","OUT","2010000180853","24.15"
"5104000126","FAMILY TISSUE 150PLY","PCS","CTN","2004001497997","143.75"
"5104000127","FINE CLASSIC FACIAL TISSUE 150PLY 1 PC","PCS","OUT","6251001210118","16.0885"
"5104000127","FINE CLASSIC FACIAL TISSUE 150PLY 1 PC","PCS","CTN","2004001500024","163.29999999999998"
"5104000127","FINE CLASSIC FACIAL TISSUE 150PLY 1 PC","PCS","CTN","6251001212365","163.29999999999998"
"5104000129","FINE CLASSIC FACIALTISSUE(SQUARE)1PC","PCS","CTN","2004000271888","189.75"
"5104000129","FINE CLASSIC FACIALTISSUE(SQUARE)1PC","PCS","CTN","6291001212396","189.75"
"5104000130","FINE CLASSIC FACIAL TISSUE 200PLY","PCS","OUT","6251001210125","21.8385"
"5104000130","FINE CLASSIC FACIAL TISSUE 200PLY","PCS","OUT","6251001218497","21.8385"
"5104000130","FINE CLASSIC FACIAL TISSUE 200PLY","PCS","CTN","2004000148692","276"
"5104000130","FINE CLASSIC FACIAL TISSUE 200PLY","PCS","CTN","6251001211542","276"
"5104000135","KLEENEX TISSUE DECOR 150PLY","PCS","OUT","6281002500406","28.175"
"5104000135","KLEENEX TISSUE DECOR 150PLY","PCS","OUT","6281002500499","28.175"
"5104000135","KLEENEX TISSUE DECOR 150PLY","PCS","OUT","6281002506255","28.175"
"5104000135","KLEENEX TISSUE DECOR 150PLY","PCS","OUT","6281002506576","28.175"
"5104000135","KLEENEX TISSUE DECOR 150PLY","PCS","OUT","6290677022502","28.175"
"5104000135","KLEENEX TISSUE DECOR 150PLY","PCS","CTN","2006000359863","166.75"
"5104000140","KLEENEX POCKET TISSUE 10PCS","PCS","OUT","6281002402441","19.018125"
"5104000141","KLEENEX TISSUE GARDEN 200PLY","PCS","OUT","6281002500420","31.334624999999996"
"5104000141","KLEENEX TISSUE GARDEN 200PLY","PCS","OUT","6281002500512","31.334624999999996"
"5104000141","KLEENEX TISSUE GARDEN 200PLY","PCS","OUT","6281002505364","31.334624999999996"
"5104000141","KLEENEX TISSUE GARDEN 200PLY","PCS","OUT","6281002505593","31.334624999999996"
"5104000141","KLEENEX TISSUE GARDEN 200PLY","PCS","OUT","6281002506262","31.334624999999996"
"5104000141","KLEENEX TISSUE GARDEN 200PLY","PCS","OUT","6281002506460","31.334624999999996"
"5104000141","KLEENEX TISSUE GARDEN 200PLY","PCS","OUT","6281002507511","31.334624999999996"
"5104000141","KLEENEX TISSUE GARDEN 200PLY","PCS","CTN","2004000293316","183.54"
"5104000142","MASAFI BOUTIQUE ROSES TISSUE 100PCS","PCS","CTN","2004000271970","119.60000000000001"
"5104000142","MASAFI BOUTIQUE ROSES TISSUE 100PCS","PCS","CTN","6291001005567","119.60000000000001"
"5104000145","MASAFI TISSUE BOUTIQUE OUD 100PCS","PCS","CTN","2004000272045","119.60000000000001"
"5104000145","MASAFI TISSUE BOUTIQUE OUD 100PCS","PCS","CTN","6291001005543","119.60000000000001"
"5104000146","MASAFI TISSUE BOUTIQUE LAVENDER 100PCS","PCS","OUT","2012011036105","14.950115"
"5104000146","MASAFI TISSUE BOUTIQUE LAVENDER 100PCS","PCS","OUT","2012011036112","14.950115"
"5104000146","MASAFI TISSUE BOUTIQUE LAVENDER 100PCS","PCS","CTN","2004000272052","119.60000000000001"
"5104000146","MASAFI TISSUE BOUTIQUE LAVENDER 100PCS","PCS","CTN","6291001005550","119.60000000000001"
"5104000150","MASAFI TISSUE 150 PLY","PCS","OFFER","6291001001354","29.900000000000002"
"5104000150","MASAFI TISSUE 150 PLY","PCS","OUT","2004001486786","29.900000000000002"
"5104000150","MASAFI TISSUE 150 PLY","PCS","OUT","6291001001316","29.900000000000002"
"5104000150","MASAFI TISSUE 150 PLY","PCS","CTN","2004001498031","178.25"
"5104000150","MASAFI TISSUE 150 PLY","PCS","CTN","6291001005499","178.25"
"5104000150","MASAFI TISSUE 150 PLY","PCS","CTN","6291001005536","178.25"
"5104000153","SANITA FACIAL TISSUE CHARM 150SHE","PCS","OUT","2004000153009","23.575"
"5104000153","SANITA FACIAL TISSUE CHARM 150SHE","PCS","CTN","2004000116004","141.45"
"5104000164","KLEENEX TISSUE CLASSIQUE 100CH","PCS","OUT","6281002500352","23.862499999999997"
"5104000164","KLEENEX TISSUE CLASSIQUE 100CH","PCS","CTN","2006000366663","142.6"
"5104000168","SMILE FACIAL TISSUE NEW SMILE 150 X2 PLY","PCS","OUT","6251001218343","18.1125"
"5104000168","SMILE FACIAL TISSUE NEW SMILE 150 X2 PLY","PCS","OUT","6251001218589","18.1125"
"5104000168","SMILE FACIAL TISSUE NEW SMILE 150 X2 PLY","PCS","CTN","2004000223412","108.09908"
"5104000168","SMILE FACIAL TISSUE NEW SMILE 150 X2 PLY","PCS","CTN","6251001211412","108.09908"
"5104000171","ROSA FACIAL TISSUES 220X175 200 SHEET","PCS","OUT","2004001486632","16.674999999999997"
"5104000171","ROSA FACIAL TISSUES 220X175 200 SHEET","PCS","CTN","2004001498864","100.05"
"5104000178","GENTLE FACIAL TISSUE 200 SHEET","PCS","OUT","2004001493593","16.674999999999997"
"5104000178","GENTLE FACIAL TISSUE 200 SHEET","PCS","CTN","2004000149705","98.89999999999999"
"5104000181","YASMEEN FACIAL TISSUE 220 X 175 150SHEET","PCS","PCS-2","4987654321087","2.875115"
"5104000181","YASMEEN FACIAL TISSUE 220 X 175 150SHEET","PCS","OUT","2004001486618","13.742615"
"5104000181","YASMEEN FACIAL TISSUE 220 X 175 150SHEET","PCS","CTN","2004001497959","80.5"
"5104000184","FINE FACIAL TISSUES 3PLY POCKET TISSUES 10PCS","PCS","OUT","6251001213027","5.175"
"5104000184","FINE FACIAL TISSUES 3PLY POCKET TISSUES 10PCS","PCS","CTN","6251001213188","62.1"
"5104000185","SANITA FACIAL TISSUE 200SH","PCS","OUT","2006000377584","30.1875"
"5104000185","SANITA FACIAL TISSUE 200SH","PCS","OUT","6281017213032","30.1875"
"5104000185","SANITA FACIAL TISSUE 200SH","PCS","CTN","2006000377591","181.4125"
"5104000185","SANITA FACIAL TISSUE 200SH","PCS","CTN","6281017212998","181.4125"
"5104000187","SANITA SUPER TOWEL 150PES","PCS","CTN","2007000388372","98.61250000000001"
"5104000190","ZEINA FACIAL TISSUES 220X175 150 SHEET","PCS","OUT","2004001486571","13.5125"
"5104000190","ZEINA FACIAL TISSUES 220X175 150 SHEET","PCS","CTN","2004000163749","80.5"
"5104000192","MASAFI FACIAL TISSUE WHITE 100SHE","PCS","CTN","2007000407325","120.75"
"5104000192","MASAFI FACIAL TISSUE WHITE 100SHE","PCS","CTN","6291001005628","120.75"
"5104000193","HALA FACIAL TISSUE 150SHE","PCS","OUT","6281017212431","14.893304999999998"
"5104000193","HALA FACIAL TISSUE 150SHE","PCS","OUT","6281017212677","14.893304999999998"
"5104000193","HALA FACIAL TISSUE 150SHE","PCS","CTN","2008000417284","78.4875"
"5104000193","HALA FACIAL TISSUE 150SHE","PCS","CTN","6281017806043","78.4875"
"5104000194","MASAFI CAR TISSUE 70SHE","PCS","OUT","2008000420239","24.15"
"5104000194","MASAFI CAR TISSUE 70SHE","PCS","CTN","2008000419455","96.6"
"5104000194","MASAFI CAR TISSUE 70SHE","PCS","CTN","6291001005604","96.6"
"5104000195","MASAFI KIDS TISSUE 100SHE","PCS","CTN","2008000419462","119.60000000000001"
"5104000195","MASAFI KIDS TISSUE 100SHE","PCS","CTN","6291001005611","119.60000000000001"
"5104000203","MASAFI TISSUE SENSE OF SPRING 100PCS","PCS","CTN","2008000435462","119.60000000000001"
"5104000203","MASAFI TISSUE SENSE OF SPRING 100PCS","PCS","CTN","6291001005635","119.60000000000001"
"5104000205","SANITA BOUQUET 28CM","PCS","CTN","2009000005259","142.6"
"5104000211","KLEENEX BATH TISSUE DRI SOFT 10+2","OFFER","CTN","2011011033282","224.25"
"5104000221","FINE TISSUES SENSATIONS150PLY1PC","PCS","OUT","6251001219876","19.55"
"5104084011","FINE DISNEY TISSUES(MICKEY)150-2PLY","PCS","OUT","6251001219333","29.8425"
"5104084015","FINE MULTI PURPOSE JUMBO ROLL 1PLY 6X120MET","PCS","CTN","2012011039885","95.44999999999999"
"5104084018","ALOKOZAY  TISSUE 150PLY","PCS","OUT","6291101135690","20.125"
"5104084018","ALOKOZAY  TISSUE 150PLY","PCS","CTN","16291101135697","168.76250000000002"
"5104084019","ALOKOZAY TISSUES  200 PLY","PCS","OUT","6291101133351","24.724999999999998"
"5104084019","ALOKOZAY TISSUES  200 PLY","PCS","OUT","6291101135621","24.724999999999998"
"5104084019","ALOKOZAY TISSUES  200 PLY","PCS","CTN","16291101135611","206.42499999999998"
"5104084022","FINE OUD FACIAL TISSUE SQUARE 100PLY","PCS","CTN","2013011044985","201.25"
"5104084027","CROWN TISSUES 150 S","PCS","OUT","6291103380449","18.1125"
"5104084028","CROWN TISSUES 200 S","PCS","OUT","6291103380418","21.5625"
"5104084030","KLEENEX CLASS/TISSUES150 S","PCS","OUT","6281002507122","27.8875"
"5104084030","KLEENEX CLASS/TISSUES150 S","PCS","CTN","2013011047221","166.75"
"5104084032","WOW PREMIUM TISSUES 5X200*3PLY","PCS","OUT","6291103400574","26.7375"
"5104084032","WOW PREMIUM TISSUES 5X200*3PLY","PCS","CTN","2015011051154","106.375"
"5104084033","WOW C/TISSUE 5+1X200*2PLY","PCS","OUT","6291103400871","23"
"5104084033","WOW C/TISSUE 5+1X200*2PLY","PCS","OFFER","9100002610298","24.089625"
"5104084033","WOW C/TISSUE 5+1X200*2PLY","PCS","CTN","2015011051161","138"
"5104084035","FINE FACIAL TISU 200X2PLY","PCS","OUT","6251001216998","15.395624999999999"
"5104084036","FINE INTERFOLD HAND TOWEL 150 SHEETSX2PLY","PCS","CTN","2014011049987","124.2"
"5104084038","MASAFI BALANCE TISSUE 80 PLY","PCS","OUT","6291001091072","18.3425"
"5104084038","MASAFI BALANCE TISSUE 80 PLY","PCS","CTN","6291001091089","109.25"
"5104084039","MASAFI BALANCE TISSUE 150PLY","PCS","OFFER","6291001091164","21.85"
"5104084039","MASAFI BALANCE TISSUE 150PLY","PCS","OUT","6291001091027","21.85"
"5104084039","MASAFI BALANCE TISSUE 150PLY","PCS","CTN","6291001091034","132.25"
"5104084040","NAPCO HALA FACIAL TISSUE 5X200 SHEETS","PCS","OUT","5023659203450","21.85"
"5104084040","NAPCO HALA FACIAL TISSUE 5X200 SHEETS","PCS","OUT","6281017213490","21.85"
"5104084047","MASAFI TISSUE(TRANSFORMER)100PLY1X24","PCS","CTN","6291001007042","128.8"
"5104084048","MASAFI TISSUE(LITTLE PONY)100PLY 1X24","PCS","CTN","6291001007035","131.1"
"5104084049","MASAFI WATER TRANSFORMER 200ML","PCS","OUT","6291001060597","13.2825"
"5104084050","MASAFI WATER LITTLE PONY 200ML","PCS","OUT","6291001060573","13.2825"
"5104084059","FINE TISSUE FLUFFY 150X2 PLIES","PCS","OUT","6251001218695","13.222125"
"5104084060","KLEENEX COLLECTIONS FACIAL TISSUE 200PLY","PCS","OUT","6281002507702","35.65"
"5104084061","KLEENEX COLLECTIONS SOFT PACK FACIAL TISSUE 100s","PCS","OUT","6281002507634","25.96125"
"5104084062","KLEENEX FACIAL TISSUE 200PLY SILK 3PLY","PCS","OUT","6281002507580","35.9375"
"5104084065","AL AIN TISSUES 150X2 PLY","PCS","OUT","6291105812337","12.6385"
"5104084066","AL AIN TISSUES 200X2PLY","PCS","OUT","6291105812368","15.525"
"5105000051","BAMBI WIPES WW LOTION 64PCS","PCS","CTN","2009000023031","212.75"
"5105000052","BAMBI WIPES WW PROTECTIVE CREAM 64PCS","PCS","OFFER","5281001941881","25.587500000000002"
"5105000052","BAMBI WIPES WW PROTECTIVE CREAM 64PCS","PCS","CTN","2009000023048","414"
"5105000053","BAMBI WIPES WW QUARTER FOLDED 20PCS","PCS","CTN","2009000023055","138"
"5110000136","ELEGANCE ADULT DIAPER MEDIUM 11PCS","PCS","CTN","2004000159575","140.29999999999998"
"5110000149","PAMPERS LARGE 9-20KG 16 BAD","PCS","CTN","04015400110071","138"
"5110000149","PAMPERS LARGE 9-20KG 16 BAD","PCS","CTN","04015400235057","138"
"5110000149","PAMPERS LARGE 9-20KG 16 BAD","PCS","CTN","04015400272540","138"
"5110000149","PAMPERS LARGE 9-20KG 16 BAD","PCS","CTN","04015400406471","138"
"5110000161","CAREFREE MAXI REGULARE 20PCS","PCS","CTN","2004000165637","241.5"
"5110000162","CAREFREE MAXI FRESH 20 PC","PCS","CTN","2004000165644","241.5"
"5110000166","CAREFREE SINGLE WRAPPED 30PCS","PCS","CTN","2004000165682","330.05"
"5110000181","BAMBI DIAPERS KIDS REG 12PCS","PCS","CTN","2005000316746","154.10000000000002"
"5110000183","BAMBI DIAPERS NEW BORN 18PCS","PCS","CTN","2005000316777","44.275"
"5110000213","ELEGANCE ADULT DIAPER LARGE 9PCS","PCS","CTN","2004000159643","140.29999999999998"
"5110000222","BAMBI X-LARGE 11PCS","PCS","OUT","2006000373890","93.15"
"5110000223","BAMBI NEW MEDIUM 13PCS","PCS","OUT","2006000373876","93.15"
"5110000225","BAMBI DIAPERS LARGE 12PCS","PCS","OUT","2006000373883","93.15"
"5110000249","CAREFREE ORIGINAL - 34PCS","PCS","CTN","2004000277958","234.6"
"5110000251","CAREFREE BREATHABLE LAUNDRY FRESH 34PCS","PCS","CTN","2004000150855","235.74999999999997"
"5110000252","CAREFREE COTTON - 34PCS","PCS","CTN","2004000164678","295.54999999999995"
"5110000254","CAREFREE SINGEL WRAPPED 20PCS","PCS","CTN","2004000164661","239.20000000000002"
"5110000255","CAREFREE FLEXI FORM 18PCS","PCS","CTN","2004000164654","175.95000000000002"
"5110000269","FIDELITY ADULT DIAPERS (LARGE) 10 PC","PCS","CTN","2004001498772","241.5"
"5110000270","FIDELITY AD.DIAPERS (MEDIUM) 10PC","PCS","CTN","2004001498789","257.025"
"5110000271","FIDELITY ADULT DIAPERS (SMALL) 10 PC","PCS","CTN","2004000271444","211.60000000000002"
"5110000338","BAMBI DIAPER SMALL 17PCS","PCS","OUT","2006000373869","62.042615"
"5110000364","ELEGANCE ADULT DIAPERS LARGE JUMBO 18PCS","PCS","CTN","2007000397282","132.25"
"5110000413","PAMPERS JUNIOR #5 15PCS","PCS","CTN","04015400257004","132.25"
"5110000413","PAMPERS JUNIOR #5 15PCS","PCS","CTN","04015400272694","132.25"
"5110000413","PAMPERS JUNIOR #5 15PCS","PCS","CTN","04015400406655","132.25"
"5110000413","PAMPERS JUNIOR #5 15PCS","PCS","CTN","4015400406655","132.25"
"5110000416","ELEGANCE ADULT DIAPERS MEDIUM JUMBO 22PCS","PCS","CTN","2008000423681","134.54999999999998"
"5110000426","PAMPERS LARGE #4+ 40PCS","PCS","CTN","04015400272601","129.89249999999998"
"5110000426","PAMPERS LARGE #4+ 40PCS","PCS","CTN","04015400406532","129.89249999999998"
"5110000426","PAMPERS LARGE #4+ 40PCS","PCS","CTN","2008000435134","129.89249999999998"
"5110000427","PAMPERS DIAPERS VP JUNIOR 38PAD","PCS","CTN","2008000435141","175.95000000000002"
"5110000428","PAMPERS SMALL 3-6 64PAD","PCS","CTN","04015400271826","195.5"
"5110000429","PAMPERS MEDIUM #3 46PAD","PCS","CTN","04015400271918","185.15"
"5110000439","PAMPERS MEDIUM #3 68PAD","PCS","CTN","04015400271956","154.67477"
"5110000439","PAMPERS MEDIUM #3 68PAD","PCS","CTN","04015400406204","154.67477"
"5110000440","PAMPERS LARGE 7-18 60PAD","PCS","CTN","04015400272106","151.8"
"5110000440","PAMPERS LARGE 7-18 60PAD","PCS","CTN","04015400406389","151.8"
"5110000440","PAMPERS LARGE 7-18 60PAD","PCS","CTN","2008000435240","151.8"
"5110000441","PAMPERS LARGE #4+ 56PCS","PCS","CTN","04015400272632","185.15"
"5110000441","PAMPERS LARGE #4+ 56PCS","PCS","CTN","04015400406563","185.15"
"5110000441","PAMPERS LARGE #4+ 56PCS","PCS","CTN","2008000435257","185.15"
"5110000442","PAMPERS DIAPERS JUNIOR #5 52PCS","PCS","CTN","4015400406747","241.5"
"5110000446","PAMPERS MAXI VP 44PCS","PCS","CTN","04015400272076","175.95000000000002"
"5110000446","PAMPERS MAXI VP 44PCS","PCS","CTN","04015400406358","175.95000000000002"
"5110000447","PAMPERS DIAPERS S6 XXL 48PCS","PCS","CTN","04015400282600","239.20000000000002"
"5110000447","PAMPERS DIAPERS S6 XXL 48PCS","PCS","CTN","04015400406860","239.20000000000002"
"5110000448","PAMPERS DIAPERS NB CP 21PAD","PCS","CTN","04015400320975","163.875"
"5110000448","PAMPERS DIAPERS NB CP 21PAD","PCS","CTN","04015400406891","163.875"
"5110000448","PAMPERS DIAPERS NB CP 21PAD","PCS","CTN","2008000438807","163.875"
"5110000448","PAMPERS DIAPERS NB CP 21PAD","PCS","CTN","4015400320975","163.875"
"5110000450","PAMPERS DIAPERS MINI CP S2 MPC 23PAD","PCS","CTN","04015400298700","136.85"
"5110000450","PAMPERS DIAPERS MINI CP S2 MPC 23PAD","PCS","CTN","04015400405764","136.85"
"5110000450","PAMPERS DIAPERS MINI CP S2 MPC 23PAD","PCS","CTN","2008000438821","136.85"
"5110000450","PAMPERS DIAPERS MINI CP S2 MPC 23PAD","PCS","CTN","4015400298700","136.85"
"5110000451","PAMPERS A/B S4 MPC 17PAD","PCS","CTN","04015400298731","138"
"5110000451","PAMPERS A/B S4 MPC 17PAD","PCS","CTN","2008000438838","138"
"5110000460","PAMPERS DIAPERS ACTIVE BOY MAXI 36PCS","PCS","CTN","04015400256045","227.7"
"5110000460","PAMPERS DIAPERS ACTIVE BOY MAXI 36PCS","PCS","CTN","2009000442184","227.7"
"5110000469","PAMPERS JP S6 XXL 36PCS","PCS","CTN","2009000442320","154.67477"
"5110000474","PAMPERS MIDI 88PCS MEGA PACK","PCS","CTN","04015400282440","239.20000000000002"
"5110000474","PAMPERS MIDI 88PCS MEGA PACK","PCS","CTN","04015400406174","239.20000000000002"
"5110000474","PAMPERS MIDI 88PCS MEGA PACK","PCS","CTN","2009000442405","239.20000000000002"
"5110000475","PAMPERS MAXI 76PCS MEGA PACK","PCS","CTN","04015400282501","224.25"
"5110000475","PAMPERS MAXI 76PCS MEGA PACK","PCS","CTN","04015400406419","224.25"
"5110000475","PAMPERS MAXI 76PCS MEGA PACK","PCS","CTN","2009000442412","224.25"
"5110000476","PAMPERS MAXI+ 74PCS MEGA PAC","PCS","CTN","04015400282549","218.5"
"5110000476","PAMPERS MAXI+ 74PCS MEGA PAC","PCS","CTN","04015400406594","218.5"
"5110000476","PAMPERS MAXI+ 74PCS MEGA PAC","PCS","CTN","2009000442429","218.5"
"5110000477","PAMPERS JUNIOR 70PCS M\P","PCS","CTN","04015400282587","239.20000000000002"
"5110000477","PAMPERS JUNIOR 70PCS M\P","PCS","CTN","04015400406778","239.20000000000002"
"5110000477","PAMPERS JUNIOR 70PCS M\P","PCS","CTN","2009000442436","239.20000000000002"
"5110000486","HUGGIES DIAPERS FLEX 3  MEDIUM 56PCS","PCS","CTN","2009000009141","310.5"
"5110000487","HUGGIES DIAPERS FLEX LARGE 46PCS","PCS","CTN","2009000009158","322"
"5110000488","HUGGIES DIAPERS FLEX XLARGE 44PCS","PCS","CTN","2009000009165","322"
"5110000489","HUGGIES DIAPERS FLEX JUNIOR 40PCS","PCS","CTN","2009000009172","321.1375"
"5110000502","PAMPERS DIAPERS JUNIOR VP KING KONG 38PCS","OFFER","CTN","04015400332091","175.95000000000002"
"5110000516","PAMPERS DIAPERS PREMIUM CARE JUNIOR 21PCS","PCS","CTN","04015400309239","180.55"
"5110000516","PAMPERS DIAPERS PREMIUM CARE JUNIOR 21PCS","PCS","CTN","2010198000346","180.55"
"5110000517","PAMPERS DIAPERS PREMIUM CARE MAXI 24PCS","PCS","CTN","04015400309178","181.70000000000002"
"5110000517","PAMPERS DIAPERS PREMIUM CARE MAXI 24PCS","PCS","CTN","2010198000353","181.70000000000002"
"5110000518","PAMPERS DIAPERS PREMIUM CARE MIDI 27PCS","PCS","CTN","04015400278719","179.4"
"5110000518","PAMPERS DIAPERS PREMIUM CARE MIDI 27PCS","PCS","CTN","2010198000360","179.4"
"5110000519","PAMPERS DIAPERS PREMIUM CARE MINI 32PCS","PCS","CTN","04015400278658","179.4"
"5110000519","PAMPERS DIAPERS PREMIUM CARE MINI 32PCS","PCS","CTN","2010198000377","179.4"
"5110000520","PAMPERS DIAPERS PREMIUM CARE NB 33PCS","PCS","CTN","04015400278597","179.34249999999997"
"5110000520","PAMPERS DIAPERS PREMIUM CARE NB 33PCS","PCS","CTN","2010198000384","179.34249999999997"
"5110000521","PAMPERS DIAPERS PREMIUM CARE JUNIOR 44PCS","PCS","CTN","04015400309260","187.45"
"5110000521","PAMPERS DIAPERS PREMIUM CARE JUNIOR 44PCS","PCS","CTN","2010198000391","187.45"
"5110000522","PAMPERS DIAPERS PREMIUM CARE MAXI 52PCS","PCS","CTN","04015400309208","189.75"
"5110000522","PAMPERS DIAPERS PREMIUM CARE MAXI 52PCS","PCS","CTN","2010198000407","189.75"
"5110000523","PAMPERS DIAPERS PREMIUM CARE MINI 72PCS","PCS","CTN","04015400278689","187.45"
"5110000523","PAMPERS DIAPERS PREMIUM CARE MINI 72PCS","PCS","CTN","2010198000414","187.45"
"5110000524","PAMPERS DIAPERS PREMIUM CARE NB 78PCS","PCS","CTN","04015400278627","189.75"
"5110000524","PAMPERS DIAPERS PREMIUM CARE NB 78PCS","PCS","CTN","2010198000421","189.75"
"5110000525","PAMPERS DIAPERS PREMIUM CARE MIDI 60PCS","PCS","CTN","04015400278740","187.45"
"5110000525","PAMPERS DIAPERS PREMIUM CARE MIDI 60PCS","PCS","CTN","2010198000445","187.45"
"5110000539","PAMPERS DIAPERS NB VP 66PAD","PCS","CTN","04015400406952","109.24976999999998"
"5110000539","PAMPERS DIAPERS NB VP 66PAD","PCS","CTN","2010198012660","109.24976999999998"
"5110000541","PAMPERS DAIPERS MINI (NB) VALUE PACK 64S","OFFER","CTN","04015400408604","172.5"
"5110000542","PAMPERS DAIPERS MIDI (AB) VALUE PACK 46S","OFFER","CTN","04015400408369","172.5"
"5110000544","PAMPERS MIDI JUMBO PACK 68S","OFFER","CTN","2011011028868","157.55"
"5110000545","PAMPERS DIAPERS AB MAXI JUMBO PACK 60S","OFFER","CTN","2011011028875","156.4"
"5110000546","PAMPERS A/BABY MAXI+ JP 56S KK","OFFER","CTN","2011011028882","150.65"
"5110000547","PAMPERS DIAPERS AB JUNIOR JUMBO PACK 52S","OFFER","CTN","2011011028899","223.3875"
"5110000610","FINE BABY GREEN-NEW BORN (TRAVEL)2.5KG21 S","PCS","CTN","6251001263268","106.375"
"5110000612","FINE BABY GREEN-MEDIUM(ECONOMY)4-9KG 36 S","PCS","CTN","6251001263305","150.65"
"5110000613","FINE BABY GREEN-LARGE (ECONOMY)7-17KG 30 S","PCS","CTN","6251001263329","152.95000000000002"
"5110000614","FINE BABY GREEN-MAXI (ECONOMY)10-22KG 26 S","PCS","CTN","6251001263343","150.65"
"5110000615","FINE BABY GREEN-JUNIOR(ECONOMY)22+KG 24 S","PCS","CTN","6251001263367","150.65"
"5110000625","FINE BABY GREEN SMALL (JUMBO)3-6KG 68 S","PCS","CTN","2013011044497","151.8"
"5110000626","FINE BABY MEDUM(JUMBO)4-9K52 S","PCS","CTN","2013011044503","188.6"
"5110000627","FINE BABY GREEN LARGE (JUMBO)7-17KG 48 S","PCS","CTN","2013011044510","205.85"
"5110000628","FINE BABY GREEN MAXI (JUMBO)10-22KG 44 S","PCS","CTN","2013011044527","177.962615"
"5110000630","BAMBI NEWBORN DIA 52 OFFER","PCS","OFFER","5023659202309","31.99875"
"5110000630","BAMBI NEWBORN DIA 52 OFFER","PCS","CTN","2013011045715","96.6"
"5110000631","BAMBI SMALL DIAPERS 48 S VALUE PACK","PCS","OFFER","5023659202316","34.44158"
"5110000631","BAMBI SMALL DIAPERS 48 S VALUE PACK","PCS","CTN","2013011045746","101.43"
"5110000632","BAMBI MEDIUM DIAPERS 35 S VALUE PACK","PCS","OFFER","5023659201715","34.44158"
"5110000632","BAMBI MEDIUM DIAPERS 35 S VALUE PACK","PCS","CTN","2013011045739","205.27499999999998"
"5110000633","BAMBI DIAPERS LARGE 33 S VALUE PACK","PCS","CTN","2013011045753","243.8"
"5110000634","BAMBI DIAPERS KIDS 24 S VALUE PACK","PCS","CTN","2013011045760","196.65"
"5110000635","BAMBI DIAPERS X LARGE 27 S VALUE PACK","PCS","OFFER","5023659201692","41.4"
"5110000635","BAMBI DIAPERS X LARGE 27 S VALUE PACK","PCS","CTN","2013011045777","247.25"
"5110000636","BAMBI DIAPERS JUMBO 69 S","PCS","CTN","2013011045784","230"
"5110000637","BAMBI DIAPERS JUMBO LARGE 63 S","PCS","CTN","2013011045791","230"
"5110000638","BAMBI DIAPERS JUMBO X-LARGE 51 S","PCS","CTN","2013011045807","230"
"5110000639","BAMBI DIAPERS JUMBO KIDS 40 S","PCS","CTN","2013011045814","250.70000000000002"
"5110000640","BAMBI DIAPERS MEGA PACK MEDIUM 99 S","PCS","CTN","2013011045821","218.5"
"5110000641","BAMBI DIAPERS MEGA PACK LARGE 87 S","PCS","CTN","2013011045838","217.35"
"5110000642","BAMBI DIAPERS MEGA PACK X-LARGE 78 S","PCS","CTN","2013011045845","183.54"
"5110000650","FINE BABY YELLOW MEDIUM(ECONOMY)4-9KG 28S","PCS","CTN","6251001263848","104.65"
"5110000651","FINE BABY YELLOW LARGE(ECONOMY)7-17KG 24S","PCS","CTN","6251001263855","104.075"
"5110000652","FINE BABY YELLOW MAXI(ECONOMY)10-22KG 22S","PCS","CTN","6251001263862","94.185"
"5110000653","FINE BABY YELLOW MEDIUM(SUPER JUMBO)4-9KG 54S","PCS","CTN","6251001263787","147.20000000000002"
"5110000654","FINE BABY YELLOW LARGE(SUPER JUMBO)7-17KG 50S","PCS","CTN","6251001263794","148.35"
"5110000655","FINE BABY YELLOW MAXI(SUPER JUMBO)10-22KG 44S","PCS","CTN","6251001263800","147.20000000000002"
"5115000028","NAPCO CLING FILM 45CMX300M","PCS","CTN","2004000159766","261.05"
"5115000029","NAPCO CLING FILM 30CMX300M","PCS","CTN","2004000159926","238.62500000000003"
"5115000030","FALCON CLING FILM 200FT","PCS","CTN","2004000256748","231.14999999999998"
"5115000033","FALCON CLING FILM 45CMX300MTR","PCS","CTN","2004000255901","368"
"5115000034","FALCON CLING FILM 300MX30CM","PCS","CTN","2004000256724","270.25"
"5115000041","SANITA CLING FILM 30X30","PCS","CTN","2004000159636","193.2"
"5115000042","AL BAYADER CLING FILM 0510CT2 45CMX300M","PCS","CTN","2004000167075","347.3"
"5115000043","AL BAYADER P510CF1 CLING FILM ROLL 30CMX300M","PCS","CTN","2004000167020","253.00000000000003"
"5115000063","NAPCO CLING FILM 45CMX20MTR","PCS","CTN","2008000423698","120.75"
"5115000070","MAPCO SUFRA ROLL 6X20SHE","PCS","CTN","2009000440616","106.95"
"5115000072","HOTPACK CLING FILM 45CM","PCS","CTN","2009000440777","130.41000000000003"
"5115000073","HOTPACK CLING FILM 30CM","PCS","CTN","2009000440784","132.25"
"5115000079","POKKA PULPY C 240ML","PCS","CTN","2009000007888","87.54375"
"5115000080","SANITA TABLE COVER DAILY SMALL 20PCS","PCS","CTN","2009000022959","235.46249999999998"
"5115000081","SANITA TABLE COVER DAILY LARGE 45PCS","PCS","CTN","2009000022966","301.875"
"5115000082","SANITA TABLE COVER FASHION SMALL 15PCS","PCS","CTN","2009000022973","208.150115"
"5115000083","SANITA TABLE COVER FASHION LARGE 34PCS","PCS","CTN","2009000022980","205.27499999999998"
"5115000084","SANITA TABLE COVER KIDS 15PCS","PCS","CTN","2009000022997","235.46249999999998"
"5115000085","SANITA TABLE COVER HASSIR 30PCS","PCS","CTN","2009000023000","324.8175"
"5115000086","SANITA TABLE COVER FAMILY 22PCS","PCS","CTN","2009000023017","289.8"
"5115000099","DIAMOND PLASTIC CLING WRAP 12X45CM 300SF","PCS","CTN","2014011049765","548.55"
"5115000101","DIAMOND PLASTIC CLING WRAP 24X30CM 200FT","PCS","CTN","2014011049789","418.6"
"5115000103","DIAMOND PLASTIC CLING WRAP 12X30CM 500FT","PCS","CTN","2014011049802","320.85"
"5115000104","DIAMOND PLASTIC CLING WRAP 24X45CM 150FT","PCS","CTN","2014011049819","310.5"
"5115000110","PACKERS CLING FILM 30CM 1X1","PCS","CTN","2015011050928","158.7"
"5115000111","PACKERS CLING FILM 45 CM 1X1","PCS","CTN","2015011050935","189.75"
"5116000028","AL BAYADER A\FOIL 12X200SQ","PCS","CTN","5116000028","373.75"
"5116000030","AL BAYADER P18AF1 ALUMINIUM FOIL ROLL 45CMX150M","PCS","CTN","2004000167754","552"
"5116000034","FALCON ALUMINIUM FOIL 200 SQ","PCS","CTN","2004000256717","327.75"
"5116000036","FALCON WAX PAPER 25MX30CM 1 PC","PCS","CTN","2004000256755","143.75"
"5116000043","FALCON ALUMINIUM FOIL 37.5 SQ","PCS","CTN","2004000255895","143.75"
"5116000044","FALCON ALUMINIUM FOIL 150MX30CM","PCS","CTN","2005000333118","417.43850000000003"
"5116000045","FALCON FOIL 150MX45CM","PCS","CTN","2005000333095","523.8249999999999"
"5116000050","WRAP N ROLL ALUMINUM FOIL 37.5SQ","PCS","CTN","2005000350504","146.05"
"5116000051","WRAP N ROLL ALUMINUM FOIL 200SQ","PCS","CTN","2005000350511","299"
"5116000052","WRAP N ROLL ALUMINUM FOIL 75SQ","PCS","CTN","2005000350528","207"
"5116000053","WRAP N ROLL ALUMINUM FOIL 25SQ","PCS","CTN","2005000350535","120.75"
"5116000054","SANITA ALUMINUM FOIL H/D 37.5SQ","PCS","CTN","6281017800034","330.91249999999997"
"5116000055","SANITA ALUM.FOIL 200 SQ","PCS","CTN","2004000159582","566.0875000000001"
"5116000058","DIAMOND ALU. FOIL 200SQ","PCS","CTN","10010900000861","626.75"
"5116000058","DIAMOND ALU. FOIL 200SQ","PCS","CTN","10010900100868","626.75"
"5116000059","DIAMOND ALU FOIL 25SQ","PCS","CTN","10010900000847","207"
"5116000059","DIAMOND ALU FOIL 25SQ","PCS","CTN","10010900100844","207"
"5116000060","DIAMOND ALU. FOIL 37.5SQ","PCS","OFFER","6290360271651","19.55"
"5116000060","DIAMOND ALU. FOIL 37.5SQ","PCS","CTN","10010900000878","324.29999999999995"
"5116000060","DIAMOND ALU. FOIL 37.5SQ","PCS","CTN","10010900100875","324.29999999999995"
"5116000061","DIAMOND ALU FOIL 75SQ","PCS","CTN","10010900000854","534.75"
"5116000061","DIAMOND ALU FOIL 75SQ","PCS","CTN","10010900100851","534.75"
"5116000066","FALCON WAX PAPER 25MX30CM","PCS","CTN","2004000256144","241.5"
"5116000067","FALCON ALUMINIUM PLATTER V2 5PCS","PCS","CTN","2004000096351","132.82500000000002"
"5116000072","FALCON ALUMINUM PLATTER V1 5PCS","PCS","CTN","2004000096337","131.1"
"5116000075","AL BAYADER P1S1980 FUN ALU. CONTAINER 10PCS","PCS","CTN","2005000350092","580.75"
"5116000076","AL BAYADER ALUMINIUM CONTAINER 3500CC 10PCS","PCS","CTN","2004000167372","335.8"
"5116000078","AL BAYADER ALUMINIUM CONTAINER S2410 20 PK","PCS","CTN","2004000167365","402.5"
"5116000080","AL BAYADER P1S1850 FUN ALUMINIUM CONTAINER NO1850 10PCS","PCS","CTN","2004000167808","700.35"
"5116000088","AL BAYADER ALUMINUM FOIL 150X30CM","PCS","CTN","2007000390795","437"
"5116000089","SANITA ALUMINUM FOIL INST. 30CM","PCS","CTN","2007000397299","422.0385"
"5116000090","SANITA ALUMINUM FOIL INST. 45CM","PCS","CTN","2007000397305","418.6"
"5116000096","SANITA ALU FOIL 25SQR","PCS","CTN","2008000423704","210.45000000000002"
"5116000097","SANITA ALU FOIL 75SQR","PCS","CTN","2008000423711","369.15"
"5116000098","CLUB ALUMINIUM FOIL 45CM","PCS","CTN","2008000424671","194.3385"
"5116000104","MAPCO ALU. CONTAINER 8325 10PCS","PCS","CTN","2009000440302","263.35"
"5116000105","MAPCO ALU. CONTAINER 8342 10PCS","PCS","CTN","2009000440319","243.8"
"5116000106","MAPCO ALU. CONTAINER 8389 10PCS","PCS","CTN","2009000440326","448.5"
"5116000109","MAPCO ALU. CONTAINER 83120 10PCS","PCS","CTN","2009000440357","401.350115"
"5116000110","MAPCO ALU. CONTAINER 83185 10PCS","PCS","CTN","2009000440364","400.4875"
"5116000113","MAPCO ALU. CONTAINER 73365 5PCS","PCS","CTN","2009000440395","318.8375"
"5116000114","MAPCO ALU. PLATTER 6586 10PCS","PCS","CTN","2009000440401","126.50000000000001"
"5116000115","MAPCO ALU. PLATTER 65180 5PCS","PCS","CTN","2009000440418","127.075"
"5116000117","HOTPACK ALU. FOIL 200SQR","PCS","CTN","2009000440791","188.37"
"5116000118","HOTPACK ALU. FOIL 30CM","PCS","CTN","2009000440807","188.37"
"5116000119","HOTPACK ALU. FOIL 45CM","PCS","CTN","2009000440814","246.32999999999998"
"5116000127","DIAMOND ALUMINIUM FOIL 150MX45CM","PCS","CTN","2010198003484","652.05"
"5116000128","DIAMOND ALUMINIUM FOIL 150M","PCS","CTN","2010198003491","440.7375"
"5116000157","PACKERS ALUMINIUM CONTAINER 73365 1X5","PCS","CTN","2015011050829","196.65"
"5116000158","PACKERS ALUMINIUM CONTAINER 83190 1X10","PCS","OFFER","2354689768347","33.925"
"5116000158","PACKERS ALUMINIUM CONTAINER 83190 1X10","PCS","CTN","2015011050836","257.6"
"5116000159","PACKERS ALUMINIUM CONTAINER 83185 1X10","PCS","OFFER","2354689768293","31.625000000000004"
"5116000159","PACKERS ALUMINIUM CONTAINER 83185 1X10","PCS","CTN","2015011050843","317.4"
"5116000160","PACKERS ALUMINIUM FOIL 30CM","PCS","CTN","2015011050850","253.00000000000003"
"5116000161","PACKERS ALUMINIUM FOIL 45CM","PCS","CTN","2015011050867","362.25"
"5116000162","PACKERS ALUMINIUM CONTAINER 8389 1X10","PCS","OFFER","2354689771453","18.1125"
"5116000162","PACKERS ALUMINIUM CONTAINER 8389 1X10","PCS","CTN","2015011050942","200.1"
"5116000163","PACKERS ALUMINIUM CONTAINER 83241 1X10","PCS","OFFER","2354689768354","33.925"
"5116000163","PACKERS ALUMINIUM CONTAINER 83241 1X10","PCS","CTN","2015011050959","258.75"
"5117000018","FALCON RECT. DOILY 8X12INC 250PCS","PCS","CTN","2005000354526","173.65"
"5117000019","FALCON RECT. DOILY 10X14.5INC 250PCS","PCS","CTN","2005000354533","258.175"
"5117000020","FALCON RECT. DOILY 12X16INC 250PCS","PCS","CTN","2005000354540","299"
"5118000008","FALCON TOOTH PICK MINTED 400PCS","PCS","CTN","2004000257080","102.35000000000001"
"5118000012","FALCON TOOTH PICKS 500PCS","PCS","CTN","2005000333132","96.6"
"5119000022","AL BAYADER P4PCU7 PAPER CUP W/HANDLE 7 OZ","PCS","CTN","2004000256595","203.55"
"5119000024","AL BAYADER CLEAR CUP 8 0Z 25PCS","PCS","CTN","2004000167655","339.1925"
"5119000028","FALCON CUP CAKE 9.5CM DESIGN 100PCS","PCS","CTN","2005000333316","161"
"5119000029","FALCON CUP CAKE 6CM DEZIGN 200PCS","PCS","CTN","2004000257066","151.8"
"5119000031","FALCON CUP W/HANDLE 50PCS","PCS","CTN","2004000256366","132.82500000000002"
"5119000033","AL BAYADER PLASTIC CUP FUN 50PCS","PCS","CTN","2004000132332","75.9"
"5119000039","FALCON PLASTIC CUP WHITE 6OZ 50PCS","PCS","CTN","2004000256892","68.425"
"5119000039","FALCON PLASTIC CUP WHITE 6OZ 50PCS","PCS","CTN","6291055083191","68.425"
"5119000048","SANITA PAPER CUP 50PCS","PCS","CTN","628017812020","212.75"
"5119000049","ROYAL PACK FOAM CUPS 6OZ 25CUP","PCS","CTN","2011011027519","84.52499999999999"
"5119000050","HTE FOAM CUP 6OZ","PCS","CTN","2008000417345","86.93999999999998"
"5119000052","SANITA PRINTED PAPER CUP 4OZ 50PCS","PCS","CTN","2008000423797","161"
"5119000052","SANITA PRINTED PAPER CUP 4OZ 50PCS","PCS","CTN","62810178120068","161"
"5119000053","HOTPACK PAPER CUP W\HANDLE 7OZ 50PCS","PCS","CTN","2009000441101","108.675"
"5119000053","HOTPACK PAPER CUP W\HANDLE 7OZ 50PCS","PCS","CTN","6419950010029","108.675"
"5119000053","HOTPACK PAPER CUP W\HANDLE 7OZ 50PCS","PCS","CTN","9714805110420","108.675"
"5119000056","HOTPACK SANDWICH PAPER WHITE 800SHE","PCS","CTN","2009000441132","115.31625"
"5119000062","PACKERS RIPPLE PAPER CUP W/LID 8 OZ","PCS","CTN","2015011050874","276"
"5119000063","PACKERS CLEAR JUICE CUP W/LID 25X12 OZ","PCS","CTN","2015011050997","393.3"
"5120000013","PEARL COAST SANDWICH PAPER","PCS","CTN","2004000167716","90.5625"
"5120000014","AL BAYADER PAPER PLATE 6 P4PPL6","PCS","CTN","2004000167006","86.93999999999998"
"5120000015","AL BAYADER PAPER PLATE 9 P4PPL9","PCS","CTN","2004000256601","120.75"
"5120000024","FALCON PLASTIC ROUND PLATE 18CM 25PCS","PCS","CTN","2005000333309","147.20000000000002"
"5120000025","FALCON PLASTIC ROUND PLATE 22CM 25PCS","PCS","CTN","2004000100577","219.64999999999998"
"5120000035","AL BAYADER P5PB15/50 ROUND PL.BOWL 15CM 50PCS","PCS","CTN","2004000561154","159.85011500000002"
"5120000036","AL BAYADER P5RP 26P25 ROUND.PLATE PLAIN 26CM","PCS","CTN","2004000256649","379.5"
"5120000037","AL BAYADER P5RP 22P/25 PL.PLATE .22CM 25PCS","PCS","CTN","2004000256656","299"
"5120000038","AL BAYADER P5RPP 26/25 PL.PLATE 3COMP.26CM 25PCS","PCS","CTN","2004000167662","385.25"
"5120000039","AL BAYADER P51PT3 PLASTIC TRAY #3 1KG","PCS","CTN","2004000167044","200.1"
"5120000054","HTE FOAM PLATE 10INC 3COMP","PCS","CTN","2008000417307","130.41000000000003"
"5120000055","HTE FOAM PLATE 7INC","PCS","CTN","2008000417314","86.93999999999998"
"5120000056","HTE FOAM PLATE 9INC","PCS","CTN","2008000417321","115.92"
"5120000057","HTE FOAM PLATE 10INC","PCS","CTN","2008000417338","147.315"
"5120000063","FALCON PLASTIC BOWL LARGE 25PCS","PCS","CTN","2009000441705","303.6"
"5120000064","PACKERS PLASTIC PLATE 25X7 INCH","PCS","CTN","2015011050881","135.23999999999998"
"5120000065","PACKERS PLASTIC PLATE 25X9 INCH","PCS","CTN","2015011050898","150.9375"
"5120000066","PACKERS PLASTIC PLATE 25X10 INCH","PCS","CTN","2015011050904","190.89999999999998"
"5120000067","PACKERS PLASTIC BOWL W/LID 25X250ML","PCS","CTN","2015011051000","251.16000000000003"
"5121000167","NAPCO SANDWICH BAG 150PCS","PCS","CTN","2004000159773","266.79999999999995"
"5121000169","NAPCO TRASH BAG 50GALLON 20BAG","PCS","CTN","2004000159797","166.75"
"5121000169","NAPCO TRASH BAG 50GALLON 20BAG","PCS","CTN","6281017902011","166.75"
"5121000170","NAPCO ABOU RABTA 30GAL 50BAG","PCS","CTN","2004000159803","347.3"
"5121000170","NAPCO ABOU RABTA 30GAL 50BAG","PCS","CTN","6281017902035","347.3"
"5121000171","NAPCO ABOU RABTA 50GALLON 50BAG","PCS","CTN","2004000159810","346.15"
"5121000171","NAPCO ABOU RABTA 50GALLON 50BAG","PCS","CTN","6281017902042","346.15"
"5121000172","NAPCO ABOU RABTA 55 GALLON 25BAG","PCS","CTN","2004000159827","346.15"
"5121000172","NAPCO ABOU RABTA 55 GALLON 25BAG","PCS","CTN","6281017902059","346.15"
"5121000173","NAPCO MAXI ROLL350M 1PCS","PCS","CTN","6281017803042","139.72500000000002"
"5121000178","CLUB TRASH BAG 8GALLON 30BAG","PCS","CTN","2004000104087","209.3"
"5121000179","FALCON LATEX GLOVES SMALL 100PCS","PCS","CTN","2005000333200","258.9225"
"5121000184","LUXUS GARBAGE BAG 60X90 20BAGES","PCS","CTN","2005000341403","146.05"
"5121000185","LUXUS GARBAGE BAG 80X110 20BAGES","PCS","CTN","2005000341410","250.70000000000002"
"5121000186","CLUB TRASH BAG 5 GALLON 30BAG","PCS","CTN","2004000256373","212.6925"
"5121000210","LUXUS GARBAGE BAG 105X125 20BAGES","PCS","CTN","2006000364195","517.5"
"5121000212","LUXUS GARBAGE BAG 90X110 10PCS","PCS","CTN","2006000364218","287.5"
"5121000226","TAIWAN GARBAGE 105X125 10PCS","PCS","CTN","2004000307686","211.3125"
"5121000227","TAIWAN GARBAGE 85X110 20PCS","PCS","CTN","2004000307693","264.5"
"5121000228","TAIWAN GARBAGE 95X115 20PCS","PCS","CTN","2005000343599","202.86"
"5121000229","TAIWAN GARBAGE 60X90 20PCS","PCS","CTN","2005000343582","193.2"
"5121000230","TAIWAN GARBAGE 75X103 25PCS","PCS","CTN","2004000162032","204.70000000000002"
"5121000233","FALCON SAMOUN BAG 25X12CM 30BAG","PCS","CTN","2007000392676","144.9"
"5121000234","FALCON SAMOUN BAG 19X10CM 50BAG","PCS","CTN","2007000392683","165.6"
"5121000237","NAPCO TABLE COVER JUMBO","PCS","CTN","2007000397206","345"
"5121000238","SANITA TRASH BAG SCENTED 5GAL 30BAG","PCS","CTN","2007000397312","212.75"
"5121000239","SANITA TRASH BAG SCENTED 8GAL 30BAG","PCS","CTN","2007000397329","211.60000000000002"
"5121000244","CLUB TRUSH BAG 10GAL 30PCS","PCS","CTN","2008000423728","207.8625"
"5121000245","CLUB TRUSH BAG 20GAL 15PCS","PCS","CTN","2008000423735","217.35"
"5121000246","SANITA TRUSH BAG 10GAL 30PCS SCENTED","PCS","CTN","2008000423742","218.5"
"5121000247","SANITA TRUSH BAG 20GAL 15PCS SCENTED","PCS","CTN","2008000423759","218.5"
"5121000273","HOTPACK VINYL GLOVES 100PCS","PCS","CTN","2009000441064","162.14999999999998"
"5121000275","SAMAR G\BAG 60X90CM 20PCS","PCS","CTN","2009000441484","178.25"
"5121000276","SAMAR GARBAGE BAG 75X103CM 25PCS","PCS","CTN","2009000441491","140.29999999999998"
"5121000277","FALCON SUFRA ROLL100X130CM","PCS","CTN","2009000441712","313.95"
"5121000283","CLUB TAVBLE COVER FASHION LARGE 1PCS","PCS","CTN","2009000005365","239.20000000000002"
"5121000284","HALA TABLE COVER CORELESS 14PCS","PCS","CTN","2009000005372","186.3"
"5121000294","CROWN GARBAGE BAGS 65X95CM 20PCS","PCS","CTN","2009000023123","186.3"
"5121000295","CROWN GARBAGE BAGS 80X110CM 20PCS","PCS","CTN","2009000023130","132.25"
"5121000296","CROWN GARBAGE BAGS 95X120CM 50PCS","PCS","CTN","2009000023147","115"
"5121000298","SANITA MAXI ROLL BOUQUET 1PC","PCS","CTN","2010198007260","148.35"
"5121000308","NAPCO BIODEGRADABLE GARBAGE BAG 30GAL 20PCS","PCS","CTN","2011011022460","165.6"
"5121000345","DIAMOND TARSH BAGS TWIST TIE 30GAL 20 S","PCS","CTN","2014011048454","218.5"
"5121000346","DIAMOND TARSH BAGS TWIST TIE 30GAL 40 S","PCS","CTN","2014011048461","200.1"
"5121000347","DIAMOND TARSH BAGS DRAW STRING 30GAL","PCS","CTN","2014011048478","179.4"
"5121000348","DIAMOND GARBAGE BAG TWIST TIE 4GAL 30 S","PCS","CTN","2014011048485","112.7"
"5121000349","DIAMOND KITCHEN WASTE BAG TWIST TIE 3GAL 30 S","PCS","CTN","2014011048492","190.32500000000002"
"5121000350","MICRO GARBAGE BAG WHITE 46X52 30s","PCS","CTN","2014011050013","195.61499999999998"
"5121000351","MICRO GARBAGE BAG WHITE 54X60 30s","PCS","CTN","2014011050020","164.22000000000003"
"5121000352","MICRO GARBAGE BAG BLACK 60X90 20S","PCS","CTN","2014011050037","356.5"
"5121000353","MICRO GARBAGE BAG BLACK 80X110 15S","PCS","CTN","2014011050044","293.25"
"5121000354","MICRO GARBAG B105X125 10S","PCS","CTN","2014011050051","350.75"
"5121000355","MICRO GARBAGE BAG BLACK 120X140 10S","PCS","CTN","2014011050068","333.5"
"5121000356","MICRO GARBAGE BAG BLACK 15S 90X110","PCS","CTN","2015011051048","402.5"
"5121000357","MICRO GARBAGE BAG ROLL WHITE 54X60 30S","PCS","CTN","2015011051055","146.05"
"5121000358","MICRO GARBAGE BAG ROLL BLACK 60X90 20S","PCS","CTN","2015011051062","132.25"
"5121000359","MICRO GARBAGE BAG ROLL BLACK 90X110 20S","PCS","CTN","2015011051079","345"
"5121000360","MICRO GARBAGE BAG ROLL BLACK 105X125 10S","PCS","CTN","2015011051086","140.29999999999998"
"5121000364","NAPCO GARBAGE BAG HALA ON ROLL 30GLN","PCS","CTN","2015011051246","111.550115"
"5121000365","NAPCO GARBAGE BAG HALA ON ROLL 50GLN","PCS","CTN","2015011051253","126.50000000000001"
"5121000383","SANITA TIE BAG BIO 30G ROL 20X10","PCS","CTN","5281001214510","170.2"
"5121000384","SANITA TIE BAG BIO 50G ROL 20X10","PCS","CTN","5281001214527","221.95"
"5121000385","SANITA TIE BAG BIO 55G ROL 10X10","PCS","CTN","5281001214534","169.04999999999998"
"5121000386","SANITA CLUB GB BIO 30G ROL 20X10","PCS","CTN","5281001213292","166.75"
"5121000387","SANITA CLUB GB BIO 50G ROL 20X10","PCS","CTN","5281001213308","165.42749999999998"
"5121000388","SANITA CLUB GB BIO 55G ROL 15X10","PCS","CTN","5281001213315","165.42749999999998"
"5122000005","AL BAYADER P53PLC3 PLASTIC CUP 3OZ 50 PCS","PCS","CTN","2005000327193","103.21249999999999"
"5122000011","SANITA TABLE NAPKINS BOUQUET LUXURY 24X24 25PCS","PCS","CTN","2008000423766","73.88749999999999"
"5122000012","SANITA TABLE NAPKINS BOUQUET LUXURY 33X33 25PCS","PCS","CTN","2008000423773","77.33749999999999"
"5122000013","SANITA TABLE NAPKINS BOUQUET LUXURY 40X40 25PCS","PCS","CTN","2008000423780","126.50000000000001"
"5122000016","MAPCO PLASTIC CUP 6OZ 50PCS","PCS","CTN","2009000440555","46.2875"
"5122000020","HOTPACK PLASTIC SPOON 50PCS","PCS","CTN","2009000441002","113.85"
"5122000021","HOTPACK PLASTIC FORK 50PCS","PCS","CTN","2009000441019","86.93999999999998"
"5122000022","HOTPACK KNIFE SPOON 50PCS","PCS","CTN","2009000441026","86.93999999999998"
"5122000023","HOTPACK TEA SPOON 50PCS","PCS","CTN","2009000441033","81.07499999999999"
"5122000024","HOTPACK CLEAR SPOON 50PCS","PCS","CTN","2009000441040","150.65"
"5122000025","HOTPACK CLEAR FORK 50PCS","PCS","CTN","2009000441057","123.16499999999999"
"5124000069","AL BAYADER FUN FOAM PLATE 10 P3FP10W","PCS","CTN","2004000256526","239.20000000000002"
"5124000070","AL BAYADER FOAM PLATE 7 P3FP7","PCS","CTN","2004000256533","323.15000000000003"
"5124000071","AL BAYADER FUN FOAM PLATE 9INC 25PC","PCS","CTN","2004000256540","195.5"
"5124000080","FALCON FOAM PLATES 7IN 25PCS","PCS","CTN","2004000255444","230"
"5124000081","FALCON FOAM PLATES 9IN 25PCS","PCS","CTN","2004000255451","144.9"
"5124000086","FALCON FOAM PLATE 10IN 25PCS","PCS","CTN","2006000360548","151.8"
"5124000087","FALCON PLASTIC PLATE 26CM 25PCS","PCS","CTN","2006000360555","286.35"
"5124000094","AL BAYADER P51PT2 PLASTIC TRY NO 2 10 KG","PCS","CTN","2004000167693","200.1"
"5124000096","AL BAYADER P51PT4 PLASTIC TRAY #4 1KG","PCS","CTN","2004000167051","195.5"
"5124000109","FALCON 480060 FACE MASK 50PCS","PCS","CTN","2008000433000","163.0125"
"5124000111","MAPCO FOAM PLATE ROUND 9INC 25PCS","PCS","CTN","2009000440449","108.675"
"5124000118","MAPCO FOAM CUP 6OZ 25PCS","PCS","CTN","2009000440517","89.9875"
"5124000120","HOTPACK PLASTIC BOWL 10CM 25PCS","PCS","CTN","2009000440982","157.2625"
"5124000121","HOTPACK PLASTIC BOWL 15CM 25PCS","PCS","CTN","2009000440999","123.16499999999999"
"5124000126","PACKERS FOAM PLATE 25X7 INCH","PCS","CTN","2015011050966","82.11000000000001"
"5124000127","PACKERS FOAM PLATE 25X9 INCH","PCS","CTN","2015011050973","102.63749999999999"
"5124000128","PACKERS FOAM PLATE 25X10 INCH","PCS","CTN","2015011050980","118.33500000000002"
"5125000051","FALCON SANDWICH BAG 15X17CM 100PCS","PCS","CTN","2004000256847","116.15"
"5125000052","FALCON ICE CUBE BAGS 240PCS","PCS","CTN","2004000256854","106.95"
"5125000053","FALCON FREEZER BAG P&C 20X30CM 200PCS","PCS","CTN","2004000158653","181.70000000000002"
"5125000054","FALCON FREEZER BAG P&C 18X23CM 300PCS","PCS","CTN","2004000256861","173.65"
"5125000055","FALCON FREEZER BAG ZIPPER 18X21CM 50PCS","PCS","CTN","2004000159308","402.5"
"5125000060","NAPCO FOOD STORAGE BAGS N-10 50PCS","PCS","CTN","2004000159841","207"
"5125000061","NAPCO FOOD STORAGE BAGS N-12 50PCS","PCS","CTN","2004000159858","207"
"5125000062","NAPCO FOOD STORAGE BAGS N-14 50PCS","PCS","CTN","2004000159865","211.60000000000002"
"5125000063","NAPCO FOOD STORAGE BAGS N-16 50PCS","PCS","CTN","2004000159872","207"
"5125000069","FALCON FREEZER ZIPPER BAG 27X30CM","PCS","CTN","2006000374774","379.5"
"5125000070","FALCON FREEZER ZIPPER BAG 30X40CM","PCS","CTN","2006000374781","396.17499999999995"
"5125000094","SANITA FOOD STORAGE BAG #6 50BAG","PCS","CTN","2007000397213","189.75"
"5125000095","SANITA FOOD STORAGE BAG #8 40BAG","PCS","CTN","2007000397220","186.3"
"5125000096","SANITA FOOD STORAGE BAG #10 25BAG","PCS","CTN","2007000397237","200.1"
"5125000097","SANITA FOOD STORAGE BAG #12 20BAG","PCS","CTN","2007000397244","192.625"
"5125000098","SANITA FOOD STORAGE BAG #14 20BAG","PCS","CTN","2007000397251","192.625"
"5125000105","HOTPACK MICROWAVE CONTAINER 500ML 5PCS RECT","PCS","CTN","2009000440852","261.05"
"5125000106","HOTPACK MICROWAVE CONTAINER 750ML 5PCS RECT","PCS","CTN","2009000440869","218.5"
"5125000107","HOTPACK MICROWAVE CONTAINER 1000ML 5PCS RECT","PCS","CTN","2009000440876","425.500115"
"5125000110","HOTPACK PLASTIC PLATE ROUND 10INC 25PCS","PCS","CTN","2009000440906","247.25"
"5125000111","HOTPACK PLASTIC PLATE ROUND 10INC 25PCS","PCS","CTN","2009000440913","287.5"
"5125000112","HOTPACK PLASTIC PLATE ROUND 9INC 25PCS","PCS","CTN","2009000440920","184.000115"
"5125000113","HOTPACK PLASTIC PLATE ROUND 7INC 25PCS","PCS","CTN","2009000440937","218.5"
"5125000125","DIAMOND FREEZER BAGS MED 20 S","PCS","CTN","2014011048409","170.2"
"5125000126","DIAMOND FREEZER BAGS ZIPPER LAR 15 S","PCS","CTN","2014011048416","190.89999999999998"
"5125000127","DIAMOND SANDWICH BAGS ZIPPER 50 S","PCS","CTN","2014011048423","171.925115"
"5125000128","DIAMOND SANDWICH BAGS ZIPPER 100 S","PCS","CTN","2014011048430","281.75"
"5125000129","DIAMOND SANDWICH BAGS FOLD TOP 150 S","PCS","CTN","2014011048447","147.20000000000002"
"5130000005","AL BAYADER P55FSP FLUO FLEXIBLE STRAW 6X230MM 225 PCS","PCS","CTN","2005000327186","257.6"
"5135000005","FALCON BAMBOO SKEWERS 10IN 100PCS","PCS","CTN","2005000333163","476.9625"
"5201000258","BAHAR DETEGENT 2.7KG","PCS","CTN","2004000160984","149.5"
"5201000320","BAHAR MATIC FWA FRONT LOADING 1.5KG","PCS","CTN","2005000348884","181.70000000000002"
"5201000344","TIDE JASMINE 110GR","PCS","CTN","5410076732128","131.09954"
"5201000613","BONUX ORIGINAL 4.5KG","PCS","CTN","2014011049147","241.5"
"5201000657","BONUX H/S ORIGINAL 6KG","PCS","CTN","5413149814622","158.4125"
"5201000660","BONUX MB 1.5KG","PCS","CTN","2010198001060","129.89249999999998"
"5201000660","BONUX MB 1.5KG","PCS","CTN","5413149814530","129.89249999999998"
"5201000661","BONUX LEMON 1.5KG","PCS","CTN","2010198001077","129.89249999999998"
"5201000661","BONUX LEMON 1.5KG","PCS","CTN","5413149814448","129.89249999999998"
"5201000662","BONUX H/S LILY 1.5KG","PCS","CTN","5413149821118","129.89249999999998"
"5201000664","BONUX H/S ORIGINAL 110GR","PCS","CTN","5410076733309","77.049425"
"5201000665","BONUX H/S LEMON 110GR","PCS","CTN","5410076733330","77.049425"
"5201000666","BONUX H/S LILY 110GR","PCS","CTN","5410076733361","85.3875"
"5201000667","ARIEL BLUE  MIC BOOST  260GR","PCS","CTN","2010198001138","165.598965"
"5201000667","ARIEL BLUE  MIC BOOST  260GR","PCS","CTN","5410076225859","165.598965"
"5201000667","ARIEL BLUE  MIC BOOST  260GR","PCS","CTN","5413149809307","165.598965"
"5201000668","ARIEL BLUE 110GR","PCS","CTN","5410076768639","124.199885"
"5201000669","ARIEL BLUE 4.5KG","PCS","CTN","5413149809390","327.75"
"5201000670","ARIEL BLUE 7.5KG","PCS","CTN","2010198001169","241.5"
"5201000670","ARIEL BLUE 7.5KG","PCS","CTN","5413149809451","241.5"
"5201000671","ARIEL GREEN 1.5KG","PCS","CTN","2010198001176","209.3"
"5201000671","ARIEL GREEN 1.5KG","PCS","CTN","5413149809710","209.3"
"5201000672","ARIEL BLUE 1.5KG","PCS","CTN","2010198001183","203.55"
"5201000672","ARIEL BLUE 1.5KG","PCS","CTN","5413149809338","203.55"
"5201000673","ARIEL GREEN 6KG","PCS","CTN","2010198001190","195.5"
"5201000673","ARIEL GREEN 6KG","PCS","CTN","5413149809772","195.5"
"5201000674","ARIEL BLUE 6KG","PCS","CTN","2010198001206","202.4"
"5201000674","ARIEL BLUE 6KG","PCS","CTN","5413149809420","202.4"
"5201000677","ARIEL GREEN WTD 3KG","PCS","CTN","5413149809864","235.74999999999997"
"5201000677","ARIEL GREEN WTD 3KG","PCS","CTN","5413149990944","235.74999999999997"
"5201000678","ARIEL GREEN JASMINE 3KG","PCS","CTN","5413149809659","213.9"
"5201000678","ARIEL GREEN JASMINE 3KG","PCS","CTN","5413149990999","213.9"
"5201000679","ARIEL GREEN COLOR 3KG","PCS","CTN","5413149809574","213.9"
"5201000679","ARIEL GREEN COLOR 3KG","PCS","CTN","5413149990975","213.9"
"5201000680","ARIEL GREEN 3KG","PCS","CTN","5413149809741","237.1875"
"5201000680","ARIEL GREEN 3KG","PCS","CTN","5413149990913","237.1875"
"5201000681","ARIEL BLUE WTD 3KG","PCS","CTN","5413149809543","235.74999999999997"
"5201000681","ARIEL BLUE WTD 3KG","PCS","CTN","5413149990845","235.74999999999997"
"5201000682","ARIEL BLUE JASMINE WTD 3KG","PCS","CTN","5413149809147","212.75"
"5201000682","ARIEL BLUE JASMINE WTD 3KG","PCS","CTN","5413149990883","212.75"
"5201000684","ARIEL BLUE 3KG","PCS","CTN","5413149809369","235.74999999999997"
"5201000684","ARIEL BLUE 3KG","PCS","CTN","5413149990821","235.74999999999997"
"5201000685","TIDE REGULAR MB 260GR","PCS","CTN","2010198001299","124.199885"
"5201000685","TIDE REGULAR MB 260GR","PCS","CTN","5410076223541","124.199885"
"5201000685","TIDE REGULAR MB 260GR","PCS","CTN","5413149805835","124.199885"
"5201000686","TIDE REGULAR 7.5KG","PCS","CTN","2010198001305","213.9"
"5201000686","TIDE REGULAR 7.5KG","PCS","CTN","5413149806474","213.9"
"5201000687","TIDE GREEN AUTO  6KG","PCS","CTN","5413149811515","215.05"
"5201000688","TIDE REGULAR 4.5KG","PCS","CTN","5413149811454","308.1425"
"5201000689","TIDE FLA 1.5KG","PCS","CTN","2010198001336","157.55"
"5201000689","TIDE FLA 1.5KG","PCS","CTN","5413149811263","157.55"
"5201000690","TIDE REGULAR 1.5KG","PCS","CTN","2010198001343","158.7"
"5201000690","TIDE REGULAR 1.5KG","PCS","CTN","5413149806542","158.7"
"5201000691","TIDE JASMINE 1.5KG","PCS","CTN","2010198001350","156.4"
"5201000691","TIDE JASMINE 1.5KG","PCS","CTN","5413149811393","156.4"
"5201000692","TIDE JASMINE 3KG","PCS","CTN","2010198001367","189.75"
"5201000692","TIDE JASMINE 3KG","PCS","CTN","5413149805743","189.75"
"5201000693","TIDE WTD 3KG","PCS","CTN","5413149805514","189.75"
"5201000694","TIDE FLA 3KG","PCS","CTN","2010198001381","211.60000000000002"
"5201000694","TIDE FLA 3KG","PCS","CTN","5413149811423","211.60000000000002"
"5201000695","TIDE REGULAR 3KG","PCS","CTN","5413149811294","189.75"
"5201000696","TIDE REGULAR 110GR","PCS","CTN","2010198001398","142.6"
"5201000696","TIDE REGULAR 110GR","PCS","CTN","5410076732098","142.6"
"5201000697","TIDE WTD 110GR","PCS","CTN","2010198001404","132.24908000000002"
"5201000697","TIDE WTD 110GR","PCS","CTN","5410076732159","132.24908000000002"
"5201000699","PERSIL HF BLUE 1.5KG","PCS","CTN","2010198002364","310.5"
"5201000700","PERSIL HF BLUE 3KG 3840517","PCS","CTN","2010198002371","416.875"
"5201000702","PERSIL HF BLUE 6KG","PCS","OFFER","6281031253298","76.1875"
"5201000703","PERSIL LF GREEN 1.5KG 3840522","PCS","CTN","2010198002395","307.05"
"5201000704","PERSIL LF GREEN 3KG","PCS","CTN","2010198002401","405.95"
"5201000706","PERSIL LF GREEN 6KG","PCS","OFFER","5201000706","105.80000000000001"
"5201000706","PERSIL LF GREEN 6KG","PCS","CTN","2010198002425","224.25"
"5201000710","OMO TOP LOAD 3 KG","PCS","CTN","2010198002739","276"
"5201000711","OMO FRONT LOAD AUOT 3 KG","PCS","CTN","2010198002746","282.0375"
"5201000712","OMO TOP LOAD 110GM","PCS","CTN","2010198002753","207"
"5201000713","OMO TOP LOAD 260GR","PCS","CTN","2010198002760","212.75"
"5201000714","OMO TOP LOAD 1500 GM","PCS","CTN","2010198002777","185.725"
"5201000715","OMO FRONT LOAD AUTO 1.5 KG","PCS","CTN","2010198002784","177.67499999999998"
"5201000716","OMO TOP LOAD 4.5KG POLYBAG","PCS","CTN","2010198002791","241.5"
"5201000717","OMO FRONT LOAD 4.5 KG POLYBAG","PCS","CTN","2010198002807","241.5"
"5201000718","OMO TOP LOAD 6KG POLYBAG","PCS","CTN","2010198002814","181.70000000000002"
"5201000719","OMO FRONT LOAD AUTO 6KG POLYBAG","PCS","CTN","2010198002821","181.70000000000002"
"5201000766","PERSIL GEL (LF) 1KG","PCS","CTN","2011011020343","310.5"
"5201000767","PERSIL GEL (LF) 3LTR","PCS","CTN","2011011020350","474.95"
"5201000781","TIDE FLA WTD 3KG","PCS","CTN","2011011027632","211.60000000000002"
"5201000782","TIDE REG WTD 4.5KG","PCS","CTN","2011011027649","253.00000000000003"
"5201000793","ARIEL GREEN MIC BOOST 260G","PCS","CTN","2011011029704","165.598965"
"5201000794","ARIEL GREEN 4.5KG","PCS","CTN","2011011029711","362.25"
"5201000799","TIDE H/S ORI 110G @10% O","PCS","CTN","5410076633050","123.05000000000001"
"5201000800","PERSIL HF POWER GEL NEW 1 LTR","PCS","CTN","2012011034309","379.5"
"5201000801","PERSIL HF GEL 3LTR","PCS","CTN","2012011034316","476.09999999999997"
"5201000814","TIDE H S WED110GM@10%OFF","OFFER","CTN","5410076758401","124.2"
"5201000995","TIDE JASMINE 4.5KG","PCS","CTN","5410076902361","270.25"
"5201000996","TIDE FLA 4.5KG F/A","PCS","CTN","5410076902330","308.1425"
"5201000997","TIDE WTD 6KG F/A","PCS","CTN","5410076902392","211.025"
"5201000998","ARIEL WTD BULE 4.5KG","PCS","CTN","5410076894833","423.20000000000005"
"5201001034","ALOKOZAY PREMIUM DETERGENT 110 GM","PCS","CTN","2015011050706","150.9375"
"5201001035","ALOKOZAY PREMIUM DETERGENT 260 GM","PCS","CTN","2015011050713","161"
"5201001036","ALOKOZAY PREMIUM DETERGENT 500 GM","PCS","CTN","2015011050720","216.2"
"5201001038","ALOKOZAY PREMIUM DETERGENT 2X3 KG","PCS","OFFER","6291101133924","51.749885"
"5202000040","CROWN BLUE LIQUID 250ML","PCS","CTN","2004000193395","319.9875"
"5202000041","CROWN BLUE LIQUID 125ML","PCS","CTN","2004000193401","176.29500000000002"
"5202000049","CLOROX FOR COLOR FLORAL 0.5GAL","PCS","CTN","2004000251712","169.04999999999998"
"5202000050","CLOROX BLEACH COLORS 1GAL","PCS","CTN","6281065181284","189.75"
"5202000052","CLOROX BLEACH REGULAR 1.89LT","PCS","OFFER","6291108424513","34.5"
"5202000052","CLOROX BLEACH REGULAR 1.89LT","PCS","CTN","6281065116408","138"
"5202000053","CLOROX BLEACH REGULAR 950ML","PCS","CTN","6281065113209","241.28150000000002"
"5202000054","CLOROX BLEACH REGULAR 470ML","PCS","CTN","6281065111601","150.65"
"5202000055","CLOROX BLEACH LEMON (ORANGE) SCENT 1GAL","PCS","CTN","2004000295051","187.45"
"5202000057","CLOROX BLEACH FOR COLORS 470ML","PCS","CTN","2004000295075","140.29999999999998"
"5202000058","CLOROX BLEACH FOR COLORS REG. 1.89 LT(1/2GAL)","PCS","CTN","2004000295082","169.04999999999998"
"5202000059","CLOROX BLEACH FOR COLORS FLORAL 950 ML","PCS","CTN","2004000295099","178.25"
"5202000060","CLOROX BLEACH FLORAL SCENT 1GAL","PCS","CTN","6281065141288","187.45"
"5202000065","CLOROX FOR COLOR BLUE 950ML","PCS","CTN","2004000295198","178.25"
"5202000065","CLOROX FOR COLOR BLUE 950ML","PCS","CTN","6281065163204","178.25"
"5202000073","VANISH OXI ACTION GEL 1KG","PCS","CTN","2005000343988","303.6"
"5202000078","VANISH STAIN REMOVER LIQUID 500ML","PCS","CTN","2006000366052","197.79999999999998"
"5202000079","VANISH OXI ACTION PRE WASH 500ML","PCS","CTN","2006000366069","278.3"
"5202000083","CLOROX BLEACH ORANGE SCENT 0.5GAL","PCS","CTN","2006000381611","150.65"
"5202000083","CLOROX BLEACH ORANGE SCENT 0.5GAL","PCS","CTN","6281065014230","150.65"
"5202000084","CLOROX BLEACH FLORAL FRESH SCENT 0.5GAL","PCS","CTN","6281065014193","152.95000000000002"
"5202000126","VANISH OXI MULTI POWDER 500G","PCS","CTN","2011011020169","577.3"
"5202000127","PERSIL LIQUID BLACK WASH ANAQA 1LTR 3840451","PCS","CTN","2011011021029","322"
"5202000128","PERSIL LIQUID BLACK WASH ANAQA 2LTR3840456","PCS","CTN","2011011021036","431.25"
"5202000129","PERSIL LQUID BLACK WASH 3LTR","PCS","CTN","2011011021043","457.7"
"5202000132","PERSIL LIQUID BLACK WASH ANAQA 3LTR 3840471","PCS","CTN","2011011028240","453.09999999999997"
"5203000013","AIRWICK ROBIN STARCH DRUMMER 400ML","PCS","CTN","2004000215394","310.5"
"5203000016","FID FAD ANTI B STATIC CLOTHE SPRAY 400ML","PCS","CTN","2004000158561","422.05"
"5203000023","LUCKY WIN PARTY SPRAY","PCS","CTN","2014011049970","148.35"
"5204065435","DOWNY F\S D\G 3LTR","PCS","CTN","5413149087552","159.84885"
"5204065456","COMFORT PINK FABRIC SOFTENER 1 LT","PCS","CTN","06281006100213","247.25"
"5204065456","COMFORT PINK FABRIC SOFTENER 1 LT","PCS","CTN","2004000295228","247.25"
"5204065457","COMFORT BLUE FABRIC SOFTENER 3 LT","PCS","CTN","06281006130111","238.04999999999998"
"5204065458","COMFORT PINK FABRIC SOFTENER 3 LT","PCS","CTN","06281006120211","248.6875"
"5204065458","COMFORT PINK FABRIC SOFTENER 3 LT","PCS","CTN","2004001498635","248.6875"
"5204065459","COMFORT FABRIC SOFTENER BLUE 2 LT","PCS","CTN","06281006100190","231.14999999999998"
"5204065459","COMFORT FABRIC SOFTENER BLUE 2 LT","PCS","CTN","2004000295242","231.14999999999998"
"5204065460","COMFORT FABRIC SOFTENER PINK 2 LT","PCS","CTN","06281006100237","225.4"
"5204065460","COMFORT FABRIC SOFTENER PINK 2 LT","PCS","CTN","2004000295259","225.4"
"5204065462","COMFORT BLUE 1 LT","PCS","CTN","06281006100176","243.8"
"5204065468","COMFORT BLUE 4 LT","PCS","CTN","06281006130456","195.5"
"5204065469","COMFORT PINK 4 LT","PCS","CTN","06281006130470","192.04999999999998"
"5204065470","DOWNY F\S BLUE 2LTR","PCS","CTN","5413149052765","156.975"
"5204065471","DOWNY F\S D\G 2LTR","PCS","CTN","2004000295402","156.975"
"5204065472","DOWNY F/S D/G 1LT","PCS","CTN","2004000295419","167.6125"
"5204065473","DOWNY VALLY DEW 1L","PCS","CTN","2004000295426","227.7"
"5204065517","COMFORT FABRIC SOFTNER PASSION FLOWER 3LT","PCS","CTN","2006000373067","195.5"
"5204065556","DOWNY F\S S\FRESH 3LT","PCS","CTN","2007000412060","175.95000000000002"
"5204065558","COMFORT FABRIC SOFTNER ORCHID MUSK 750ML","PCS","CTN","2008000411930","324.29999999999995"
"5204065559","COMFORT FABRIC SOFTNER JASMINE CEDARWOOD 750ML","PCS","CTN","2008000411947","324.29999999999995"
"5204065560","COMFORT FABRIC SOFTNER LAVENDER MANGNOLIA 750ML","PCS","CTN","2008000411954","324.29999999999995"
"5204065578","DOWNY FABRIC SOFTENER VALLEY DEW BLUE 3LTR","PCS","CTN","2008000436513","159.84885"
"5204065585","DOWNY FABRIC SOFTNER STAY FRESH 2LT","PCS","CTN","2008000437954","169.04999999999998"
"5204065616","DOWNY FABRIC SOFTNER VALLEY DEW 1LTR CONCENTRATE","PCS","CTN","2010198001428","283.7625"
"5204065617","DOWNY FABRIC SOFTNER DREAM GARDENS 1LTR CONCENTRATE","PCS","CTN","2010198001435","281.75"
"5204065618","DOWNY FABRIC SOFTNER FLORAL BREEZE 1LTR CONCENTRATE","PCS","CTN","2010198001442","276"
"5204065619","DOWNY FABRIC SOFTNER NATURAL EXTRACTS 1LTR CONCENTRATE","PCS","CTN","2010198001459","276"
"5204065620","DOWNY FABRIC SOFTNER ROMANTIC FEEL 1LTR CONCENTRATE","PCS","CTN","2010198001466","281.75"
"5204065630","COMFORT ESSENCE LAVANDER&MAGNOLIA 1.5LTR","PCS","CTN","2010198007802","277.15000000000003"
"5204065631","COMFORT ESSNECE ORANGE FLOWER&ALOE VERA 1.5LTR","PCS","CTN","2010198007819","267.375"
"5204065632","COMFORT ESSENCE ORCHID&MUSK 1.5LTR","PCS","CTN","2010198007826","277.15000000000003"
"5204065633","DOWNY FABRIC SOFTNER FEEL ELEGENT 1LTR CONCENTRATE","PCS","CTN","2010198010666","281.75"
"5204065635","COMFORT ESSENCE IRIS & JASMINE (BLUE) 1.5L","PCS","CTN","2010198012929","362.25"
"5204065651","DOWNY CONCENTRATE FEEL LUXURY 1LTR","PCS","CTN","2011011030540","282.6125"
"5204065652","DOWNY CONCENTRATE GENTLE 1LTR","PCS","CTN","2011011030557","281.75"
"5204065676","COMFORT ESSENCE GARDENIA &VIOLET750ML","PCS","CTN","2012011037966","319.7"
"5204065677","COMFORT ESSENCE ROSE&JASMINE750ML","PCS","CTN","2012011037973","322"
"5204065678","COMFORT ESSENCE GARDENIA&VIOLET1.5LTR","PCS","CTN","2012011037980","277.15000000000003"
"5204065715","LIFE WAY FABRIC SOFTNER SPRING 2 LITER","PCS","OFFER","6296240023662","24.15"
"5205000037","FAIRY LIQUID APPLE 1LT","PCS","CTN","2005000322402","181.70000000000002"
"5205000101","FAIRY DISH WASHING LEMON 1LTR","PCS","CTN","5000174024548","181.70000000000002"
"5205000102","FAIRY D\W LEMON 500ML","PCS","CTN","5000174024579","229.425"
"5205000104","FAIRY WASHING LIQUID REGULAR 1LT","PCS","CTN","2004000295648","181.70000000000002"
"5205000105","FAIRY DISH WAHING LIQUID REGULAR 450ML","PCS","CTN","2014011049154","240.35"
"5205000107","JIF CLEANING REG. 250ML","PCS","CTN","2004000296058","195.5"
"5205000108","JIF LIQUID LEMON 250 ML","PCS","CTN","06281006100053","195.5"
"5205000109","JIF LIQUID LEMON 500ML","PCS","CTN","2004000296065","287.5"
"5205000110","JIF CLEANER LIQUID REGULAR WHITE 500ML","PCS","CTN","2004000296072","261.05"
"5205000117","PRIL WASH UP LIQUID- LEMON VINEGAR 500ML3841400","PCS","CTN","2004000179023","156.975"
"5205000119","PRIL WASH UP LIQUID- APPLE VINEGAR 500ML3841404","PCS","CTN","2004000179047","156.4"
"5205000120","PRIL WASH UP LIQUID- APPLE VINEGAR 1 LT 3841412","PCS","CTN","2004000158370","255.3"
"5205000122","PRIL WASH UP LIQUID- LEMON VINEGAR 1LT3841408","PCS","CTN","2004000158363","255.3"
"5205000153","FINISH POWDER LEMON 1KG","PCS","CTN","2006000372336","441.59965500000004"
"5205000174","FAIRY DISH WASHING LEMON PLUS 1.5LT","PCS","CTN","2006000383646","175.95000000000002"
"5205000175","FAIRY D/W REG PLUS 1.5LT","PCS","CTN","2006000383653","175.95000000000002"
"5205000212","PERSIL DETRGENT LIQUID BLACK WASH 1LTR 3840450","PCS","CTN","2008000412913","322"
"5205000213","PERSIL DETERGENT LIQUID BLACK WASH 2LTR 3840455","PCS","CTN","2008000412920","431.25"
"5205000256","FINISH DISH WASH REGULAR 2.5KG","PCS","CTN","2010198009752","524.4"
"5205000257","FINISH DISHWASHING SALT 2KG","PCS","CTN","2010198009769","276"
"5205000263","FAIRY DISH WASH LIQUID TEA W/MINT 750ML","PCS","CTN","2011011020930","177.1"
"5205000264","FAIRY DISH WASH LIQUID TEA W/ MINT 1.2LT","PCS","CTN","2011011020947","175.95000000000002"
"5205000265","FAIRY DISH WASH LIQUID CHAMOMILE 750ML","PCS","CTN","2011011020954","177.1"
"5205000266","FAIRY DISH WASH LIQUID CHAMOMILE 1.2LTR","PCS","CTN","2011011020961","175.95000000000002"
"5205000296","LUX SUNLIGHT RAGULAR LIQIUD 400ML","PCS","CTN","2013011046071","133.39999999999998"
"5205000297","LUX SUNLIGHT LEMON LIQIUD 400ML","PCS","CTN","2013011046088","189.75"
"5205000298","LUX SUNLIGHT RAGULAR LIQIUD 750ML(GR2)","PCS","CTN","2013011046095","264.5"
"5205000299","LUX SUNLIGHT LEMON LIQIUD 750ML(GR2)","PCS","CTN","2013011046101","258.75"
"5205000300","LUX SUNLIGHT REGULAR LIQIUD 1250ML(GR2)","PCS","CTN","2013011046118","316.25"
"5205000301","LUX SUNLIGHT LEMON LIQIUD 1250ML(GR2)","PCS","CTN","2013011046125","323.4375"
"5205000303","FAIRY PLATINUM ORIGINAL 625ML","PCS","CTN","2013011046828","235.74999999999997"
"5205000304","FAIRY PLATINUM LEMON 625ML","PCS","CTN","2013011046835","235.74999999999997"
"5205000305","FAIRY PLATINUM ORIGINAL1.02ML","PCS","CTN","2013011046842","177.67499999999998"
"5205000306","FAIRY PLATINUM LEMON 1.02ML","PCS","CTN","2013011046859","177.0425"
"5205000324","LIFE WAY DISH WASH LIQUID 1 LITER","PCS","OFFER","6297000601090","16.674999999999997"
"5205000337","JIF LEMON SPECIAL PRICE 2X500 ML","PCS","OFFER","6281006204317","27.8875"
"5206000018","DETTOL A/B KITCHEN CLEANSER 500GR","PCS","CTN","2004000199694","320.85"
"5206000040","JIF CREAM LIQUID REGULAR 750ML","PCS","CTN","2009000007451","378.35"
"5206000041","JIF LIQUID LEMON 750ML","PCS","CTN","2009000007468","354.2"
"5206000044","JIF ACTIFIZZ SUMMER FRESH SPRAY 750ML","PCS","CTN","2010198002159","317.4"
"5206000048","DETTOL KITCHEN CLEANER ROSE TRIGGER 500 ML","PCS","CTN","2011011031776","322"
"5206000049","DETTOL BATHROOM CLEANER OCEAN FRESH 500 ML","PCS","CTN","2011011031783","315.1"
"5207000026","WINDEX GLASS CLEANER BERRIES 750ML","PCS","CTN","2005000320736","270.24942500000003"
"5207000041","DAC GLASS CLEANER 650 ML","PCS","CTN","2004000195368","160.7125"
"5207000042","DAC GLASS CLEANER 400 ML","PCS","CTN","2004000195801","113.85"
"5207000073","KIWI GLASS CLEANER 750ML","PCS","CTN","2006000367165","151.8"
"5207000079","WINDEX ORIGINAL STREAK FREE 750ML","PCS","CTN","46281100870706","362.25"
"5207000081","WINDEX GLASS CLEANER LIME 750ML","PCS","CTN","2008000416119","253.00000000000003"
"5207000092","LIFE WAY GLASS CLEANER 650 ML","PCS","OFFER","6297000601106","12.075"
"5208000020","DETTOL A/B BATHROOM CLEANSER 500GR","PCS","CTN","2004000199700","324.29999999999995"
"5208000046","HARPIC LIQUID BLUE 500 ML","PCS","CTN","2004000212393","224.25"
"5208000047","HARPIC LIQUID CITRUS FRESH 750ML","PCS","CTN","2004000212492","282.9"
"5208000048","HARPIC LIQUID PEACH & JASMINE 750ML","PCS","CTN","2005000326400","282.9"
"5208000049","HARPIC MOUNTAIN PINE 750ML","PCS","CTN","2004000212485","319.41249999999997"
"5208000050","HARPIC PEACH/JASMINE 500 ML","PCS","CTN","2004000212461","191.7625"
"5208000051","HARPIC LIQUID-CITRUS FRESH 500 ML","PCS","CTN","2004000212546","224.25"
"5208000052","HARPIC LIQUID MOUNTIAN PINE 500ML","PCS","CTN","2005000326387","224.25"
"5208000056","HARPIC LIQUID BLEACH 750ML","PCS","CTN","2005000326417","233.45"
"5208000058","HARPIC POWER PLUS ORIG.750ML","PCS","CTN","2006000383530","302.45"
"5208000090","HARPIC LIQUID ORIGINAL 750ML 2+1FREE","PCS","OFFER","6001106111298","44.5625"
"5208000090","HARPIC LIQUID ORIGINAL 750ML 2+1FREE","PCS","OFFER","6001106111281","44.5625"
"5208000090","HARPIC LIQUID ORIGINAL 750ML 2+1FREE","PCS","OFFER","6001106111441","44.5625"
"5208000090","HARPIC LIQUID ORIGINAL 750ML 2+1FREE","PCS","OFFER","6001106111465","44.5625"
"5208000094","DETTOL MAC 4IN1 PINE 900ML","PCS","CTN","2008000428570","310.5"
"5208000095","DETTOL MAC 4IN1 LEMON 900ML","PCS","CTN","2008000428587","307.05"
"5208000096","DETTOL MAC 4IN1 JASMINE 900ML","PCS","CTN","2008000428594","310.5"
"5208000097","DETTOL MAC 4IN1 AQUA 900ML","PCS","CTN","2008000428600","310.5"
"5208000098","DETTOL MAC 4IN1 PINE 1.8LT","PCS","OFFER","6295120007846","34.4885"
"5208000098","DETTOL MAC 4IN1 PINE 1.8LT","PCS","OFFER","6295120007907","34.4885"
"5208000098","DETTOL MAC 4IN1 PINE 1.8LT","PCS","OFFER","6295120042069","34.4885"
"5208000098","DETTOL MAC 4IN1 PINE 1.8LT","PCS","CTN","2008000428617","276"
"5208000099","DETTOL LEMON  1.8LT+B/C 500ML","PCS","OFFER","6295120007839","34.4885"
"5208000099","DETTOL LEMON  1.8LT+B/C 500ML","PCS","OFFER","6295120007891","34.4885"
"5208000099","DETTOL LEMON  1.8LT+B/C 500ML","PCS","OFFER","6295120042007","34.4885"
"5208000099","DETTOL LEMON  1.8LT+B/C 500ML","PCS","CTN","2008000428624","273.7"
"5208000100","DETTOL JAS 1.8LT+B/C 500ML","PCS","OFFER","6295120007815","47.15"
"5208000100","DETTOL JAS 1.8LT+B/C 500ML","PCS","OFFER","6295120007877","47.15"
"5208000100","DETTOL JAS 1.8LT+B/C 500ML","PCS","OFFER","6295120041949","47.15"
"5208000100","DETTOL JAS 1.8LT+B/C 500ML","PCS","CTN","2008000428631","281.75"
"5208000101","DETTOL MAC 4IN1 AQUA 1.8LT","PCS","OFFER","6295120007808","47.724999999999994"
"5208000101","DETTOL MAC 4IN1 AQUA 1.8LT","PCS","OFFER","6295120007860","47.724999999999994"
"5208000101","DETTOL MAC 4IN1 AQUA 1.8LT","PCS","OFFER","6295120041888","47.724999999999994"
"5208000101","DETTOL MAC 4IN1 AQUA 1.8LT","PCS","CTN","2008000428648","285.2"
"5208000116","HARPIC LAVENDER  750ML","PCS","CTN","2009000448995","302.45"
"5208000117","HARPIC CETRUS FORCE 750ML","PCS","CTN","2009000449008","302.45"
"5208000118","HARPIC LAVENDER  500ML","PCS","CTN","2009000449015","224.25"
"5208000123","DETTOL 4IN1 LAVENDER 900ML","PCS","CTN","2009000008687","304.75011499999994"
"5208000124","DETTOL MAC 4IN1 ROSE 900ML","PCS","CTN","2009000008694","310.5"
"5208000125","DETTOL MAC 4IN1 LAVENDER 1.8LT","PCS","OFFER","6295120007822","34.4885"
"5208000125","DETTOL MAC 4IN1 LAVENDER 1.8LT","PCS","OFFER","6295120007884","34.4885"
"5208000125","DETTOL MAC 4IN1 LAVENDER 1.8LT","PCS","OFFER","6295120041970","34.4885"
"5208000125","DETTOL MAC 4IN1 LAVENDER 1.8LT","PCS","CTN","2009000008700","281.75"
"5208000126","DETTOL MAC 4IN1 ROSE 1.8LT","PCS","OFFER","6295120007853","49.1625"
"5208000126","DETTOL MAC 4IN1 ROSE 1.8LT","PCS","OFFER","6295120007914","49.1625"
"5208000126","DETTOL MAC 4IN1 ROSE 1.8LT","PCS","OFFER","6295120042090","49.1625"
"5208000126","DETTOL MAC 4IN1 ROSE 1.8LT","PCS","CTN","2009000008717","287.5"
"5208000127","DETTOL MAC 4IN1 LAVENDER 3L","PCS","CTN","2009000008731","235.46249999999998"
"5208000128","DETTOL MAC 4IN1 ROSE 3LT","PCS","CTN","2009000008748","296.7"
"5208000139","DETTOL MAC 4 IN 1 GREEN APPLE 3LTR","PCS","CTN","2011011029674","293.25"
"5208000140","DETTOL MAC 4 IN 1 GREEN APPLE 1.8LTR","PCS","CTN","2011011029681","268.525115"
"5208000141","DETTOL MAC 4 IN 1 GREEN APPLE 900ML","PCS","CTN","2011011029698","278.3"
"5208000143","FLASH TOILET BOWL CLEANSER 1.18L","PCS","CTN","2012011034811","121.9"
"5208000152","MR.MUSCLE A P C LAVENDER T/CLENER 1LT","PCS","CTN","2013011047160","231.14999999999998"
"5208000153","MR.MUSCLE A P C PINE T/CLENER 1LT","PCS","CTN","2013011047177","233.45"
"5208000154","MR.MUSCLE A P C LAVENDER T/CLENER 3LT","PCS","OFFER","6291775756450","42.8375"
"5208000155","MR.MUSCLE A P C FLORAL T/CLENER 3LT","PCS","OFFER","6291775756467","42.8375"
"5208000176","DAC TOILET CLNR TOTAL PR","PCS","OFFER","6281031257586","25.297124999999998"
"5208000177","DAC TOILET CLNR 6X EFFE MAX 750ML","PCS","OFFER","6281031257609","25.297124999999998"
"5209000010","FORCE OVEN CLEANER 300ML","PCS","CTN","2005000335648","278.5875"
"5216000146","AIRWICK AC/DC REFILL LAVANDER","PCS","CTN","2005000326240","396.75"
"5216000154","AIRWICK CRYSTAL CITRUS F/MATIC","PCS","CTN","2005000328633","822.25"
"5216000172","AIRWICK CARPET POWDER LAVENDER 350ML","PCS","CTN","2008000416553","319.7"
"5216000184","AIRWICK AIR FRESHNER CLICK SPRAY REFILL ROSE GARDEN","PCS","CTN","2005000326264","161"
"5216000187","AIRWICK A.FRESHENERS N&FRT. JAP CHERRY 300ML","PCS","CTN","2004000296195","192.04999999999998"
"5216000191","AIRWICK AIR FRESHENER N&FLWR.POT POURRI 300ML","PCS","CTN","2004000296249","182.85000000000002"
"5216000192","AIRWICK A.FRESHENER N&FLWR.WHITE FLOWER 300 ML","PCS","CTN","2004000296256","175.0875"
"5216000193","AIRWICK AIR FRESHENER LAVENDER 300ML","PCS","CTN","2004000296263","192.04999999999998"
"5216000198","AIRWICK AIR FRESHENER ROSE 300ML","PCS","CTN","2004000296324","193.775"
"5216000199","AIRWICK AIR FRESHENER JASMINE 300ML","PCS","CTN","2004000296331","193.2"
"5216000200","AIRWICK AIR FRESHENER SANDALWOOD 300ML","PCS","CTN","2004000296348","193.775"
"5216000203","AIRWICK AC/DC REFILL M/ROSE","PCS","CTN","2005000326226","350.75"
"5216000204","AIRWICK CRYSTAL LAVENDER","PCS","CTN","2004000296386","316.25"
"5216000207","AIRWICK CARPET POWDER-LEMON 350ML","PCS","CTN","2004000296737","319.7"
"5216000208","AIRWICK CARPET POWDER-F/GARDEN 350 ML","PCS","CTN","2004000296744","299"
"5216000247","TEEB AIR FRESHNER ROYAL 300ML","PCS","CTN","2005000354458","115"
"5216000248","TEEB AIR FRESHNER SHAHEED 300ML","PCS","CTN","2005000354465","111.550115"
"5216000257","SEAGULL AIR FRESHNER KAPUR BARUS SG-510","PCS","CTN","2006000360517","47.0925"
"5216000258","SEAGULL AIR FRESHNER DEODORANT SG-511","PCS","CTN","2006000360524","87.6875"
"5216000268","AMBIPUR A/F AEROSOL LAVENDER 300ML","PCS","CTN","2006000367325","114.7125"
"5216000270","AMBIPUR A/F AEROSOL BOUQUET 300ML","PCS","CTN","2006000367349","120.75"
"5216000271","AMBIPUR A/F AEROSOL FOREST 300ML","PCS","CTN","2006000367356","120.75"
"5216000272","AMBIPUR A/F AEROSOL CITRUS 300ML","PCS","CTN","2006000367363","120.75"
"5216000273","AMBIPUR A/F AEROSOL AFTER TOBACO 300ML","PCS","CTN","2006000367370","120.75"
"5216000274","AMBIPUR A/F AEROSOL VANILLA 300ML","PCS","CTN","2006000367387","120.75"
"5216000275","AMBIPUR A/F AEROSOL FRUITS 300ML","PCS","CTN","2006000367394","113.85"
"5216000277","DUBAI CYCLE AGARBATTI INCENSE STICKS","PCS","OUT","8901751405095","20.698964999999998"
"5216000277","DUBAI CYCLE AGARBATTI INCENSE STICKS","PCS","CTN","3030000000047","338.09999999999997"
"5216000285","AMBIPUR CAR FRESHNER BOUQUET 8ML VANILLA","PCS","CTN","2006000367400","204.70000000000002"
"5216000286","AMBIPUR CAR FRESHNER AQUA 8ML","PCS","CTN","2006000367417","204.70000000000002"
"5216000287","AMBIPUR CAR FRESHNER PASIFIC AIR 8ML","PCS","CTN","2006000367424","204.70000000000002"
"5216000288","AMBIPUR CAR FRESHNER PLUG DESSERT SUN 8ML","PCS","CTN","2006000367431","204.70000000000002"
"5216000289","AMIRAL LOTION A/F 500ML","PCS","CTN","2004000190233","363.40000000000003"
"5216000298","AMBIPUR CAR FRESH REFILL PASFIC","PCS","CTN","2004000188780","158.7"
"5216000299","AMBIPUR CAR FRESHNER AFTER TOBACO 8ML","PCS","CTN","2004000188728","204.70000000000002"
"5216000300","AMBIPUR CAR FRESH REFILL AQUA","PCS","CTN","2004000188704","157.55"
"5216000304","GLADE A.FRESHENER ROSE 300ML","PCS","CTN","2004000209669","195.5"
"5216000305","GLADE A\F JASMINE 300ML","PCS","CTN","2004000209676","192.04999999999998"
"5216000306","GLADE A.FRESHENER LAVENDER 300ML","PCS","CTN","2004000209683","198.95"
"5216000317","GLADE AIR FRESH ONE TOUCH LOVENDER 1 PC","PCS","CTN","2004000209812","141.45"
"5216000318","GLADE AIR FRESH ONE TOUCH","PCS","CTN","2004000209829","103.5"
"5216000319","GLADE AIR FRESH ONE TOUCH REF. MARINE","PCS","CTN","2004000209836","158.7"
"5216000320","GLADE AIR FRESH ONE TOUCH REF. LEVNDER","PCS","CTN","2004000209843","227.7"
"5216000325","TEEB AIR FRESHENER UDD FRESH 300 ML","PCS","CTN","2004000229841","116.15"
"5216000326","TEEB AIR FRESHENER BOUQUET FRESH 300 ML","PCS","CTN","2004000229858","107.525"
"5216000327","TEEB AIR FRESHENER BAKHOUR AM.FRESH 300 ML","PCS","CTN","2004000229865","116.15"
"5216000328","TEEB AIRFRESHNER LEMON 300 ML","PCS","CTN","2004000229872","111.550115"
"5216000329","TEEB AIRFRESHNER ROSE 300 ML","PCS","CTN","2004000229889","113.85"
"5216000330","TEEB AIRFRESHNER SANDAL 300 ML","PCS","CTN","2004000229896","111.550115"
"5216000331","TEEB AIRFRESHNER JASMINE 300 ML","PCS","CTN","2004000229902","113.85"
"5216000332","TEEB AIRFRESHNER LAVENDER 300 ML","PCS","CTN","2004000229919","111.550115"
"5216000333","TEEB AIR FRESHENERS-SABAH 330 ML","PCS","CTN","2004000229926","116.4375"
"5216000340","AIRWICK AIR FRESHNER CLICK SPRAY LAVANDER","PCS","CTN","2006000383288","212.75"
"5216000349","GLADE CAR GEL AIR FRESHNER NC GRAPE 70GR","PCS","CTN","2007000410189","189.75"
"5216000350","GLADE CAR GEL AIR FRESHNER NC LEMON 70GR","PCS","CTN","2007000410196","189.75"
"5216000351","GLADE CAR GEL AIR FRESHNER NC ORANGE 70GR","PCS","CTN","2007000410202","189.75"
"5216000352","GLADE CAR AUTO AIR FRESHNER LAVENDER & MARINE 8ML","PCS","CTN","2007000410219","290.95"
"5216000356","GLADE AIR INFUSION PINK 300ML","PCS","CTN","2008000416041","204.70000000000002"
"5216000357","GLADE AIR INFUSION LILY 300ML","PCS","CTN","2008000416058","204.70000000000002"
"5216000363","AIRWICK AIR FRESHNER VANILLA 300ML","PCS","CTN","2011011020220","189.75"
"5216000364","AIRWICK AIR FRESHNER CITRUS 300ML","PCS","CTN","2011011020237","189.75"
"5216000390","AIRWICK MID NIGHT ROSE F/MATIC","PCS","CTN","2010198002135","862.5"
"5216000392","GLADE ONE TOUCH MARINE 1PC","PCS","CTN","2010198007000","207"
"5216000424","GLADE AUTO SPRAY REFILL HAWAIAN BREEZE 175GM","PCS","OFFER","6223001342526","67.5625"
"5216000425","GLADE AUTOSPRAY REFILL LAVENDER&VANILLA175GM","PCS","OFFER","6223001342533","70.14999999999999"
"5216000428","HEM FIRDAUS INCENSE STICKS 30GM","PCS","OUT","8901810001619","12.9375"
"5216000429","HEM CHANDAN INCENSE STICKS 30GM","PCS","OUT","8901810001008","12.9375"
"5216000430","HEM GULAB INCENSE STICKS 30GM","PCS","OUT","8901810001015","12.9375"
"5216000431","HEM JASMINE INCENSE STICK 30GM","PCS","OUT","8901810001398","12.9375"
"5217000034","SEAGULL NAPHALENE BALL SG-522 150 GR COLORE","PCS","CTN","2004000219699","109.25"
"5217000035","SEAGULL NAPHALENE BALL SG-522 150 GRWHITE","PCS","CTN","2004000219682","109.25"
"5217000036","SEAGULL NAPHALENE BALL SG-521 300 GR","PCS","CTN","2004000219675","169.04999999999998"
"5217000042","HARPIC LAV/BLOCK CITRUS 40 GR","PCS","CTN","2004000212416","150.9375"
"5217000043","HARPIC LAV/BLOCK P/JASMINE 40 GR","PCS","CTN","2004000212409","151.8"
"5217000044","HARPIC MOUNTAIN PINE BLOCK","PCS","CTN","1000040004333","152.95000000000002"
"5218000011","KIWI STAIN REMOVER FLORAL 500ML","PCS","CTN","2006000367172","150.9375"
"5218000012","KIWI STAIN REMOVER LEMON 500ML","PCS","CTN","2006000367189","150.9375"
"5218000014","VANISH CRISTAL WHITE POWDER 900GR","PCS","CTN","2006000379823","442.75"
"5218000015","VANISH CRISTAL WHITE POWDER 450GR","PCS","CTN","2006000379830","592.25"
"5220000017","PLEDGE POLISH P\P 300ML","PCS","CTN","2004000178149","227.7"
"5220000018","PLEDGE FURNITURE POLISH SPRING 300ML","PCS","CTN","2004000178156","172.5"
"5220000019","PLEDGE FURNITURE POLISH NATURAL 300ML","PCS","CTN","2004000178163","227.7"
"5220000020","PLEDGE FURNITURE POLISH ORANGE 300ML","PCS","CTN","2007000386781","230"
"5225000006","VANISH OXI POWDER 1KG","PCS","CTN","2004000169413","437"
"5225000017","VANISH STAIN REMOVER LIQUID 900ML","PCS","CTN","2004000235545","419.75"
"5225000018","VANISH LIQUID 1.8LT","PCS","OFFER","6295120007471","37.938500000000005"
"5225000018","VANISH LIQUID 1.8LT","PCS","CTN","2004000235569","393.3"
"5226000010","VANISH OXI CARPET STAIN REMOVER SPRAY 500ML","PCS","CTN","2006000366076","278.3"
"5228000045","PIF PAF LIQUID MOSQUITO REFILL","PCS","CTN","2004000160151","319.7"
"5228000062","PIF PAF EASY REACH 400ML","PCS","CTN","2005000343971","303.6"
"5228000068","PIF PAF ELECT PLUG L.M.K. 30NIGHT","PCS","CTN","6295120000000","966"
"5228000078","PIF PAF FLYING&MOSQUITO KILLER 400ML","PCS","CTN","2004000177944","264.4425"
"5228000079","PIF PAF INSECT ODORLESS F.I.K. 300ML","PCS","OUT","6001106205522","59.800000000000004"
"5228000079","PIF PAF INSECT ODORLESS F.I.K. 300ML","PCS","CTN","6001106101218","239.20000000000002"
"5228000080","PIF PAF INSECT KILLER POWDER 100 GR","PCS","OFFER","2004000177999","13.5125"
"5228000080","PIF PAF INSECT KILLER POWDER 100 GR","PCS","CTN","2011011020992","649.75"
"5228000082","PIF PAF C.I.K.POW PLUS 400ML","PCS","CTN","19300701023277","301.3"
"5228000083","PIF PAF CIK POWER PLUS SPRAY 600ML","PCS","CTN","19300701023284","414"
"5228000084","PIF PAF INSECTICIDES C.I.K. ODOURLESS 300ML","PCS","OUT","6001106203467X","64.4"
"5228000084","PIF PAF INSECTICIDES C.I.K. ODOURLESS 300ML","PCS","CTN","6001106101225","257.6"
"5228000093","PIF PAF FLYING&MOSQUITO KILLER NATURGARD 600 ML","PCS","CTN","16001106203945","335.8"
"5228000095","RAID BANG DUAL WAND 400 ML","PCS","CTN","2004000181040","240.35"
"5228000100","RAID SUPER RAID ALL PURPOSE 400 ML","PCS","CTN","2004000181002","184.000115"
"5228000101","RAID SUPER RAID ALL PURPOSE 300 ML","PCS","CTN","2005000323065","149.5"
"5228000102","RAID COCKROACH KILLER 300","PCS","CTN","2004000180999","173.65"
"5228000103","RAID COCKROACH KILLER 400","PCS","CTN","2004000180982","211.3125"
"5235000006","DAC DRAIN CLEANER 500 GR 3841345","PCS","CTN","2004000195351","149.5"
"5235000008","DAC DRAIN OPENER POWDER 1KG 3841350","PCS","CTN","2004000195863","241.4885"
"5235000016","DRANO DRAIN OPENER LIQUID 32OZ","PCS","CTN","2008000416096","291.8125"
"5235000017","DRANO DRAIN OPENER CRYSTAL 18OZ","PCS","CTN","2008000416102","164.438615"
"5240000071","DAC DISINFECTANT FLORAL 3LT 3841615","PCS","CTN","2004000158301","188.025"
"5240000072","DAC DISINFECTANT FLORAL 1.5 LT 3841126","PCS","CTN","2004000158271","155.25"
"5240000075","DAC DISINFECTANT-ROSE 1.5 LT3841122","PCS","CTN","2004000158257","186.3"
"5240000077","DAC DISINFECTANT PINE 1.5LT3841120","PCS","CTN","2004000158240","185.15"
"5240000078","DAC DISINFECTANT PINE 3LTR 3841610","PCS","OUT","6281098765437","63.5375"
"5240000078","DAC DISINFECTANT PINE 3LTR 3841610","PCS","CTN","2004001497256","188.6"
"5240000079","DETTOL DISINFECT SURFACE SPRAY FRESH SCENT 225 ML","PCS","CTN","2004000197836","212.75"
"5240000080","DETTOL DISINFECT SURFACE SPRAY FRESH SCENT 450ML","PCS","CTN","2004000197843","471.49999999999994"
"5240000082","DETTOL DISINFECT SURFACE SPRAY CRISP LINEN 450ML","PCS","CTN","2004000197867","471.49999999999994"
"5240000086","DETTOL ANTISEPTIC LIQUID 2LT","PCS","CTN","05000158414198","392.4375"
"5240000087","DETTOL ANTISEPTIC LIQUID 4 LT","PCS","CTN","05000158414204","397.8425"
"5240000088","DETTOL ANTISEPTIC LIQUID 750ML","PCS","CTN","05000158414174","426.07488500000005"
"5240000088","DETTOL ANTISEPTIC LIQUID 750ML","PCS","CTN","524011541","426.07488500000005"
"5240000089","DETTOL ANTISEPTIC LIQUID 250 ML","PCS","CTN","05000158414150","488.75"
"5240000090","DETTOL ANTISEPTIC LIQUID 125ML","PCS","CTN","2004000199724","538.1999999999999"
"5240000091","DETTOL LIQUID P.CARE 500ML","PCS","CTN","2004000311515","702.6500000000001"
"5240000093","DETTOL ANTISEPTICS LIQUID 500 ML","PCS","CTN","05000158414167","454.25"
"5240000093","DETTOL ANTISEPTICS LIQUID 500 ML","PCS","CTN","2004000157588","454.25"
"5240000094","DETTOL ANTISEPTICS P.CARE 250ML","PCS","CTN","2004000199731","454.25"
"5240000108","DAC DISINFECTANT ROSE 3LTR 3841605","PCS","CTN","2004000158288","188.025"
"5240000125","DAC DISINFECTANT JASMINE 1.5LT 3841127","PCS","CTN","2005000359699","186.3"
"5240000126","DAC DISINFECTANT BAKHOUR 1.5LT","PCS","CTN","2005000359705","182.5625"
"5240000127","DAC DISINFECTANT JASMINE 3LT 3841620","PCS","CTN","2005000359712","188.025"
"5240000128","DAC DISINFECTANT BAKHOUR 3LT 3841600","PCS","CTN","2005000359729","188.025"
"5240000133","DRUMMER DISINFECTANT PIN 2. LT","PCS","CTN","05000146084969","572.7"
"5240000134","DRUMMER DISINFECTANT PINE 4L","PCS","CTN","05000146084952","471.49999999999994"
"5240000151","SAMAR PINE DISINFECTANT 2LTR","PCS","CTN","2009000441422","63.825"
"5240000152","SAMAR PINE DISINFECTANT 5LTR","PCS","CTN","2009000441439","77.05000000000001"
"5240000153","SAMAR FLORAL DISINFECTANT 750ML","PCS","CTN","2009000441446","115"
"5240000154","SAMAR FLORAL DISINFECTANT 2LTR","PCS","CTN","2009000441453","71.5875"
"5240000155","SAMAR FLORAL DISINFECTANT 5LTR","PCS","CTN","2009000441460","93.15"
"5240000156","TEEPOL PINE DISINFECTANT 2LTR","PCS","CTN","2009000441477","93.15"
"5240000167","CLOROX BLEACH FOR COLORS FLORAL 1GAL","PCS","CTN","2011011027465","189.75"
"5240000175","HARPIC DISINFECTANT 500ML","PCS","CTN","2012011033692","193.2"
"5240000176","HARPIC DISINFECTANT 750ML","PCS","CTN","2012011033708","270.25"
"5240000178","CLOROX FRAGRANT DISINF FLORAL 1.5L","PCS","CTN","2012011034750","138"
"5240000180","CLOROX FRAGRANT DISINF CITRUS 1.5L","PCS","CTN","2012011034774","138"
"5240000181","CLOROX FRAGRANT DISINF CITRUS 3L","PCS","CTN","2012011034781","113.85"
"5240000182","MAESTRO PINE DISINFECTANT 2L","PCS","CTN","2012011034804","151.225"
"5240000187","CLOROX DISINTFCNT PINE1.5LT","PCS","CTN","2012011037423","138"
"5240000200","PERSIL SENSITIVE GEL 3LTR","PCS","CTN","2013011044619","540.5"
"5240000201","PERSIL SENSIT/ DETPOWDER3KG","PCS","CTN","2013011044626","328.90011499999997"
"5240000203","DAC DISINFECTANT PULS MPC PINE3LTR","PCS","CTN","2013011046644","241.5"
"5240000204","DAC DISINFECTANT PULS MPC LMN 3LTR","PCS","CTN","2013011046651","316.25"
"5245000345","CUSSONS CLASIC CARE FAM SOAP 125GM","PCS","OUT","5000101912672","20.64227"
"5245000347","CUSSONS EXTRA CARE FAM SOAP 125GM","PCS","OUT","5000101912757","22.1375"
"5245000350","CUSSONS ELEGANCE FAM SOAP 175 GM","PCS","OUT","5000101913631","19.32"
"5245000351","CUSSONS ACTIVE FAM SOAP 125 GM","PCS","OUT","5000101912917","21.7925"
"5245000353","CUSSONS GOLD SOAP FP 125 GM","PCS","OUT","6297000165547","22.1375"
"5245000365","LIFE WAY HAND WASH ROSE 500 ML","PCS","OFFER","2548798564666","15.2375"
"5248000017","PLEDGE MARBLE CLEANER NATURAL 750ML","PCS","CTN","2005000354564","241.5"
"5248000018","PLEDGE MARBLE CLEANER FRESH 750ML","PCS","CTN","2005000354571","238.04999999999998"
"5248000019","PLEDGE MARBLE CLEANER ORANGE 750ML","PCS","CTN","2005000354588","241.5"
"5248000030","KIWI FLOOR CLEANER WILD CITRUS 1LT","PCS","CTN","2006000367226","161"
"5248000031","KIWI FLOOR CLEANER SUPER ACTIVE 1LT","PCS","CTN","2006000367233","159.85011500000002"
"5248000032","KIWI FLOOR CLEANER OCEAN FRESH 1LT","PCS","CTN","2006000367240","159.85011500000002"
"5248000056","DETTOL MAC 4IN1 PINE 3LTR","PCS","CTN","2009000447370","293.25"
"5248000057","DETTOL MAC 4IN1 LEMON 3LTR","PCS","CTN","2009000447387","299"
"5248000058","DETTOL MAC 4IN1 JASMINE 3LTR","PCS","CTN","2009000447394","301.3"
"5248000059","DETTOL MAC 4IN1 AQUA 3LTR","PCS","CTN","2009000447400","284.05"
"5248000071","CLOROX POWER MOUNTAINENERGY 750ML","PCS","CTN","2013011045081","319.7"
"5248000086","DETTOL DE/MAC 4IN1 OUD 900 ML","PCS","CTN","2014011048898","307.625"
"5248000087","DETTOL DE/MAC 4IN1 OUD 1.8 LTR","PCS","CTN","2014011048904","282.9"
"5248000088","DETTOL DE/MAC 4IN1 OUD 3 LTR","PCS","CTN","2014011048911","287.5"
"5301000152","DUBAI BALM","PCS","OUT","012300160131","74.865"
"5301000258","DUBAI BIO PIPE MINI 7PCS","PCS","OUT","2011011030953","66.69999999999999"
"5315000012","DUBAI CIGARETTE LIGHTER","PCS","OUT","2012011041833","45.999770000000005"
"5315000012","DUBAI CIGARETTE LIGHTER","PCS","OUT","6935071301357","45.999770000000005"
"5315000012","DUBAI CIGARETTE LIGHTER","PCS","OUT","6935071378199","45.999770000000005"
"5315000014","FLOWER BAS MATCHES SMALL 1PCS","PCS","OUT","2004001492275","8.337499999999999"
"5315000014","FLOWER BAS MATCHES SMALL 1PCS","PCS","OUT","7310685010502","8.337499999999999"
"5315000014","FLOWER BAS MATCHES SMALL 1PCS","PCS","CTN","2004000162773","69"
"5315000015","FLOWER BAS MATCHES-KITCHEN BIG","PCS","OUT","2004001486397","38.525000000000006"
"5315000015","FLOWER BAS MATCHES-KITCHEN BIG","PCS","CTN","2004000252450","460"
"5315000016","BIC MINI LIGHTER 1 PCS","PCS","OUT","3086124904315","144.9"
"5501000516","HEAD & S AD SHMP 400ML","PCS","CTN","2004000150534","244.37511500000002"
"5501000559","HEAD & S SENSITIVE SCALP 400M","PCS","CTN","2005000318948","341.55"
"5501000560","HEAD & S SENSITIVE SCALP 700M","PCS","CTN","2005000318955","531.3000000000001"
"5501000649","JOHNSON SHAMPOO FOR KIDS 200 ML","PCS","CTN","2004000163497","232.300115"
"5501000651","JOHNSON BABY SHAMPOO KIDS 750ML","PCS","CTN","2004000141105","523.2496550000001"
"5501000671","PERT PLUS SHAMPOO OLV OIL 200M","PCS","CTN","2004000298281","162.14999999999998"
"5501000672","PERT PLUS SHAMPOO GREASY 200ML","PCS","CTN","2004000298298","118.45"
"5501000673","PERT PLUS SHAMPOO HONEY 200ML","PCS","CTN","2004000298304","609.4425"
"5501000674","PERT PLUS SHAMPOO O/EXTR 600ML","PCS","CTN","2004000298328","371.45"
"5501000675","PERT PLUS PERT SHAMPOO MANDARIN 24/400 ML","PCS","OUT","5000174372403","42.55"
"5501000675","PERT PLUS PERT SHAMPOO MANDARIN 24/400 ML","PCS","CTN","2004000298335","546.5375"
"5501000676","PERT PLUS PERT SHAMPOO OIL EXTRACTS 200 ML","PCS","CTN","2004000298342","540.5"
"5501000679","PERT PLUS SHAMPO OIL EXT 400ML","PCS","OUT","5000174370652","47.724999999999994"
"5501000679","PERT PLUS SHAMPO OIL EXT 400ML","PCS","CTN","2004000298373","571.55"
"5501000680","PERT PLUS PERT SHAM O/OIL600ML","PCS","CTN","2004000298380","371.45"
"5501000681","PERT PLUS PERT SHAMPOO MANDARIN 600 ML","PCS","CTN","2004000298397","371.45"
"5501000682","PERT PLUS SHAMPOO D/D 400ML","PCS","CTN","2004000298403","576.15"
"5501000683","PERT PLUS PERT SHAMPOO HONEY 400 ML","PCS","CTN","2004000298410","576.15"
"5501000684","PERT PLUS SHAMPOO HONEY 600ML","PCS","CTN","2004000298427","389.5625"
"5501000719","JOHNSON SHAMPOO KIDS 400 ML","PCS","CTN","2004000141112","374.325"
"5501000732","HEAD & S SH.NATUR FRESH 700ML","PCS","CTN","2005000349164","531.3000000000001"
"5501000958","HEAD & S SHAMPOO E\V 700ML","PCS","CTN","2004000212829","531.3000000000001"
"5501000961","HEAD & S SHAMPOO CLASSIC 200ML","PCS","CTN","2004000212867","185.725"
"5501000962","HEAD & S SHAMPOO E\V 200ML","PCS","CTN","2004000212874","178.25"
"5501000963","HEAD & S SHAMPOO CLAS 400ML","PCS","CTN","2004000212881","270.25"
"5501000964","HEAD & S SHAMPOO E\V 400ML","PCS","CTN","2004000212898","374.325"
"5501000966","HEAD & S SHAMPOO CLASSIC 700","PCS","CTN","2004000212911","540.5"
"5501000967","HEAD & S SHAMPOO LIVELY&SILKY 700ML","PCS","CTN","2004000212928","538.1999999999999"
"5501000973","HEAD & S SHAMPOO L\S 200ML","PCS","CTN","2004000212980","178.25"
"5501000974","HEAD & S SHAMPOO LIVELY&SILKY 400ML","PCS","CTN","2004000212997","415.725"
"5501000975","HEAD & S SHAMPOO REFRESH 700","PCS","CTN","2004000213024","540.5"
"5501000976","HEAD & S SHAMPOO REFRESH 400ML","PCS","CTN","2004000213017","270.25"
"5501000977","HEAD & S SHAMPOO REF 200ML","PCS","CTN","2004000213000","185.725"
"5501001008","HEAD & S SHAMPOO N\F 200ML","PCS","CTN","2008000416676","172.5"
"5501001027","HEAD & S SHAMPOO DRY SCALP 700ML","PCS","OFFER","6291104743175","44.85"
"5501001027","HEAD & S SHAMPOO DRY SCALP 700ML","PCS","CTN","2007000386217","540.5"
"5501001028","HEAD & S SHAMPOO D/S 400ML","PCS","CTN","2007000386200","356.21250000000003"
"5501001029","HEAD & S SHAMPOO DRY SCALP 200ML","PCS","CTN","2007000386224","193.4875"
"5501001134","PERT PLUS PERT SHAMPOO COCONUT AND LIME 400 ML","PCS","CTN","2007000403327","609.5"
"5501001135","PERT PLUS SHAMPOO C/LIME 600ML","PCS","CTN","2007000403334","304.75011499999994"
"5501001136","PERT PLUS SHAMPOO C/LIME 200ML","PCS","CTN","2007000403341","164.45"
"5501001149","PERT PLUS PERT CHAMOMILE 400ML","PCS","CTN","2008000412982","546.5375"
"5501001150","PERT PLUS PERT SHAMPOO CHAMOMILE 12/600 ML","PCS","CTN","2008000412999","304.75011499999994"
"5501001151","JOELLE SHAMPOO NORMAL 2LT","PCS","CTN","2008000413101","169.04999999999998"
"5501001152","JOELLE SHAMPOO DRY 2LT","PCS","CTN","2008000413118","167.6125"
"5501001153","JOELLE SHAMPOO GREASY 2LT","PCS","CTN","2008000413125","167.9"
"5501001154","JOELLE SHAMPOO A\D 2LT","PCS","CTN","2008000413132","167.6125"
"5501001155","JOELLE SHAMPOO KIDS 2LT","PCS","CTN","2008000413149","167.6125"
"5501001241","HEAD & S SHAMPOO ANTI BREAKAGE 200ML","PCS","CTN","2008000432393","150.9375"
"5501001242","HEAD & S SHAMPOO ANTI BREAKAGE 400ML","PCS","CTN","2008000432409","101.14250000000001"
"5501001243","HEAD & S SHAMPOO ANTI BREAKAGE 700ML","PCS","CTN","2008000432416","538.1999999999999"
"5501001253","SUNSILK SHAMPOO CLEAN & FRESH 200ML","PCS","CTN","2008000433451","136.85"
"5501001254","SUNSILK SHAMPOO ANTI DANDRUFF 200ML","PCS","CTN","2008000433468","136.85"
"5501001259","SUNSILK SHAMPOO PERFECT STRAIGHT 200ML","PCS","CTN","2008000433512","136.85"
"5501001261","SUNSILK SHAMPOO BOUNCY CURLS 200ML","PCS","CTN","2008000433536","136.85"
"5501001266","PALMOLIVE SHAMPOO HABBA 400ML","PCS","CTN","2008000435332","377.200115"
"5501001286","CLAIROL HERBAL ESSENCES SHAMPOO UPLIFTING 200ML","PCS","CTN","2008000438265","119.60000000000001"
"5501001287","CLAIROL H\E UP 400ML+200ML F","PCS","OFFER","6291104740518","18.975"
"5501001287","CLAIROL H\E UP 400ML+200ML F","PCS","CTN","2008000438272","212.75"
"5501001288","CLAIROL HERBAL ESSENCES SHAMPOO UPLIFTING 700ML","PCS","CTN","2008000438289","379.5"
"5501001290","CLAIROL H\H 400ML+200ML FREE","PCS","OFFER","6291104740471","21.5625"
"5501001290","CLAIROL H\H 400ML+200ML FREE","PCS","CTN","2008000438302","258.75"
"5501001291","CLAIROL HERBAL ESSENCES SHAMPOO HELLO HYDRATION 700ML","PCS","CTN","2008000438319","372.6"
"5501001292","CLAIROL HERBAL ESSENCES SHAMPOO IGNITE MY COLOR 200ML","PCS","CTN","2008000438326","118.45"
"5501001293","CLAIROL I\M\C 400ML+200ML FR","PCS","OFFER","6291104740488","19.55"
"5501001293","CLAIROL I\M\C 400ML+200ML FR","PCS","CTN","2008000438333","232.300115"
"5501001294","CLAIROL HERBAL ESSENCES SHAMPOO IGNITE MY COLOR 700ML","PCS","CTN","2008000438340","372.6"
"5501001295","CLAIROL HERBAL ESSENCES SHAMPOO SEDUCTIVELY 200ML","PCS","CTN","2008000438357","118.45"
"5501001296","CLAIROL HERBAL ESSENCES SHAMPOO SEDUCTIVELY 400ML","PCS","OFFER","6291104740495","19.4925"
"5501001296","CLAIROL HERBAL ESSENCES SHAMPOO SEDUCTIVELY 400ML","PCS","CTN","2008000438364","232.300115"
"5501001297","CLAIROL HERBAL ESSENCES SHAMPOO SEDUCTIVELY 700ML","PCS","CTN","2008000438371","356.5"
"5501001298","CLAIROL HERBAL ESSENCES SHAMPOO DAZZLING SHINE 200ML","PCS","CTN","2008000438388","119.60000000000001"
"5501001299","CLAIROL HERBAL ESSENCES SHAMPOO DAZZLING SHINE 400ML","PCS","OFFER","6291104740532","19.4925"
"5501001299","CLAIROL HERBAL ESSENCES SHAMPOO DAZZLING SHINE 400ML","PCS","CTN","2008000438395","232.300115"
"5501001300","CLAIROL HERBAL ESSENCES SHAMPOO DAZZLING SHINE 700ML","PCS","CTN","2008000438401","356.5"
"5501001304","CLAIROL HERBAL ESSENCES SHAMPOO BREAKAGE DEFENDER 200ML","PCS","CTN","2008000438449","118.45"
"5501001305","CLAIROL HERBAL ESSENCES SHAMPOO BREAKAGE DEFENDER 400ML","PCS","OFFER","6291104740501","19.4925"
"5501001305","CLAIROL HERBAL ESSENCES SHAMPOO BREAKAGE DEFENDER 400ML","PCS","CTN","2008000438456","232.300115"
"5501001324","HEAD & S SHAMPOO SWAN ANTI HAIRLOSS 200ML","PCS","CTN","2009000442375","179.4"
"5501001325","HEAD & S SHAMPOO SWAN ANTI HAIR LOSS 400ML","PCS","CTN","2009000442382","244.37511500000002"
"5501001326","HEAD & S SHAMPOO SWAN ANTI HAIRLOSS 700ML","PCS","CTN","2009000442399","531.3000000000001"
"5501001421","SUNSILK SHAMPOO COLOUR PROTIEN 400ML","PCS","CTN","2010198005716","253.00000000000003"
"5501001422","SUNSILK SH STRENGTH & SHINE 350ML","PCS","OFFER","6281006616950","33.925"
"5501001422","SUNSILK SH STRENGTH & SHINE 350ML","PCS","CTN","2010198005723","400.2"
"5501001443","CLAIROL SHAMPOO BEAUTIFUL ENDS 200ML","PCS","CTN","2010198006812","118.45"
"5501001444","CLAIROL SHAMPOO BEAUTIFUL ENDS 400ML","PCS","CTN","2010198006829","240.35"
"5501001445","CLAIROL SHAMPOO BEAUTIFUL ENDS 700ML","PCS","CTN","2010198006836","379.5"
"5501001446","CLAIROL CONDITIONER BEAUTIFUL ENDS 400ML","PCS","CTN","2010198006843","218.5"
"5501001449","DOVE DAILY CARE 400ML","PCS","CTN","2010198011502","424.34999999999997"
"5501001451","DOVE D/ CARE 2-IN-1 400ML","PCS","CTN","2010198011526","416.3"
"5501001452","DOVE MOISTURIZING 400ML","PCS","CTN","2010198011533","319.7"
"5501001453","DOVE H/F RESCUE 400ML","PCS","CTN","2010198011540","418.6"
"5501001454","DOVE IN/ REPAIR 400ML","PCS","CTN","2010198011557","414"
"5501001455","DOVE COLOUR REPAIR 400ML","PCS","CTN","2010198011564","416.58750000000003"
"5501001456","DOVE SHAMPOO ANTI DANDRUFF 400ML","PCS","CTN","2010198011571","317.4"
"5501001457","DOVE CONDITIONER DAILY CARE 350ML","PCS","CTN","2010198011595","391"
"5501001459","DOVE CONDITIONAR INTENSIVE REPAIR 350ML","PCS","CTN","2010198011618","300.15"
"5501001460","DOVE COLOUR REPAIR 400ML","PCS","CTN","2010198011625","353.625"
"5501001461","DOVE CONDITIONAR HAIR FALL RESCUE 350ML","PCS","CTN","2010198011632","394.45000000000005"
"5501001462","DOVE CONDITIONAR MOISTURIZING 400ML","PCS","CTN","2010198011649","302.45"
"5501001464","DOVE DAILY CARE 700ML","PCS","CTN","2010198011663","633.65"
"5501001465","DOVE D /CARE 2IN1 700ML","PCS","CTN","2010198011670","623.3"
"5501001466","DOVE MUSTURIZING 700ML","PCS","CTN","2010198011687","479.55"
"5501001467","DOVE FALL RESCUE 600ML","PCS","CTN","2010198011694","630.2"
"5501001468","DOVE INT REPAIR 700ML","PCS","CTN","2010198011700","621"
"5501001470","DOVE ANTIDANDRUF 700ML","PCS","CTN","2010198011724","479.55"
"5501001471","DOVE DAILY CARE 200ML","PCS","CTN","2010198011731","333.5"
"5501001472","DOVE SHAMPOO HEAT DEFENSE 200ML","PCS","CTN","2010198011748","317.4"
"5501001473","DOVE DLY CARE 200ML","PCS","CTN","2010198011755","467.1875"
"5501001474","DOVE HAIR FALL RESCUE SHAMPOO 200ML","PCS","CTN","2010198011762","466.9"
"5501001475","DOVE INTENSIVE CARE SHAMP 200ML","PCS","CTN","2010198011779","465.75"
"5501001476","DOVE DAILY CARE 2IN1 SHAMPOO 200ML","PCS","CTN","2010198011786","368"
"5501001477","DOVE SHAMPOO SPLIT ENDS RESCUE 200ML","PCS","CTN","2010198011793","323.60999999999996"
"5501001478","DOVE MOISTURIZING SHAMPOO 200ML","PCS","CTN","2010198011809","362.25"
"5501001485","CLEAR COOL SPORT MENTHOL SHMPOO 200ML","PCS","CTN","2011011023849","493.06249999999994"
"5501001487","CLEAR SHAMPOO HAIRFALL 200ML","PCS","CTN","2011011023863","379.5"
"5501001488","CLEAR SHAMPOO HAIRFALL DEFENSE 200ML","PCS","CTN","2011011023870","391"
"5501001489","CLEAR SH SHOWER FRESH SP 350ML","PCS","OFFER","6281006618077","29.888499999999997"
"5501001489","CLEAR SH SHOWER FRESH SP 350ML","PCS","CTN","2011011023887","878.5885"
"5501001490","CLEAR SOFT & SHINY SHAMPOO 200ML","PCS","CTN","2011011023894","484.72499999999997"
"5501001492","CLEAR STYLE EXPRESS  SHAMPOO 200ML","PCS","CTN","2011011023917","471.49999999999994"
"5501001495","CLEAR SHAMPOO COOL SPORT 400ML","PCS","CTN","2011011023948","455.4"
"5501001496","CLEAR SHAMPOO HAIRFALL DEFENSE 400ML","PCS","CTN","2011011023955","455.4"
"5501001497","CLEAR SHAMPOO HAIRFALL 400ML","PCS","CTN","2011011023962","419.46261499999997"
"5501001498","CLEAR SHAMPOO ICE COOL 400ML","PCS","CTN","2011011023979","347.3"
"5501001499","CLEAR SHAMPOO SOFT&SHINY 400ML","PCS","CTN","2011011023986","448.2125"
"5501001501","CLEAR STYLE 2IN1 400ML","PCS","CTN","2011011024006","456.2625"
"5501001502","CLEAR SHAMPOO COOL SPORT 700ML","PCS","CTN","2011011024013","718.75"
"5501001504","CLEAR SHAMPOO HAIRFALL DEFENSE 700ML","PCS","CTN","2011011024037","552"
"5501001506","CLEAR SHAMPOO SOFT&SHINY 700ML","PCS","CTN","2011011024051","575"
"5501001565","CLEAR DEEP CLEANSE SHAMPOO 200ML","PCS","OUT","2012011037584","491.04999999999995"
"5501001566","CLEAR SHAMPOO DEEP CLEANSE 400ML","PCS","OUT","2012011037607","455.4"
"5501001567","CLEAR SHAMPOO DEEP CLEANSE PUMP 700ML","PCS","OUT","2012011037614","718.75"
"5501001583","CLEAR SH STYLE EXPRESS 350ML","PCS","OFFER","6281006618084","29.888499999999997"
"5501001589","PANTENE SHAMPOO 2IN1 CC200ML","PCS","CTN","2012011039588","155.25"
"5501001590","PANTENE SHAMPOO 2IN1 CC 400ML","PCS","CTN","2012011039595","205.7925"
"5501001591","PANTENE SHAMPOO2IN1 CC 700ML","PCS","CTN","2012011039601","457.7"
"5501001592","PANTENE O/R CC 375ML","PCS","CTN","2012011039618","162.14999999999998"
"5501001593","PANTENE SHAMPOO 1IN1 S&S 200ML","PCS","CTN","2012011039625","158.64261499999998"
"5501001594","PANTENE SHAMPOO 1IN1 S&S 400ML","PCS","CTN","2012011039632","230"
"5501001595","PANTENE SHAMPOO1IN1 S&S700ML","PCS","CTN","2012011039649","455.4"
"5501001596","PANTENE PROVCOND S&S 400ML","PCS","CTN","2012011039656","307.05"
"5501001597","PANTENE O R S&S 375 ML","PCS","CTN","2012011039663","162.14999999999998"
"5501001599","PANTENE SHAMPOO 1IN1 HFC 200ML","PCS","CTN","2012011039687","135.23999999999998"
"5501001600","PANTENE SHAMPOO 1IN1 HFC 400ML","PCS","CTN","2012011039694","220.5125"
"5501001601","PANTENE SHAMPOO 1IN1 HFC 700ML","PCS","CTN","2012011039700","457.7"
"5501001602","PANTENE COND HFC 400ML","PCS","CTN","2012011039717","307.05"
"5501001603","PANTENE OR HFC 375 ML","PCS","CTN","2012011039724","162.14999999999998"
"5501001605","PANTENE SHAMPOO MILKY DAMAGE200ML","PCS","CTN","2012011039748","158.64261499999998"
"5501001606","PANTENE SHAMPOO MILKY DAMGE400ML","PCS","CTN","2012011039755","205.7925"
"5501001607","PANTENE SHAMPOO MILKY DAMAGE700ML","PCS","CTN","2012011039762","455.4"
"5501001608","PANTENE COND MILKY DAMAGE400ML","PCS","CTN","2012011039786","307.05"
"5501001609","PANTENE OR MD REPAIR 375ML","PCS","CTN","2012011039793","162.14999999999998"
"5501001611","PANTENE SHAMPOO SHEER VOL200ML","PCS","CTN","2012011039830","155.1925"
"5501001612","PANTENE SHAMPOO SHEER VOL400ML","PCS","CTN","2012011039847","299.69000000000005"
"5501001613","PANTENE SHAMPOO SHEER VOL700ML","PCS","CTN","2012011039854","455.4"
"5501001614","PANTENE COND SHEER VOLUME400ML","PCS","CTN","2012011039878","307.05"
"5501001615","PANTENE OR SHEER VOLUME375ML","PCS","CTN","2012011039892","322"
"5501001616","PANTENE SHAMPOO HYD CURLS 200ML","PCS","CTN","2012011039908","132.82500000000002"
"5501001617","PANTENE SHAMPOO HYD CURLS 400ML","PCS","CTN","2012011039915","247.5375"
"5501001618","PANTENE SHAMPOO HYD CURLS 700ML","PCS","CTN","2012011039922","455.4"
"5501001619","PANTENE SHAMPOO COLREVIVAL200ML","PCS","CTN","2012011039946","158.64261499999998"
"5501001620","PANTENE SHAMPOO COLREVIVAL400ML","PCS","CTN","2012011039953","247.5375"
"5501001621","PANTENE SHAMPOO COLREVIVAL700ML","PCS","CTN","2012011039960","437"
"5501001623","PANTENE SHAMPOO 2IN1 AD 400ML","PCS","CTN","2012011040010","247.5375"
"5501001624","PANTENE SHAMPOO 2IN1 AD 700ML","PCS","CTN","2012011040027","454.25"
"5501001625","PANTENE SHAMPOO NAT FUSION180ML","PCS","CTN","2012011040034","169.04999999999998"
"5501001626","PANTENE SHAMPOO NAT FUSION360ML","PCS","CTN","2012011040041","101.14250000000001"
"5501001627","PANTENE SHAMPOO NAT FUSION 700ML","PCS","CTN","2012011040058","457.7"
"5501001648","TIDE ABAYA BALACK SHAMPOO 1LTR","PCS","CTN","2013011042479","253.00000000000003"
"5501001656","PERT PLUS SHAMPOO GINGER 200ML","PCS","CTN","2014011048980","661.25"
"5501001657","PERT PLUS SHAMPOO GINGER 400ML","PCS","CTN","2014011048973","546.5375"
"5501001682","DOVE ANTI DANDRUFF SHAMPO 200ML(MAN)","PCS","CTN","2013011046149","174.8"
"5501001683","DOVE FRESH&CLEAN SHAMPO 200ML(MAN)","PCS","CTN","2013011046156","174.8"
"5501001685","DOVE ANTI DANDRUFF SHAMPO 400ML(MAN)","PCS","CTN","2013011046170","316.25"
"5501001686","DOVE FRESH&CLEAN SHAMPO 400ML(MAN)","PCS","CTN","2013011046187","316.25"
"5501001699","TRE SEMME MXORIOUS MOISTURE SHAMPOO 900G","PCS","CTN","2013011046514","180.55"
"5501001700","TRE SEMME SALON SILK MEO SHAMPOO 900G","PCS","CTN","2013011046521","180.55"
"5501001701","TRE SEMME COLOUR MEO SHAMPOO 900G","PCS","CTN","2013011046538","180.55"
"5501001703","TRE SEMME N/ NOURISH MST MEO SHAMPOO 900G","PCS","CTN","2013011046552","190.32500000000002"
"5501001704","TRE SEMME NA/VIB SMOOTH MEO SHAMPOO 900G","PCS","CTN","2013011046569","189.75"
"5501001719","PERSIL BLACK ABHAYA SHAMPOO OUD 1LTR","PCS","CTN","2014011048300","355.34999999999997"
"5501001720","PERSIL BLACK ABHAYA SHAMPOO OUD 2 LTR","PCS","CTN","2014011048317","425.500115"
"5501001721","PERSIL BLACK ABHAYA SHAMPOO OUD 3LTR","PCS","CTN","2014011048324","451.95000000000005"
"5501001776","CHERRY HEENA SPEEDY SHAMPOO BLACK","PCS","OUT","663234097101","73.60000000000001"
"5501001809","DABUR NOURISH & PRO SHAMPOO 2X400ML 15% OFF","PCS-2","OFFER","6666666619389","19.262500000000003"
"5501001810","DABUR ANTI DANDRUFF SMP 2X400 ML 15% OFF","PCS-2","OFFER","6291069208023","22.712500000000002"
"5501001811","DABUR HAIR FALL CNTRL SMP 2X400ML 15% OFF","PCS-2","OFFER","6666666699978","18.975"
"5501001812","VATIKA MOISTURE TREAT SMP 2X400 ML","PCS-2","OFFER","6666666699985","18.6875"
"5501001813","DABUR VOLUME&THICK SMP 2X400ML 15% OFF","PCS-2","OFFER","6666666701282","19.55"
"5501001814","DABUR REPAIR&RESTORE SMP 2X400ML 15% OFF","PCS-2","OFFER","6666666701299","19.262500000000003"
"5503000140","CREAM SILK COND PROTECT 180ML","PCS","CTN","2004000193647","186.2425"
"5503000141","CREAM SILK COND A/D 180ML","PCS","CTN","2006000379243","186.2425"
"5503000142","CREAM SILK CONDITIONER STRAIGHT & RELAXED STANDOUT 180ML","PCS","CTN","2006000379250","186.2425"
"5503000161","JOELLE CONDITIONER 2LT","PCS","CTN","2008000413156","167.6125"
"5503000162","JOELLE SHAMPOO APPLE 3LT","PCS","CTN","2008000413163","147.20000000000002"
"5503000163","JOELLE SHAMPOO APRICOT 3LT","PCS","CTN","2008000413170","146.625"
"5503000164","JOELLE SHAMPOO MIX FRUIT 3LT","PCS","CTN","2008000413187","146.91250000000002"
"5503000165","JOELLE SHAMPOO KIWI 3LT","PCS","CTN","2008000413194","147.20000000000002"
"5503000170","CLAIROL HERBAL ESSENCES CONDITIONER HELLO HYDRATION 400ML","PCS","CTN","2008000438470","218.5"
"5503000174","CLAIROL HERBAL ESSENCES CONDITIONER UPLIFTING 400ML","PCS","CTN","2008000438517","212.75"
"5503000191","CREAM SILK SHINECONDITIONER180M","PCS","CTN","2012011038000","186.5875"
"5503000196","PANTENE COND COL REVIVAL400ML","PCS","CTN","2012011039977","307.05"
"5503000197","PANTENE OR COLOR CARE 375ML","PCS","CTN","2012011039984","162.14999999999998"
"5503000199","PANTENE COND NAT FUSION 360ML","PCS","CTN","2012011040065","303.6"
"5503000200","PANTENE OR NF 375 ML","PCS","CTN","2012011040072","324.29999999999995"
"5503000233","TRE SEMME MXORIOUS MOISTURE CONDITIONER 900G","PCS","CTN","2013011046583","180.55"
"5503000234","TRE SEMME SALON SILK MEO CONDITIONER900G","PCS","CTN","2013011046590","180.55"
"5507000039","TAFT STAND UP LOOK GEL 250ML","PCS","CTN","2005000326721","333.5"
"5507000040","TAFT AQUA GEL WET GEL 150ML","PCS","CTN","2005000326745","356.5"
"5507000042","EN LIVEN HAIR GEL FIRM 250GR","PCS","CTN","2005000334795","106.95"
"5507000043","EN LIVEN HAIR GEL EXTRA FIRM 250GR","PCS","CTN","2005000334801","106.95"
"5507000044","EN LIVEN GEL WET LOOK 250GR","PCS","CTN","2005000334818","106.95"
"5507000107","TAFT CHAOS LOOK 150ML","PCS","CTN","2009000444737","304.75011499999994"
"5507000110","TAFT HAIR GEL TITANE LOOK 150ML","PCS","CTN","2009000006096","316.25"
"5507000116","TAFT TOTTLES POWER TOUCH 150ML","PCS","CTN","2011011029735","307.05"
"5507000117","TAFT TOTTALES ROUGH & TOUCH 150ML","PCS","CTN","2011011029742","307.05"
"5507000120","DABUR GEL STRONG HOLD 250ML","PCS","OUT","6291069782806","29.325"
"5507000121","DABUR GEL EXT.STRONG HOLD 250ML","PCS","OUT","6291069782813","29.325"
"5509000060","PARACHUTE HAIR OIL-LITE 300ML","PCS","CTN","2004000152170","467.99249999999995"
"5509000063","PARACHUTE HAIR OIL-LITE 150 ML","PCS","CTN","2004000175919","494.5"
"5509000064","PARACHUTE AMLA HAIR OIL-150ML 150 ML","PCS","CTN","2004000175926","437"
"5509000065","PARACHUTE AMLA HAIR OIL-300ML","PCS","CTN","2004000152217","526.7"
"5509000066","PARACHUTE JASMINE HAIR OIL 300ML","PCS","CTN","2004000152187","379.5"
"5509000074","DABUR AMLA HAIR OIL 300ML","PCS","CTN","2004000194620","534.175115"
"5509000075","DABUR VAIKA COCONUT HAIR OIL 150ML","PCS","CTN","2004000194637","357.65"
"5509000076","DABUR HAIR OIL JASMINE 300ML","PCS","CTN","2004000195139","508.3"
"5509000077","DABUR VATIKA COCONUT HAIR OIL 300ML","PCS","CTN","2004000195146","287.5"
"5509000078","DABUR AMLA HAIR OIL 200ML","PCS","CTN","55091700","577.3"
"5509000082","PALMERS HAIR FOOD FORMULA 5 OZ","PCS","CTN","20010181066201","251.85"
"5509000085","DABUR HAIR OIL 100ML","PCS","CTN","2005000338052","466.9"
"5509000086","DABUR AMLA HAIR OIL 500ML","PCS","CTN","2005000338069","391"
"5509000107","PARACHUTE HAMMAM ZAIT HERBAL 1LT","PCS","CTN","2006000370707","218.5"
"5509000108","PARACHUTE HAMMAM ZAIT GARLIC 1LT","PCS","CTN","2006000370714","218.5"
"5509000110","PARACHUTE HAIR OIL SAMPOORNA 150ML","PCS","CTN","2006000370738","529"
"5509000111","PARACHUTE HAIR OIL SAMPOORNA 300ML","PCS","CTN","2006000370745","365.70000000000005"
"5509000117","SUNSILK H\OIL P/D/R 250ML","PCS","CTN","2004000226772","253.00000000000003"
"5509000119","SCHWARZKOP BONAWELL APRICOT OIL 250GR","PCS","CTN","2004000219569","135.700115"
"5509000120","SCHWARZKOP BONAWELL APRICOT OIL 150GR","PCS","CTN","2004000219576","182.85000000000002"
"5509000121","SCHWARZKOP BONAWELL TREATMENT 250 ML","PCS","CTN","2004000158165","136.85"
"5509000122","SCHWARZKOP BONAWELL TREATMENT 150ML","PCS","CTN","2004000219804","178.25"
"5509000124","PARACHUTE COCONUT OIL 500 ML","PCS","CTN","2004000175834","592.25"
"5509000125","PARACHUTE COCONUT OIL 200 ML","PCS","CTN","2004000175841","347.3"
"5509000137","BRYLCREEM HAIR TONIC A/D 300ML","PCS","CTN","2004000298717","257.6"
"5509000138","SUNSILK HAIR OIL SHINE STRENGTH 250ML","PCS","CTN","2004000227168","205.85"
"5509000139","VASELINE HAIR TONIC A/D 300 ML","PCS","CTN","2004000235576","239.775"
"5509000140","VASELINE HAIR TONIC 300 ML","PCS","CTN","2004000235583","304.75011499999994"
"5509000141","VASELINE HAIR TONIC REG. 200 ML","PCS","CTN","2004000235590","231.14999999999998"
"5509000142","VASELINE HAIR TONIC 100ML","PCS","CTN","2004000235606","166.75"
"5509000144","SUNSILK HAIR OIL GINSENG&CACTUS 250ML HAIR FALL","PCS","CTN","2011011023306","209.3"
"5509000147","BRYLCREAM HAIR TONIC COCONUT 150ML","PCS","CTN","2006000383073","138"
"5509000148","BRYLCREAM HAIR TONIC COCONUT 300ML","PCS","CTN","2006000383080","257.6"
"5509000165","PARACHUTE SECRETS DRY HAIR OIL NATURAL SHINE 300ML","PCS","CTN","2011011024877","410.54999999999995"
"5509000166","PARACHUTE SECRETS DRY HAIR OIL 200ML","PCS","CTN","2011011024884","632.5"
"5509000167","PARACHUTE SECRETS HAIR FALL CONTROL OIL 300ML","PCS","CTN","2011011024891","422.05"
"5509000168","PARACHUTE SECRETS HAIR FALL CONTROL OIL 200ML","PCS","CTN","2011011024907","632.5"
"5509000171","PARACHUTE SECRETS DAMAGED HAIR OIL 300ML","PCS","CTN","2011011024938","411.7"
"5509000172","PARACHUTE SECRETS DAMAGED HAIR OIL 200ML","PCS","CTN","2011011024945","644"
"5512000052","PALMERS HAIR SUCCESS 3.5OZ","PCS","CTN","2005000334498","497.9501149999999"
"5512000053","PALMERS HAIR FOOD FORMULA ANTI DANDRUFF 5.25OZ","PCS","CTN","2005000334504","285.2"
"5512000054","PALMERS OLIVE OIL FORMULA 5.25OZ","PCS","CTN","2005000334511","327.75"
"5512000055","PARACHUTE HAIR CREAM-AD140 ML","PCS","CTN","2004000152200","296.7"
"5512000056","PARACHUTE HAIR CREAM INTENSIVE 140 ML","PCS","CTN","2004000152224","287.5"
"5512000057","PARACHUTE HAIR CREAM 140ML","PCS","CTN","2004000152194","288.65"
"5512000078","BRYLCREEM HAIR CREAM RED 210G","PCS","OUT","2004000159414","208.725"
"5512000078","BRYLCREEM HAIR CREAM RED 210G","PCS","CTN","2004000159421","845.25"
"5512000080","BRYLCREEM HAIR CREAM GREEN 75 ML","PCS","CTN","2004000298755","118.45"
"5512000081","BRYLCREEM HAIR CREAM RED 75ML","PCS","CTN","2004000298762","108.675"
"5512000090","BIGEN HAIR DYE SPEEDY BROWN 882","PCS","CTN","2004000298809","500.24999999999994"
"5512000101","BIGEN HAIR DYE SPEEDY DARK BROWN 883","PCS","CTN","2005000345609","562.3499999999999"
"5512000102","BIGEN HAIR COLOR SPEEDY BLACK 881","PCS","CTN","2005000345616","500.24999999999994"
"5512000114","PARACHUTE HAIR CREAM EXTRA MOISTURISER 140ML","PCS","CTN","2006000370684","287.5"
"5512000119","SUNSILK H.CREAM CACTUS H/FALL  175ML","PCS","OFFER","6281006452640","16.1"
"5512000119","SUNSILK H.CREAM CACTUS H/FALL  175ML","PCS","CTN","06281006450257","192.04999999999998"
"5512000120","SUNSILK H.CREAM SOFT & SMOOTH 175ML","PCS","OFFER","6281006452602","16.1"
"5512000120","SUNSILK H.CREAM SOFT & SMOOTH 175ML","PCS","CTN","2004000148968","385.25"
"5512000121","SUNSILK H.CREAM HENNA 175ML","PCS","OFFER","6281006005594","16.042499999999997"
"5512000121","SUNSILK H.CREAM HENNA 175ML","PCS","CTN","06281006450288","381.79999999999995"
"5512000136","GLATT NORMAL 85ML","PCS","CTN","2004000219798","187.45"
"5512000138","GLATT HAIR STRAIGHTNER CREAM","PCS","CTN","2004000165392","175.69125000000003"
"5512000156","YARDLEY HAIR CREAM-LAVENDER 150 GR","PCS","CTN","2004000239604","221.0875"
"5512000157","HAPPY DAY H/CREAM 1000GR","PCS","CTN","2006000381871","308.20000000000005"
"5512000159","BRYLCREEM HAIR CREAM LIGHT 3IN1 210ML","PCS","CTN","2006000383103","229.425"
"5512000171","YARDLEY HAIR CREAM LAVANDER 80GR","PCS","CTN","2008000417048","253.00000000000003"
"5512000175","DABUR HAIR FALL THERAPY 125ML","PCS","CTN","2009000444362","179.4"
"5512000176","DABUR VOLUMISING TREATMENT 125ML","PCS","CTN","2009000444379","180.55"
"5512000177","DABUR INTENSIVE NOURISHMENT 125ML","PCS","CTN","2009000444386","178.25"
"5512000178","DABUR INTENSIVE MOISTURING 125ML","PCS","CTN","2009000444393","178.25"
"5512000187","SIGNAL 2 TOOTH PASTE ULTRA RE","PCS","CTN","2012011034002","358.51250000000005"
"5514000101","PALETTE ICC 10-1 ARTIC SILVER BLOND ARAB 50ML","PCS","CTN","2011011032643","279.45000000000005"
"5514000102","PALETTE ICC 3-0 DARK BROWN ARAB 50ML","PCS","CTN","2011011032650","253.00000000000003"
"5514000103","PALETTE ICC 4-0 MEDIUM BROWN ARAB 50ML","PCS","CTN","2011011032667","241.5"
"5514000127","WELLA KOLESTON 302/304 50ML","PCS","CTN","2010000026007","277.725"
"5514000158","PALETTE HAIR COLOR SUPER HIGHLIGHTS 50ML","PCS","CTN","2008000419226","492.20000000000005"
"5514000161","PALETTE HAIR COLOR GOLD GLOSS BROWN 5-5 CHOCOLATE 50ML","PCS","CTN","2008000419257","506.00000000000006"
"5514000162","PALETTE HAIR COLOR GOLD GLOSS BROWN 7-65 MOCCA 50ML","PCS","CTN","2008000419264","488.75"
"5516000079","VEET SENSATIVE WAX STRIP 20S","PCS","CTN","2005000326363","638.25"
"5516000085","MIM H/REMOVER 2X140GR","PCS","CTN","2004000164081","393.3"
"5516000087","HAPPY DAY REMOVER JAR 90GR","PCS","OUT","2004000148951","39.10011500000001"
"5516000087","HAPPY DAY REMOVER JAR 90GR","PCS","CTN","2004000148952","632.5"
"5516000088","MIM ROLL H/REMOVER 140GR","PCS","CTN","2004000164111","393.3"
"5516000089","MIM HAIR REMOVER LIQUID 280ML","PCS","CTN","2004000164128","393.3"
"5516000100","VEET COLD WAX STRIPS NORMAL SKIN 20PCS","PCS","CTN","2005000326370","638.25"
"5516000101","VEET NORMAL SKIN CREAM 100ML","PCS","CTN","2004000298823","316.25"
"5516000102","VEET STRIPS FACE 20 STRIPS","PCS","CTN","2004000138587","494.5"
"5516000103","VEET CREAM SENSITIVE 100 ML","PCS","CTN","2004000138594","310.5"
"5516000108","VEET CREAM ALOE VERA 100ML","PCS","CTN","2006000385275","316.25"
"5516000160","VEET DRY WAX STRIPS 20S","PCS","CTN","2011011020671","638.25"
"5520000047","YARDLEY SOAP RED ROSES 3X100GR","PCS","CTN","2005000326547","281.75"
"5520000092","DOVE SOAP WHITE 135GR","PCS","OUT","6281006487017","36.800000000000004"
"5520000092","DOVE SOAP WHITE 135GR","PCS","CTN","2005000316494","662.6875"
"5520000095","DOVE SOAP PINK 135GR","PCS","OUT","6281006486997","31.9125"
"5520000095","DOVE SOAP PINK 135GR","PCS","CTN","2004000201045","573.7924999999999"
"5520000100","AL WAZIR SOAP 900GM 6PCS","OUT","CTN","8428483501166","402.5"
"5520000102","AL WAZIR SOAP POWDER 900 GR","PCS","CTN","8428483501159","327.75"
"5520000106","DETTOL SOAP ORIGINAL 165G","PCS","OUT","2008000413736","55.775"
"5520000106","DETTOL SOAP ORIGINAL 165G","PCS","CTN","2004000198932","672.75"
"5520000107","DETTOL SOAP FRESH 165G","PCS","OUT","2004000312017","38.8125"
"5520000107","DETTOL SOAP FRESH 165G","PCS","CTN","2004000154099","634.8"
"5520000109","DETTOL SOAP FRESH 120GM","PCS","OUT","2004000154075","67.27499999999999"
"5520000109","DETTOL SOAP FRESH 120GM","PCS","CTN","2004000154082","805"
"5520000112","DETTOL SOAP ORIGINAL 120G","PCS","OUT","2008000414627","68.425"
"5520000112","DETTOL SOAP ORIGINAL 120G","PCS","CTN","2004000199854","816.5"
"5520000144","CAMAY ROMANTIQUE 125GR","PCS","CTN","2005000322549","229.425"
"5520000145","CAMAY ZERLINA DUBOIS 125GR","PCS","CTN","2005000322556","199.23749999999998"
"5520000158","CLEOPATRA BEAUTY SOAP 125GR","PCS","OUT","6281001810650","42.55"
"5520000158","CLEOPATRA BEAUTY SOAP 125GR","PCS","CTN","2004000275121","253.00000000000003"
"5520000164","FA SOAP-SENSITIVE ALOE VERA 175GR","PCS","OUT","2004000157922","29.324195000000003"
"5520000164","FA SOAP-SENSITIVE ALOE VERA 175GR","PCS","OUT","6281031091449","29.324195000000003"
"5520000164","FA SOAP-SENSITIVE ALOE VERA 175GR","PCS","OUT","6281031091760","29.324195000000003"
"5520000164","FA SOAP-SENSITIVE ALOE VERA 175GR","PCS","CTN","2004000157915","228.157125"
"5520000165","FA SOAP REFRESHING 125G","PCS","OUT","2004000157724","21.275"
"5520000165","FA SOAP REFRESHING 125G","PCS","OUT","6281031091340","21.275"
"5520000165","FA SOAP REFRESHING 125G","PCS","CTN","2004000157755","254.15"
"5520000166","FA SOAP INSPIRING 125GR","PCS","OUT","2004000157748","20.467125"
"5520000166","FA SOAP INSPIRING 125GR","PCS","OUT","6281031091357","20.467125"
"5520000166","FA SOAP INSPIRING 125GR","PCS","CTN","2004000157731","241.5"
"5520000167","FA SOAP VITALISING 125G","PCS","OUT","2004000157762","20.467125"
"5520000167","FA SOAP VITALISING 125G","PCS","OUT","6281031091364","20.467125"
"5520000167","FA SOAP VITALISING 125G","PCS","CTN","2004000000001","241.5"
"5520000168","FA SOAP ENERGIZING 125GR","PCS","OUT","2004000157717","22.1375"
"5520000168","FA SOAP ENERGIZING 125GR","PCS","OUT","6281031091333","22.1375"
"5520000168","FA SOAP ENERGIZING 125GR","PCS","CTN","2004000157700","264.5"
"5520000169","FA SOAP SENSITIVE ALOE VERA 125GR","PCS","OUT","2004000157809","20.467125"
"5520000169","FA SOAP SENSITIVE ALOE VERA 125GR","PCS","OUT","6281031091388","20.467125"
"5520000169","FA SOAP SENSITIVE ALOE VERA 125GR","PCS","OUT","6281031091753","20.467125"
"5520000169","FA SOAP SENSITIVE ALOE VERA 125GR","PCS","CTN","2004000157793","241.5"
"5520000170","FA SOAP REFRESHING 175G","PCS","OUT","2004000157847","29.324195000000003"
"5520000170","FA SOAP REFRESHING 175G","PCS","OUT","6281031091401","29.324195000000003"
"5520000170","FA SOAP REFRESHING 175G","PCS","CTN","2004000157830","228.157125"
"5520000171","FA SOAP VANILLA HONEY 125GR","PCS","OUT","2004000157786","20.467125"
"5520000171","FA SOAP VANILLA HONEY 125GR","PCS","OUT","6281031091371","20.467125"
"5520000171","FA SOAP VANILLA HONEY 125GR","PCS","OUT","6281031091722","20.467125"
"5520000171","FA SOAP VANILLA HONEY 125GR","PCS","CTN","2004000157779","241.5"
"5520000172","FA SOAP INSPIRING 175GR","PCS","OUT","2004000157861","29.03681"
"5520000172","FA SOAP INSPIRING 175GR","PCS","OUT","6281031091418","29.03681"
"5520000172","FA SOAP INSPIRING 175GR","PCS","CTN","2004000157854","228.157125"
"5520000173","FA SOAP ENERGIZING 175G","PCS","OUT","2004000157823","28.749425000000002"
"5520000173","FA SOAP ENERGIZING 175G","PCS","OUT","6281031091395","28.749425000000002"
"5520000173","FA SOAP ENERGIZING 175G","PCS","CTN","2004000157816","228.157125"
"5520000174","FA LIQUID SOAP VANILLA 250ML 3210250","PCS","CTN","2004000157946","143.6925"
"5520000251","FA SOAP VITALISING 175G","PCS","OUT","2004000157885","28.37625"
"5520000251","FA SOAP VITALISING 175G","PCS","OUT","6281031091425","28.37625"
"5520000251","FA SOAP VITALISING 175G","PCS","CTN","2004000157878","228.157125"
"5520000255","GODREJ CINTHOL LEMON SOAP 175GR","PCS","OUT","2011011022064","23.862499999999997"
"5520000255","GODREJ CINTHOL LEMON SOAP 175GR","PCS","CTN","2011011022071","188.6"
"5520000258","GODREJ CINTHOL SANDAL SOAP 175GR","PCS","OUT","2011011022125","23.575"
"5520000258","GODREJ CINTHOL SANDAL SOAP 175GR","PCS","CTN","2011011022132","188.6"
"5520000259","GODREJ CINTHOL HERBAL SOAP 175G","PCS","OUT","2010198011588","23.575"
"5520000279","SILKA PAPAYA SOAP 135GR","PCS","CTN","2005000341373","83.31750000000001"
"5520000289","LIFEBUOY SOAP NATURE 160GR","PCS","CTN","2005000342400","322"
"5520000290","LIFEBUOY SOAP WHITE 160GR","PCS","CTN","2005000342417","730.25"
"5520000291","LIFEBUOY SOAP PINK 160GR","PCS","CTN","2005000342424","713"
"5520000301","DETTOL SOAP COOL 120GM","PCS","OUT","2007000390931","67.85"
"5520000301","DETTOL SOAP COOL 120GM","PCS","CTN","2005000343964","813.0500000000001"
"5520000307","FA SOAP VANILLA HONEY 175GR","PCS","OUT","6281031091432","29.03681"
"5520000307","FA SOAP VANILLA HONEY 175GR","PCS","OUT","6281031091739","29.03681"
"5520000307","FA SOAP VANILLA HONEY 175GR","PCS","CTN","2005000352317","228.157125"
"5520000321","JERGENS SOAP ANTI. 125GR","PCS","CTN","2005000354953","339.25"
"5520000322","JERGENS SOAP MUSK 125GR","PCS","CTN","2005000354960","339.25"
"5520000329","DETTOL SOAP ACTIVE 125G","PCS","OUT","2009000445383","53.475"
"5520000329","DETTOL SOAP ACTIVE 125G","PCS","CTN","2006000361835","641.7"
"5520000330","DETTOL SOAP ACTIVE 165","PCS","OUT","2010198005730","41.4"
"5520000330","DETTOL SOAP ACTIVE 165","PCS","CTN","2006000361842","496.8"
"5520000331","LIFEBUOY SOAP PLUS RED 125GR","PCS","OUT2","6281006620636","17.25"
"5520000331","LIFEBUOY SOAP PLUS RED 125GR","PCS","OUT","3030000000030","72.45"
"5520000331","LIFEBUOY SOAP PLUS RED 125GR","PCS","CTN","2006000361903","842.95"
"5520000332","LIFEBUOY SOAP WHITE PLUS 125GR","PCS","OUT","3030000000035","69.287615"
"5520000332","LIFEBUOY SOAP WHITE PLUS 125GR","PCS","CTN","2006000361910","815.35"
"5520000350","PALMOLIVE SOAP CH&VIT 75GR","PCS","OUT","6281001816300","13.799999999999999"
"5520000350","PALMOLIVE SOAP CH&VIT 75GR","PCS","CTN","2006000362801","165.6"
"5520000351","PALMOLIVE SOAP CH&VIT 125GR","PCS","OUT","6281001816355","39.3875"
"5520000351","PALMOLIVE SOAP CH&VIT 125GR","PCS","CTN","2006000362818","313.95"
"5520000352","PALMOLIVE SOAP CH&VIT 175GR","PCS","OUT","6281001812883","35.3625"
"5520000352","PALMOLIVE SOAP CH&VIT 175GR","PCS","OUT","6281001816423","35.3625"
"5520000352","PALMOLIVE SOAP CH&VIT 175GR","PCS","CTN","2006000362825","281.75"
"5520000353","PALMOLIVE SOAP PINK MILK & ROSE 175GR","PCS","OUT","6281001812890","35.65"
"5520000353","PALMOLIVE SOAP PINK MILK & ROSE 175GR","PCS","OUT","6281001816430","35.65"
"5520000353","PALMOLIVE SOAP PINK MILK & ROSE 175GR","PCS","CTN","2006000362832","281.75"
"5520000354","PALMOLIVE SOAP MI&RO 125GR","PCS","OUT","6281001816362","39.3875"
"5520000354","PALMOLIVE SOAP MI&RO 125GR","PCS","CTN","2006000362849","313.95"
"5520000355","PALMOLIVE SOAP MI&RO 75GR","PCS","OUT","6281001812753","13.799999999999999"
"5520000355","PALMOLIVE SOAP MI&RO 75GR","PCS","CTN","2006000362856","165.6"
"5520000356","PALMOLIVE SOAP AL&OL 75GR","PCS","OUT","6281001812760","13.799999999999999"
"5520000356","PALMOLIVE SOAP AL&OL 75GR","PCS","CTN","2006000362863","165.6"
"5520000357","PALMOLIVE SOAP AL&OL 125GR","PCS","OUT","6281001816379","39.3875"
"5520000357","PALMOLIVE SOAP AL&OL 125GR","PCS","CTN","2006000362870","313.95"
"5520000358","PALMOLIVE SOAP AL&OL 175GR","PCS","OUT","6281001812906","35.9375"
"5520000358","PALMOLIVE SOAP AL&OL 175GR","PCS","OUT","6281001816447","35.9375"
"5520000358","PALMOLIVE SOAP AL&OL 175GR","PCS","CTN","2006000362887","287.5"
"5520000359","PALMOLIVE SOAP PEACH CITRUS & CREAM 175GR","PCS","OUT","6281001812913","35.074999999999996"
"5520000359","PALMOLIVE SOAP PEACH CITRUS & CREAM 175GR","PCS","OUT","6281001816454","35.074999999999996"
"5520000359","PALMOLIVE SOAP PEACH CITRUS & CREAM 175GR","PCS","CTN","2006000362894","278.3"
"5520000360","PALMOLIVE SOAP CI&CR 125GR","PCS","OUT","6281001816386","39.3875"
"5520000360","PALMOLIVE SOAP CI&CR 125GR","PCS","CTN","2006000362900","313.95"
"5520000361","PALMOLIVE SOAP CI&CR 75GR","PCS","OUT","6281001816331","13.799999999999999"
"5520000361","PALMOLIVE SOAP CI&CR 75GR","PCS","CTN","2006000362917","165.6"
"5520000393","PALMOLIVE SOAP HERBAL 125GR","PCS","OUT","6281001812876","39.3875"
"5520000393","PALMOLIVE SOAP HERBAL 125GR","PCS","OUT","6281001816409","39.3875"
"5520000393","PALMOLIVE SOAP HERBAL 125GR","PCS","CTN","2006000372220","313.95"
"5520000394","PALMOLIVE SOAP HERBAL 175GR","PCS","OUT","6281001812944","35.074999999999996"
"5520000394","PALMOLIVE SOAP HERBAL 175GR","PCS","OUT","6281001816478","35.074999999999996"
"5520000394","PALMOLIVE SOAP HERBAL 175GR","PCS","CTN","2006000372237","281.75"
"5520000484","PALMOLIVE SOAP ASS. 5+1X175GR","OFFER","CTN","3030000000608","72.45"
"5520000488","RDL PAPPAYA SOAP 135G","PCS","CTN","2004000181941","74.865"
"5520000489","R.D.L. WHITENING SOAP - CALAMANSI 1 PC","PCS","CTN","2004000181415","81.64999999999999"
"5520000494","DOVE SOAP FRESH TOUCH 135GR","PCS","CTN","2006000376907","609.5"
"5520000512","YARDLEY SOAP ENGLISH ROSE 3X100GR","PCS","CTN","2004000239550","285.775"
"5520000519","YARDLEY SOAP JASMINE 3X100GR","PCS","CTN","2004000239864","273.7"
"5520000529","PALMOLIVE HAND WASH ANTI BACTERIAL 300ML","PCS","CTN","2006000379731","265.65000000000003"
"5520000530","PALMOLIVE HAND WASH FLORAL 300ML","PCS","CTN","2006000379748","181.70000000000002"
"5520000531","PALMOLIVE HAND WASH MILK & OLIVE 300ML","PCS","CTN","2006000379755","261.05"
"5520000532","PALMOLIVE HAND WASH MILK & HONEY 300ML","PCS","CTN","2006000379762","285.2"
"5520000544","YARDLEY SOAP LAVENDER 100GR SINGLE","PCS","CTN","2008000419400","103.5"
"5520000554","JOHNSON SOAP BEDTIME 125GR","PCS","CTN","2006000385381","60.375"
"5520000569","FA LIQUID SOAP ALOE VERA 250ML","PCS","CTN","2007000387764","143.6925"
"5520000574","DETTOL SOAP 120GM","PCS","OUT","2008000413705","69"
"5520000574","DETTOL SOAP 120GM","PCS","CTN","2007000389829","828"
"5520000575","DETTOL SOAP S/CARE 165GM","PCS","OUT","2008000428778","52.8425"
"5520000575","DETTOL SOAP S/CARE 165GM","PCS","CTN","2007000389836","636.8126149999999"
"5520000579","LIFEBUOY SOAP NATURE 125GR","PCS","CTN","2007000390269","380.3625"
"5520000584","LIFEBUOY HAND WASH TOTAL10 200ML","PCS","CTN","2007000390405","255.3"
"5520000585","LIFEBUOY HAND WASH MILD CARE 200ML","PCS","CTN","2007000390429","227.7"
"5520000586","LIFEBUOY H/WASH 200ML","PCS","CTN","2007000390436","159.39"
"5520000590","SAFEGUARD SOAP CLASSIC BEIGE 135GR","PCS","CTN","2007000391686","63.5375"
"5520000591","SAFEGUARD SOAP FLORAL PINK 135GR","PCS","CTN","2007000391693","63.825"
"5520000594","SAFEGUARD SOAP FRESH GREEN 135GR","PCS","CTN","2007000391723","63.825"
"5520000595","SAFEGUARD SOAP PURE WHITE 135GR","PCS","CTN","2007000392560","63.825"
"5520000617","DETTOL SOAP SENSITIVE 120GM","PCS","OUT","2007000410622","67.85"
"5520000617","DETTOL SOAP SENSITIVE 120GM","PCS","CTN","2007000409527","822.25"
"5520000618","DETTOL SOAP SENSITIVE165GM","PCS","OUT","2007000410615","52.325"
"5520000618","DETTOL SOAP SENSITIVE165GM","PCS","CTN","2007000409534","629.05"
"5520000623","FA SILK & MAGNOLIA 250M","PCS","CTN","2008000412968","143.6925"
"5520000640","DETTOL HAND WASH SENSITIVE 200ML","PCS","CTN","2008000414757","253.00000000000003"
"5520000661","YARDLEY SOAP ENG ROSE 100GR SINGLE","PCS","CTN","2008000421144","103.5"
"5520000662","YARDLEY SOAP RED ROSE 100GR SINGLE","PCS","CTN","2008000421151","102.35000000000001"
"5520000663","YARDLEY SOAP S\WOOD 100GR SINGLE","PCS","CTN","2008000421168","103.5"
"5520000668","DOVE SOAP ENERGIZE 135GR","PCS","CTN","2008000424374","563.5"
"5520000707","CAMAY SOAP CREME DYNAMIQUE 125GR","PCS","OUT","6291103978301","19.259625"
"5520000707","CAMAY SOAP CREME DYNAMIQUE 125GR","PCS","CTN","2008000426330","227.01"
"5520000715","DETTOL HAND WASH CARING 200ML PUMP","PCS","CTN","2008000428747","186.3"
"5520000717","DETTOL SHOWERGEL ZING 700ML","PCS","CTN","2008000428761","282.9"
"5520000735","LUX SOAP AQUA SPARK 120GR","PCS","OUT","6281006480377","25.29954"
"5520000735","LUX SOAP AQUA SPARK 120GR","PCS","CTN","2008000433147","301.3"
"5520000743","LUX SOAP AQUA SPARKLE 170GR","PCS","OUT","6281006480384","34.44158"
"5520000743","LUX SOAP AQUA SPARKLE 170GR","PCS","CTN","2008000433222","271.6875"
"5520000747","LIFEBUOY HAND WASH MILD CARE 500ML BLUE","PCS","CTN","2008000433321","573.85"
"5520000749","LIFEBUOY HAND WASH NATURE 500ML","PCS","CTN","2008000433345","368.2875"
"5520000750","LIFEBUOY HAND WASH TOTAL10 500ML RED","PCS","CTN","2008000433352","573.85"
"5520000751","PALMOLIVE SOAP HABBA 125GR","PCS","OUT","2008000435295","32.2"
"5520000751","PALMOLIVE SOAP HABBA 125GR","PCS","OUT","6281001814412","32.2"
"5520000751","PALMOLIVE SOAP HABBA 125GR","PCS","OUT","6281001816416","32.2"
"5520000751","PALMOLIVE SOAP HABBA 125GR","PCS","CTN","2008000435301","253.00000000000003"
"5520000752","PALMOLIVE SOAP HABBA SAOUDA 175GR","PCS","OUT","6281001816485","35.074999999999996"
"5520000752","PALMOLIVE SOAP HABBA SAOUDA 175GR","PCS","CTN","2008000435325","281.75"
"5520000773","SILKA PAPAYA SOAP 90GR","PCS","CTN","2009000448421","79.695"
"5520000781","DOVE SOAP BURST ORANGE 135GR","PCS","CTN","2009000007512","563.5"
"5520000803","DETTOL HAND WASH SOOTHING 200ML PUMP","PCS","CTN","2009000009974","195.5"
"5520000804","DETTOL H\W SOOTHING 400ML","PCS","CTN","2009000009981","181.70000000000002"
"5520000836","CAMAY SOAP PARFUM VINTAGE AROMA 175GR","PCS","OUT","6291103978196","30.475"
"5520000836","CAMAY SOAP PARFUM VINTAGE AROMA 175GR","PCS","CTN","2009000024922","241.5"
"5520000839","PALMOLIVE SOAP NATURAL YOGHURT & FRUITS 125GR","PCS","OUT","6281001815235","31.337500000000002"
"5520000839","PALMOLIVE SOAP NATURAL YOGHURT & FRUITS 125GR","PCS","OUT","6281001816393","31.337500000000002"
"5520000839","PALMOLIVE SOAP NATURAL YOGHURT & FRUITS 125GR","PCS","CTN","2010198000254","254.4375"
"5520000840","PALMOLIVE SOAP NATURAL YOGHURT & FRUITS 175GR","PCS","OUT","6281001816461","35.074999999999996"
"5520000840","PALMOLIVE SOAP NATURAL YOGHURT & FRUITS 175GR","PCS","CTN","2010198000278","279.45000000000005"
"5520000855","LIFEBUOY SOAP NATURE 70GR GREEN","PCS","OUT","3030000000033","19.4925"
"5520000855","LIFEBUOY SOAP NATURE 70GR GREEN","PCS","CTN","2010198003248","232.300115"
"5520000856","LIFEBUOY SOAP MILD CARE 70GR BLUE","PCS","CTN","2010198003231","217.35"
"5520000857","LIFEBUOY SOAP TOTAL10 70GR RED","PCS","OUT","3030000000034","46"
"5520000857","LIFEBUOY SOAP TOTAL10 70GR RED","PCS","CTN","2010198003262","518.65"
"5520000858","LIFEBUOY SOAP ACTIVFRESH 70GR SEEBLUE","PCS","CTN","2010198003255","216.2"
"5520000859","LIFEBUOY SOAP ACTIVFRESH 125GR SEEBLUE","PCS","CTN","2010198003279","414"
"5520000860","LIFEBUOY SOAP ACTIVFRESH 160GR SEEBLUE","PCS","CTN","2010198003286","316.25"
"5520000861","LIFEBUOY HAND WASH ACTIVFRESH 500ML SEEBLUE","PCS","CTN","2010198003309","578.45"
"5520000862","LIFEBUOY HAND WASH ACTIVFRESH 200ML SEEBLUE","PCS","CTN","2010198003293","226.54999999999998"
"5520000871","LUX SOAP CREAMY PERFECTION 75 GM","PCS","OUT","6281006476738","16.1"
"5520000871","LUX SOAP CREAMY PERFECTION 75 GM","PCS","OUT","6281006484719","16.1"
"5520000871","LUX SOAP CREAMY PERFECTION 75 GM","PCS","CTN","2010198005686","193.2"
"5520000881","FA LIQUID SOAP COCO BUTTER 250ML","PCS","CTN","2011011021982","143.6925"
"5520000882","FA SOAP SLIK & MAGNOLIA 125g","PCS","OUT","2011011021999","20.467125"
"5520000882","FA SOAP SLIK & MAGNOLIA 125g","PCS","OUT","6291100762118","20.467125"
"5520000882","FA SOAP SLIK & MAGNOLIA 125g","PCS","CTN","2011011022002","241.5"
"5520000883","FA SOAP SLIK & MAGNOLIA 175G","PCS","OUT","2011011022019","32.1425"
"5520000883","FA SOAP SLIK & MAGNOLIA 175G","PCS","OUT","6291100762125","32.1425"
"5520000883","FA SOAP SLIK & MAGNOLIA 175G","PCS","CTN","2011011028301","255.24261499999997"
"5520000888","LUX MAGICAL BEAUTY SOAP 75G","PCS","OUT","6281006478848","14.888475"
"5520000888","LUX MAGICAL BEAUTY SOAP 75G","PCS","CTN","2011011023573","175.0875"
"5520000889","LUX MAGICAL BEAUTY SOAP 120G","PCS","OUT","6281006478855","22.9885"
"5520000889","LUX MAGICAL BEAUTY SOAP 120G","PCS","OUT","6281006480513","22.9885"
"5520000889","LUX MAGICAL BEAUTY SOAP 120G","PCS","OUT","6281006484740","22.9885"
"5520000889","LUX MAGICAL BEAUTY SOAP 120G","PCS","OUT","6281006585539","22.9885"
"5520000889","LUX MAGICAL BEAUTY SOAP 120G","PCS","CTN","2011011023597","458.85"
"5520000890","LUX MAGICAL BEAUTY SOAP 170G","PCS","OUT","6281006480520","40.1925"
"5520000890","LUX MAGICAL BEAUTY SOAP 170G","PCS","OUT","6281006485013","40.1925"
"5520000890","LUX MAGICAL BEAUTY SOAP 170G","PCS","OUT","6281006584679","40.1925"
"5520000890","LUX MAGICAL BEAUTY SOAP 170G","PCS","CTN","2011011023610","311.075"
"5520000891","LUX SECRET BLISS SOAP 75G","PCS","OUT","6281006478817","16.099655000000002"
"5520000891","LUX SECRET BLISS SOAP 75G","PCS","OUT","6281006484597","16.099655000000002"
"5520000891","LUX SECRET BLISS SOAP 75G","PCS","CTN","2011011023672","193.2"
"5520000892","LUX SOAP SECRET BLISS120G","PCS","OUT","6281006480490","27.8875"
"5520000892","LUX SOAP SECRET BLISS120G","PCS","OUT","6281006484771","27.8875"
"5520000892","LUX SOAP SECRET BLISS120G","PCS","CTN","2011011023634","333.5"
"5520000893","LUX BLISS SOAP SECRET BLISS 170G","PCS","OUT","6281006480506","38.525000000000006"
"5520000893","LUX BLISS SOAP SECRET BLISS 170G","PCS","OUT","6281006485044","38.525000000000006"
"5520000893","LUX BLISS SOAP SECRET BLISS 170G","PCS","CTN","2011011023658","305.90000000000003"
"5520000910","DETTOL SOAP NOURISHING 110G","PCS","OUT","2011011031790","49.7375"
"5520000910","DETTOL SOAP NOURISHING 110G","PCS","CTN","2011011031806","596.85"
"5520000912","DETTOL HAND WASH NOURISHING 200ML","PCS","CTN","2011011031899","195.5"
"5520000914","DETTOL HAND WASH NOURISHING 400ML","PCS","CTN","2011011031912","181.70000000000002"
"5520000917","LUX SOAP CREAMY PERFECTION 170GM","PCS","OUT","6281006485167","36.225"
"5520000917","LUX SOAP CREAMY PERFECTION 170GM","PCS","CTN","2011011032155","289.8"
"5520000918","LUX SOAP CREAMY PERFECTION 120GM","PCS","OUT","6281006484894","25.2425"
"5520000918","LUX SOAP CREAMY PERFECTION 120GM","PCS","CTN","2011011032179","301.875"
"5520000919","LUX SOAP VELVET TOUCH 170GM","PCS","OUT","6281006485136","33.924769999999995"
"5520000919","LUX SOAP VELVET TOUCH 170GM","PCS","CTN","2011011032230","277.725"
"5520000920","LUX SOAP VELVET TOUCH 120GM","PCS","OUT","6281006484863","25.29954"
"5520000920","LUX SOAP VELVET TOUCH 120GM","PCS","CTN","2011011032254","301.875"
"5520000921","LUX SOAPVELVET TOUCH 75GM","PCS","OUT","2011011032261","16.041694999999997"
"5520000921","LUX SOAPVELVET TOUCH 75GM","PCS","OUT","6281006479364","16.041694999999997"
"5520000921","LUX SOAPVELVET TOUCH 75GM","PCS","OUT","6281006484689","16.041694999999997"
"5520000921","LUX SOAPVELVET TOUCH 75GM","PCS","CTN","2011011032278","193.2"
"5520000922","LUX SOAP SOFT TOUCH 170GM","PCS","OUT","6281006480407","37.95"
"5520000922","LUX SOAP SOFT TOUCH 170GM","PCS","OUT","6281006485105","37.95"
"5520000922","LUX SOAP SOFT TOUCH 170GM","PCS","CTN","2011011032292","304.75011499999994"
"5520000923","LUX SOAP SOFT TOUCH 120GM","PCS","OUT","6281006480391","28.75"
"5520000923","LUX SOAP SOFT TOUCH 120GM","PCS","OUT","6281006484832","28.75"
"5520000923","LUX SOAP SOFT TOUCH 120GM","PCS","CTN","2011011032315","343.85"
"5520000924","LUX SOAP SOFT TOUCH 75GM","PCS","OUT","6281006484658","17.825"
"5520000924","LUX SOAP SOFT TOUCH 75GM","PCS","CTN","2011011032339","213.9"
"5520000925","LUX SOAP SILK SENSATION 170GM","PCS","OUT","6281006480421","34.442499999999995"
"5520000925","LUX SOAP SILK SENSATION 170GM","PCS","OUT","6281006485075","34.442499999999995"
"5520000925","LUX SOAP SILK SENSATION 170GM","PCS","CTN","2011011032353","271.4"
"5520000926","LUX SOAP SILK SENSATION 120GM","PCS","OUT","6281006484801","25.586925"
"5520000926","LUX SOAP SILK SENSATION 120GM","PCS","CTN","2011011032377","301.875"
"5520000927","LUX SOAP SILK SENSATION 75GM","PCS","OUT","6281006479395","15.812270000000002"
"5520000927","LUX SOAP SILK SENSATION 75GM","PCS","OUT","6281006484627","15.812270000000002"
"5520000927","LUX SOAP SILK SENSATION 75GM","PCS","CTN","2011011032391","190.89977"
"5520000933","LUX HAND WASH MAGICAL BEAUTY 250ML","PCS","CTN","2011011032988","231.14999999999998"
"5520000934","LUX HAND WASH SECRET BLISS250ML","PCS","CTN","2011011032995","172.5"
"5520000935","LUX VELVET TOUCH 250ML","PCS","CTN","2011011033008","226.54999999999998"
"5520000936","LUX HAND WASH SOFT TOUCH 250ML","PCS","CTN","2011011033015","226.49249999999998"
"5520000937","LUX HAND WASH TEMPTING WHISPER 250ML","PCS","CTN","2011011033022","172.5"
"5520000940","LUX HAND WASH TEMPTING WHISPER 500ML","PCS","CTN","2011011033053","281.75"
"5520000944","LUX BAR GLOWING SKIN 170GM","PCS","OUT","6281006584983","46.575"
"5520000944","LUX BAR GLOWING SKIN 170GM","PCS","CTN","2012011034026","557.4625"
"5520000945","LUX BAR TEMPTING MUSK 120GM","PCS","OUT","6281006585041","22.9885"
"5520000946","LUX BAR GLOWING SKIN 120GM","PCS","OUT","6281006585218","22.9885"
"5520000947","LIFEBUOY SOAP VITA PROTECT 70GM","PCS","CTN","2012011034057","216.2"
"5520000948","LUX BAR ROMANTIC HIBISCUS 120GM","PCS","OUT","6281006585126","22.9885"
"5520000949","LUX BAR ROMANTIC HIBISCUS 170GM","PCS","CTN","2012011034071","368"
"5520000950","LIFEBUOY HAND WASH VITA PROTECT 200ML","PCS","CTN","2012011034125","158.7"
"5520000951","LIFEBUOY HAND WASH VITA PROTECT 500ML","PCS","CTN","2012011034132","362.25"
"5520001001","DETTOL DAILY CARE SOAP 110G","PCS","CTN","2012011036587","595.6999999999999"
"5520001003","DETTOL DAILY CARE HANDWASH 200ML","PCS","CTN","2012011036600","186.3"
"5520001005","JOHNSON BABY FRESH BATH 500ML","PCS","CTN","2012011037515","476.9625"
"5520001031","DETTOL HANDWASH ZING 400ML","PCS","CTN","2014011049277","216.2"
"5520001040","LIFEBUOY SOAP BAR LEMON FRESH PW 70G","PCS","OUT","2013011045036","19.262500000000003"
"5520001041","LIFEBUOY SOAP BAR LEMON FRESH PW 125G","PCS","OUT","2013011045043","70.14999999999999"
"5520001042","LIFEBUOY SOAP BAR LEMON FRESH PW 160G","PCS","OUT","2013011045111","27.8875"
"5520001042","LIFEBUOY SOAP BAR LEMON FRESH PW 160G","PCS","OUT2","3030000000036","41.6875"
"5520001043","LIFEBUOY H/WASH LEMON FRESH 200ML","PCS","OFFER","6281006538986","31.337500000000002"
"5520001047","LUX SOAP BAR DREAM DELIGHT120G","PCS","OUT","2013011045005","24.15"
"5520001047","LUX SOAP BAR DREAM DELIGHT120G","PCS","OUT","6281006482531","24.15"
"5520001048","LUX SOAP BAR SWEET EMBRACE120G","PCS","OUT","6281006482500","22.9425"
"5520001049","LUX SOAP BAR DREAM DELIGHT 170G","PCS","OUT","6281006482548","34.384769999999996"
"5520001050","LUX SOAP BAR SWEET EMBRACE 170G","PCS","OUT","6281006482517","33.349999999999994"
"5525000093","DETTOL HAND WASH ORIGINAL200ML","PCS","CTN","2005000325632","253.00000000000003"
"5525000101","DETTOL SHOWER GEL ORIGINAL 500ML","PCS","CTN","2004000160168","530.1500000000001"
"5525000102","DETTOL SHOWER GEL FRESH 500ML","PCS","CTN","2004000160175","546.250115"
"5525000107","DETTOL SHOWER GEL +PUFF FRESH 300ML","PCS","CTN","2004000169338","333.5"
"5525000111","PALMOLIVE HAND WASH NOURISHING 250ML","PCS","CTN","2004000169406","167.9"
"5525000112","VANISH CARPET SHAMPOO 1LT","PCS","CTN","2004000169420","670.449885"
"5525000113","VANISH CARPET SHAMPOO 500ML","PCS","CTN","2004000169437","575"
"5525000133","DETTOL SHOWER GEL FRESH 250ML","PCS","CTN","2008000429577","325.45"
"5525000134","DETTOL HAND WASH FRESH 200ML","PCS","CTN","2005000319372","254.15"
"5525000135","DETTOL H/W ORIGINAL 400ML","PCS","CTN","2005000325649","205.27499999999998"
"5525000137","DETTOL H/WASH FRESH 400ML","PCS","CTN","2005000325656","205.27499999999998"
"5525000142","DETTOL SHOWER GEL ORIGINAL","PCS","CTN","2005000325687","307.05"
"5525000159","FA SHOWER GEL ENERGIZING 250ML","PCS","CTN","2004000138730","228.5625"
"5525000161","FA SHOWER GEL MILON & LITCHI 250ML","PCS","CTN","2004000158066","174.8"
"5525000164","FA SHOW. GEL- COCONUT BUTTER OIL 250ML","PCS","CTN","2004000138747","228.5625"
"5525000170","JOHNSON MOIST.BATH 500 ML","PCS","CTN","2004000165941","502.54942500000004"
"5525000174","JOHNSON C&C CLEANSING LOTION SENSITIVE 200ML","PCS","CTN","2004000162896","312.8"
"5525000176","JOHNSON SMOOTH R/WTR BL 400ML","PCS","CTN","2004000150824","385.25"
"5525000178","JOHNSON OIL SPRAY 150ML","PCS","CTN","2004000162872","419.75"
"5525000187","OLAY BEAUTY FLUID 200ML","PCS","CTN","2004000301639","431.25"
"5525000212","DETTOL SHOWER GEL COOL 250ML","PCS","CTN","2005000343933","307.05"
"5525000213","DETTOL SHOWER GEL COOL 500ML","PCS","CTN","2005000343940","560.625"
"5525000246","DETTOL SHOWER GEL ACTIVE 300ML","PCS","CTN","2006000361354","286.34896499999996"
"5525000248","DETTOL SHOWER GEL AVTIVE 500ML","PCS","CTN","2006000361378","430.099425"
"5525000258","FA SHOWER GEL HIBIC & CRANBERY 250ML","PCS","CTN","2006000370134","174.8"
"5525000259","FA SILK MAGOL S/GEL 250","PCS","CTN","2006000370141","215.625"
"5525000260","FA S/GEL VANILA HONEY250ML 3200384","PCS","CTN","2006000370158","241.5"
"5525000262","FA SHOWER GEL ALOE VERA 250ML","PCS","CTN","2006000370172","228.5625"
"5525000295","PALMOLIVE SHOWER GEL MILK & HONEY 250ML","PCS","CTN","2006000379694","167.9"
"5525000296","PALMOLIVE SHOWER GEL MILK & OLIVE 250ML","PCS","CTN","2006000379700","163.0125"
"5525000299","DETTOL SHOWER GEL SKIN CARE 250 ML","PCS","CTN","2007000389843","299"
"5525000301","DETTOL SHOWER GEL SKIN CARE 500ML","PCS","CTN","2007000389867","536.475"
"5525000304","DETTOL S/CARE HAND WASH 400ML","PCS","CTN","2007000389904","210.7375"
"5525000306","VANISH LIQUID 3 LTR","PCS","CTN","2007000389942","345"
"5525000307","LIFEBUOY SHOWER GEL TOTAL10 300ML","PCS","CTN","2007000390474","365.70000000000005"
"5525000308","LIFEBUOY SHOWER GEL MILD CARE 300ML","PCS","CTN","2007000390481","368"
"5525000309","LIFEBUOY SHOWER GEL NATURE 300ML","PCS","CTN","2007000390498","243.915"
"5525000317","DOVE SHOWER GEL FRESH TOUCH 250ML","PCS","CTN","2007000393338","266.79999999999995"
"5525000321","JOHNSON VR SMT PAPAYA BW400M","PCS","CTN","2007000397046","299"
"5525000322","JOHNSON VR REPLN RASPBERRY BODY WASH 400ML","PCS","CTN","2007000397053","299"
"5525000323","JOHNSON VR BRTG POMEGRANATE BODY WASH 400ML","PCS","CTN","2007000397060","299"
"5525000337","FA SHOWER GEL COCONUT 250ML","PCS","CTN","2008000412944","188.025"
"5525000339","DETTOL SHOWER GEL SENSITIVE 250ML","PCS","CTN","2008000414733","307.3375"
"5525000340","DETTOL SHOWER GEL SENSITIVE 500ML","PCS","CTN","2008000414740","506.00000000000006"
"5525000383","DETTOL SHOWER GEL CARING 250ML","PCS","CTN","2008000428716","303.542615"
"5525000385","DETTOL SHOWERGEL ZING 500ML","PCS","CTN","2008000428730","535.9"
"5525000387","PALMOLIVE S\G A\MILK 250ML","PCS","CTN","2009000439801","167.9"
"5525000390","LUX SHOWER GEL WAKE ME UP 250ML","PCS","CTN","2009000448131","184.000115"
"5525000402","CREME 21 SHOWER GEL WATERFALL 250ML","PCS","CTN","2009000449244","149.5"
"5525000403","CREME 21 SHOWER GEL JASMINE VANILLA 250ML","PCS","CTN","2009000449251","149.5"
"5525000404","CREME 21 SHOWER GEL WILD ROSE 250ML","PCS","CTN","2009000449268","149.5"
"5525000405","CREME 21 SHOWER GEL MILK HONEY 250ML","PCS","CTN","2009000449275","149.5"
"5525000406","CREME 21 SHOWER GEL ORANGE LIME 250ML","PCS","CTN","2009000449282","149.5"
"5525000407","CREME 21 SHOWER GEL ORIENTAL 250ML","PCS","CTN","2009000449299","149.5"
"5525000420","DETTOL SHOWER GEL SOOTHING 250ML","PCS","CTN","2009000009905","303.6"
"5525000443","LIFEBUOY BODY WASH ACTIVFRESH 300ML SEEBLUE","PCS","CTN","2011011022873","241.5"
"5525000444","LIFEBUOY BODY WASH ACTIVFRESH 500ML SEEBLUE","PCS","CTN","2011011022880","379.5"
"5525000446","LUX S/GEL APRICOT & CREAM 500ML","PCS","CTN","2010198006652","327.75"
"5525000447","LUX S/GEL SOFT & TOUCH 500ML","PCS","CTN","2010198006669","327.75"
"5525000448","LUX SILK SENSATION SOFT SKIN 500ML","PCS","CTN","2010198006676","327.75"
"5525000457","JOHNSON BABY SOFTWASH PINK ORIGINAL 400ML","PCS","CTN","2011011021906","362.25"
"5525000458","JOHNSON BABY SOFT BATH 500ML","PCS","CTN","2011011021913","509.7375"
"5525000461","DOVE SHOWER GEL SENSITIVE 250ML","PCS","CTN","2011011024334","266.79999999999995"
"5525000469","LUX BODY WASH MAGICAL BEAUTY 700ML","PCS","CTN","2011011027021","425.500115"
"5525000470","LUX BODY WASH SECRET BLISS 700ML","PCS","CTN","2011011027038","425.500115"
"5525000473","FA SHOWER GEL MOISTURE ACAIBERRY 250ML","PCS","CTN","2011011028257","174.8"
"5525000483","LUX BODY WASH MAGICAL BEAUTY 250ML","PCS","CTN","2011011029841","184.000115"
"5525000484","LUX BODY WASH SECRET BLISS 250ML","PCS","CTN","2011011029858","184.000115"
"5525000485","DETTOL SHOWER GEL NOURISHING 250ML","PCS","CTN","2011011031929","303.6"
"5525000487","LUX SHOWER GEL CHERRY & CREAM 250ML","PCS","CTN","2011011032056","184.000115"
"5525000488","LUX S/GEL VELVET TOUCH 250ML","PCS","CTN","2011011032063","183.71249999999998"
"5525000489","LUX SHOWER GEL GRAPE & CREAM 250ML","PCS","CTN","2011011032070","184.000115"
"5525000490","LUX SHOWER GEL CHERRY & CREAM 700ML","PCS","CTN","2011011033091","425.500115"
"5525000491","LUX SHOWER GEL APRICOT & CREAM 700ML","PCS","CTN","2011011033107","425.500115"
"5525000500","MAESTRO CARPET SHAMPOO 1L","PCS","CTN","2012011034798","166.75"
"5525000504","JOHNSON INDULGE S/GEL F/SOFT 250ML","PCS","CTN","2012011035689","166.75"
"5525000505","JOHNSON IMAGINE SHWR GEL SOFT & FRESH 400ML","PCS","CTN","2012011035696","236.9"
"5525000506","JOHNSON UNWIND SH GEL SOFT & FRESH 400ML","PCS","CTN","2012011035702","224.25"
"5525000518","FA KIDS SHOWER 250ML(BLUE BOYS)","PCS","CTN","2012011038116","241.5"
"5525000519","FA SHOWER MERMAID (PINK GIRLS)250ML","PCS","CTN","2012011038123","234.6"
"5525000520","FA S/GEL-NATURAL POWER 250ML","PCS","CTN","2012011038130","170.775"
"5525000522","PERSIL WHITE OUD 1LT 3840461","PCS","CTN","2012011038147","339.25"
"5525000523","PERSIL WHITE OUD 3 LT","PCS","CTN","2012011038154","434.7"
"5525000527","FA SHOWER GEL PINK PARADISE 250ML","PCS","CTN","2013011044633","212.75"
"5525000556","JOHNSON VR BRTG ROSE WATER BODY WASH 400ML","PCS","CTN","2014011049956","299"
"5532000033","LACE CONCENTRATED COLOGNE SPRAY 50ML","PCS","CTN","2005000334658","391"
"5532000034","CHIQUE CHCOLOGNE SPRAY 50ML","PCS","CTN","2005000334665","391"
"5532000035","WHITE SATIN COLOGNE SPRAY 50ML","PCS","CTN","2005000334672","396.75"
"5533000013","CLAIROL HERBAL ESSENCES MASK BREAKAGE DEFENDER 200ML","PCS","CTN","2008000438531","483"
"5535000024","AWARD SHOE POLISH","PCS","CTN","2005000332043","67.85"
"5558000161","REXONA ROLL ON COTTON 50 ML","PCS","CTN","2004000011576","266.79999999999995"
"5558000167","FA MAXIMUM PROTECT 50ML","PCS","CTN","2004000192725","192.04999999999998"
"5558000196","CITYMEN ROLL-ON FASHION 50 ML","PCS","CTN","2004000299585","166.75"
"5558000197","CITYMEN ROLL-ON EXCITING 50","PCS","CTN","2004000299592","166.75"
"5558000198","CITYMEN ROLL-ON MUSK 50ML","PCS","CTN","2004000139164","167.9"
"5558000199","CITYMEN ENERGIZE 50ML","PCS","CTN","2004000139379","167.9"
"5558000200","CITYMEN ROLL-ON DYNAMIC 50ML","PCS","CTN","2004000299882","166.75"
"5558000213","FA ROLL-ON CARIBBEAN LEMON 50ML","PCS","CTN","2004000157977","195.5"
"5558000214","FA ROLL-ON EXOTIC GARDEN 50ML","PCS","CTN","2004000139171","192.04999999999998"
"5558000215","FA ROLL-ON SPORT FOR MEN 50 ML","PCS","CTN","2004000157991","220.79999999999998"
"5558000217","FA ROLL-ON AQUA 50 ML","PCS","CTN","2004000157960","219.64999999999998"
"5558000231","MENNEN L.S.S. ID SHOWER FRE","PCS","CTN","2004000276203","280.3125"
"5558000251","FA DEO SPRAY-AQUA 150ML","PCS","CTN","2011011032520","249.54999999999998"
"5558000260","MENNEN ROLL ON MORNING 50ML","PCS","CTN","2005000343919","208.09249999999997"
"5558000261","MENNEN ROLL ON PETAL 50ML","PCS","CTN","2009000444768","285.2"
"5558000264","FA DEO CARRIBEAN LEMON 150ML","PCS","CTN","2005000352348","250.70000000000002"
"5558000265","FA DEO EXOTIC GARDEN 150ML","PCS","CTN","2005000352355","210.45000000000002"
"5558000266","FA DEO PINK PASSION 150ML","PCS","CTN","2005000352362","249.54999999999998"
"5558000270","FA DEO SPEEDSTER 150ML","PCS","CTN","2005000352409","201.25"
"5558000272","FA DEO PINK PARADISE 200ML","PCS","CTN","2005000352423","308.20000000000005"
"5558000277","FA DEO SPEEDSTER 200ML","PCS","CTN","2005000352478","235.74999999999997"
"5558000278","FA DEO BLACK SUN 200ML","PCS","CTN","2005000352485","253.00000000000003"
"5558000279","FA ROLL ON PINK PASSION 50ML","PCS","CTN","2005000352492","238.04999999999998"
"5558000283","FA ROLL ON SPEEDSTER 50ML","PCS","CTN","2005000352539","181.70000000000002"
"5558000309","FA MISTIC MOMENT PILLOW 50ML","PCS","CTN","2005000359736","226.54999999999998"
"5558000362","MENNEN LADY SPEED STICK 24/7 SATIN PEAR 2.3OZ","PCS","CTN","2006000379908","273.7"
"5558000373","MENNEN L/S/S 24/7 FRESH FUSION 2.3OZ","PCS","CTN","2006000382373","155.25"
"5558000374","MENNEN L/S/S TEEN SPRIT SWEET STRAWBERRY 2.3OZ","PCS","CTN","2006000382380","342.7"
"5558000401","DOVE SPRAY F\TOUCH 150ML","PCS","CTN","2007000411285","304.75011499999994"
"5558000402","DOVE SPRAY ORIGINAL 150ML","PCS","CTN","2007000411292","341.2625"
"5558000406","FA ROLL ON PURPLE PASSION 50ML","PCS","CTN","2011011032636","192.04999999999998"
"5558000414","MENNEN LSS PINK CRUSH 65.5GR","PCS","CTN","2008000435370","316.25"
"5558000445","FA ROLL ON ENERGY ZONE 50ML","PCS","CTN","2009000448582","192.04999999999998"
"5558000465","MENNEN MEN SPEED STICK COOL FUSION 50 GR","PCS","CTN","2009000008601","221.95"
"5558000466","MENNEN FRESH FUSION 150 ML","PCS","CTN","2009000008618","188.6"
"5558000467","MENNEN LADY SPEED STICK FRUITY SPLASH SPRAY 150 ML","PCS","CTN","2009000008625","189.75"
"5558000468","MENNEN LSS FRESH FUSION ROLL ON 50ML","PCS","CTN","2009000008632","285.2"
"5558000486","DOVE ROLL ON ORIGINAL 50ML","PCS","CTN","2009000011595","195.5"
"5558000488","DOVE ROLL ON CUCUMBER GREEN TEA 50ML","PCS","CTN","2009000011625","296.7"
"5558000493","REXONA ROLL ON SPORT DEFENSE 50ML","PCS","CTN","2010198002265","205.85"
"5558000497","REXONA ROLL ON V8 50ML MEN","PCS","CTN","2010198003217","253.00000000000003"
"5558000500","DOVE DEO STICK CUCUMBER & GREAN TEA 40GM","PCS","CTN","2010198006706","345"
"5558000517","REXONA ROLL ON SHOWER CLEAN 50ML","PCS","CTN","2011011022675","266.79999999999995"
"5558000518","FA DEO MYSTIC MOMENTS 200ML","PCS","CTN","2011011029728","281.6925"
"5560000279","FA GARABBEAN LEMON SPRAY 200 ML","PCS","CTN","2011011032605","308.20000000000005"
"5560000292","FA MAXIMUM PROTECT 150M","PCS","CTN","2005000317613","203.49249999999998"
"5560000295","FA MAXIMUM PROTECT 200M","PCS","CTN","2005000317644","247.25"
"5560000308","CHIQUE PERFUMED BODY SPRAY 150ML","PCS","CTN","2005000334689","175.95000000000002"
"5560000309","LACE PERFUMED BODY SPRAY 150ML","PCS","CTN","2005000334696","175.95000000000002"
"5560000336","CITYMEN DEO SPRAY FASHION 150ML","PCS","CTN","2004000275350","184.000115"
"5560000337","CITYMEN SPRAY DYNAMIC 150ML","PCS","CTN","2004000275473","184.000115"
"5560000340","CITYMEN DEO SPRAY MUSK 150ML","PCS","CTN","2004000299875","181.70000000000002"
"5560000341","CITYMEN DEO SPRAY ENERGIZE 150ML","PCS","CTN","2004000139386","184.000115"
"5560000344","CITYMEN DEO SPRAY EXCITING 150ML","PCS","CTN","2004000139966","184.000115"
"5560000345","FA SPORT DEO SPRAY FOR MEN 200ML","PCS","CTN","2004000275336","308.20000000000005"
"5560000347","FA DEO SPRAY-AQUA 200ML","PCS","CTN","2004000275626","308.20000000000005"
"5560000348","FA DEO SPRAY-EXOTIC GARDEN 200ML","PCS","CTN","2004000275633","264.5"
"5560000407","FA SPORT DEO SPRAY MEN 150ML","PCS","CTN","2011011032582","249.54999999999998"
"5560000523","YARDLEY RED ROSE 200 ML","PCS","CTN","2004000239444","308.77500000000003"
"5560000546","FA MYSTC MOMENT 150ML","PCS","CTN","2007000387641","247.25"
"5560000559","REXONA DEO ACTIVE 150ML","PCS","CTN","2007000398173","299"
"5560000561","REXONA DEO POWDER 150ML","PCS","CTN","2007000398197","270.25"
"5560000562","REXONA DEO COTTON 150ML","PCS","CTN","2007000398203","270.25"
"5560000564","REXONA DEO BAMBOO 150ML","PCS","CTN","2007000398227","276"
"5560000632","FA DEO SPRAY DRY PURPLE PASSION 150ML","PCS","CTN","2011011032599","210.45000000000002"
"5560000633","FA DEO SPRAY DRY PURPLE PASSION 200ML","PCS","CTN","2011011032612","264.5"
"5560000635","AXE DEO DARK 150ML","PCS","CTN","2008000433581","316.25"
"5560000642","FA MALE DP SPORT 150ML","PCS","CTN","2009000448537","201.25"
"5560000643","FA DEO SPRAY ENERGY ZONE 200ML","PCS","CTN","2009000448544","263.35"
"5560000646","MENNEN LSS SPRAY ALOE SENSITIVE 150ML","PCS","CTN","2009000448773","188.6"
"5560000648","YARDLEY B/SPRAY LAVANDER 200ML","PCS","CTN","2009000448896","308.77500000000003"
"5560000651","YARDLEY B/SPRAY ENGLISH ROSE 200ML","PCS","CTN","2009000448926","308.77500000000003"
"5560000652","YARDLEY BODY SPRAY JASMINE 200ML","PCS","CTN","2009000448933","308.77500000000003"
"5560000672","REXONA DEO SPRAY AEROSOL V8 150ML","PCS","CTN","2009000011700","299"
"5560000687","AXE DEO EXCITE 150ML","PCS","CTN","2011011023818","255.3"
"5560000699","REXONA DEO SPRAY SHOWER CLEAN 150ML","PCS","CTN","2011011022682","301.3"
"5560000726","FA ROOL ON SPORT DOUBLE POWER SPORTY FRESH50ML","PCS","OUT","2012011038093","192.04999999999998"
"5560000736","FA DEO SPRAY FEMALE SPORT DOUBLE POWER 200ML","PCS","CTN","2013011044640","247.25"
"5561000015","SCHICK QUATRO BLADE 1PCS","PCS","CTN","2005000328923","393.3"
"5563000089","GILLETTE MACH3 BLADE 4PCS","PCS","OFFER","3014260268121","54.625"
"5563000089","GILLETTE MACH3 BLADE 4PCS","PCS","CTN","2005000323874","540.5"
"5563000126","GILLETTE XXXXXXXXXXXXXXXXX","PCS","CTN","2004000275404","1035"
"5563000130","GILLETTE BII REGULAR 10PCS","PCS","CTN","2004000277507","333.5"
"5563000133","GILLETTE BII LH REGULAR 5PCS","PCS","CTN","2004000278511","374.325"
"5563000139","GILLETTE M/3 TURBO BLADE 4PCS","PCS","CTN","2004000279389","646.875"
"5563000153","GILLETTE MACH3 BLADE 2PCS","PCS","CTN","2004000300328","263.35"
"5563000159","GILLETTE BLUE II PLUS ULTRA GRIP 5PC","PCS","CTN","2004000300397","517.5"
"5563000161","GILLETTE BII PLUS BLADES 10PCS","PCS","CTN","2004000300410","399.05"
"5563000173","GILLETTE MACH3 POWER 1UP","PCS","CTN","2006000382243","454.25"
"5563000174","GILLETTE MACH3 POWER BLADE 4PCS","PCS","CTN","2006000382212","695.75"
"5563000176","SUPERMAX SHAVING BRUSH","PCS","CTN","2006000366601","90.85000000000001"
"5563000188","SUPERMAX D/P LADIES POUCH 5S","PCS","OFFER","5013405661115","19.55"
"5563000188","SUPERMAX D/P LADIES POUCH 5S","PCS","OFFER","7525400298909","19.55"
"5563000203","GILLETTE VENUS RAZOR 2UP WOMEN","PCS","CTN","2004000208860","294.97499999999997"
"5563000204","GILLETTE VENUS BLADE 4PCS","PCS","CTN","2005000323768","690"
"5563000232","GILLETTE 7 OCLOCK BLADE S/STEEL 5PCS","PCS","OUT","7702018275588","31.624425"
"5563000232","GILLETTE 7 OCLOCK BLADE S/STEEL 5PCS","PCS","CTN","2006000382250","59.77125"
"5563000257","GILLETTE FUSION RAZOR 2UP","PCS","CTN","2007000407646","307.05"
"5563000258","GILLETTE FUSION POWER RAZOR 1UP","PCS","CTN","2007000407653","448.5"
"5563000259","GILLETTE FUSION CATRIDGES 2PCS","PCS","CTN","2007000407660","441.59999999999997"
"5563000260","GILLETTE FUSION CATRIDGES 4PCS","PCS","CTN","2007000407677","880.325"
"5563000263","GILLETTE FUSION POWER CATRIDGES 4PCS","PCS","CTN","2007000407707","885.5"
"5563000307","GILLETTE VENUS BREEZE CARTRIDGE 4PCS","PCS","CTN","2008000438777","868.25"
"5563000316","SUPERMAX M/U BLUE POU 8s","PCS","OFFER","5013407810016","12.67875"
"5563000317","GILLETTE BLUE III 3PCS","PCS","CTN","2009000005976","134.2625"
"5563000318","GILLETTE BLUE III 6PCS","PCS","CTN","2009000005983","426.075"
"5563000329","GILLETTE BLUE III ICE 6PCS","PCS","CTN","2010198006799","286.35"
"5563000330","GILLETTE BLUE III ICE 3PCS","PCS","CTN","2010198006805","117.3"
"5563000347","GILLETTE FUSION RAZOR 1UP","PCS","OUT","2011011021074","266.79999999999995"
"5563000361","GILLETTE MACH3 SENSITIVE RAZOR","PCS","CTN","2011011030601","144.9"
"5563000362","GILLETTE MACH3 SENSITIVE CATRIDGES 2S","PCS","CTN","2011011030618","315.1"
"5563000363","GILLETTE MACH3 SENSITIVE CATRIDGES 4S","PCS","CTN","2011011030625","615.25"
"5563000390","GILLETTE BLUE3-BLADES 6 S","PCS","OFFER","7702018325474","32.775"
"5564000073","BIEN-ETRE LAVENDE 250ML","PCS","CTN","2004000168010","338.09999999999997"
"5564000074","BIEN-ETRE EAU FRAICHE - GREEN 250ML","PCS","CTN","2004000168034","365.70000000000005"
"5564000087","OLD SPICE AFTER SHAVE 150ML","PCS","CTN","2004000139836","295.54999999999995"
"5564000088","OLDSPICE AFTER SHAVE 250ML","PCS","CTN","2004000150930","437"
"5564000096","OLD SPICE AFTER SHAVE LAGOON 100ML","PCS","CTN","2005000350719","293.25"
"5564000120","BIEN-ETRE NATURELLE WHITE 500ML","PCS","CTN","2004000168041","271.4"
"5564000121","BIEN-ETRE EAU FRAICHE - GREEN 500ML","PCS","CTN","2004000168027","271.4"
"5564000131","GILLETTE FUSION BLUE AFTER SHAVE SPLASH 100ML","PCS","CTN","2007000407738","222.525"
"5565000017","LIFEBUOY HAND SANITIZER 55ML","PCS","CTN","2010198002234","112.6425"
"5567000052","GILLETTE SERIES GEL ULTRA COMFORT 200ML","PCS","CTN","2005000323829","301.3"
"5567000072","GILLETTE FOAMY CLASSIC 200ML","PCS","CTN","2004000278115","148.35"
"5567000083","NIVEA SHAVING GEL COOLING 200ML","PCS","CTN","2004000300670","816.5"
"5567000120","GILLETTE SERIES NEW GEL SENSITIVE 200ML","PCS","CTN","2004000165323","301.875"
"5567000126","GILLETTE SHAVING FOAM LEMON LIME 200ML","PCS","CTN","2004000039556","158.125"
"5567000127","GILLETTE FOAMY REGULAR 200ML","PCS","CTN","2004000209058","157.8375"
"5567000130","GILLETTE SATIN CARE GEL WOMEN SENSITIVE 200ML","PCS","CTN","2006000382144","149.5"
"5567000151","GILLETTE SHAVE GEL MOISTURIZING 2X200ML @ 25% OFF","PCS","OFFER","6291103973238","38.8125"
"5567000152","GILLETTE SHAVE GEL ULTRA COMFORT 2X200ML @ 25% OFF","PCS","OFFER","6291103973245","37.6625"
"5567000174","GILLETTE SHAVE GEL SENSITIVE 2X200ML @ 25% OFF","PCS","OFFER","6291101576257","38.8125"
"5567000188","DETTOL S/GEL DAILY CARE 250ML","PCS","CTN","2012011036624","303.6"
"5571000038","MILTON LIOYD W/SATIN TALC 250G","PCS","CTN","2005000334559","253.57500000000002"
"5571000039","MILTON LIOYD PANACHE PRFUMED TALC 250GR","PCS","CTN","2005000334566","253.57500000000002"
"5571000067","PONDS DREAM FLOWER TALC 400GM","PCS","CTN","2004000178958","162.725"
"5571000068","PONDS DREAM FLOWER TALC 200GM","PCS","CTN","2004000007463","136.85"
"5571000074","YARDLEY TALC-SANDAL WOOD 200GR","PCS","CTN","2004000240426","333.5"
"5571000075","YARDLEY TALC R/ROSE 200GR","PCS","CTN","2004000074793","333.5"
"5571000076","YARDLEY TALC-JASMINE 200GR","PCS","CTN","2004000240440","333.5"
"5571000078","YARDLEY TALC E/ROSE 200GR","PCS","CTN","2004000239741","333.5"
"5571000080","YARDLEY TALC LAVENDER 200GR","PCS","CTN","2005000326561","333.5"
"5571000082","YARDLEY TALC-GENTLEMAN 250GR","PCS","CTN","2004000239789","333.5"
"5571000086","JOHNSON POWDER BEDTIME 200GR","PCS","CTN","2006000385398","362.25"
"5580000121","THERAMED COOL MINT TOOTHPASTE 75ML","PCS","CTN","2004000230298","144.9"
"5580000123","THERAMED JUNIOR TOOTHPASTE 75ML","PCS","CTN","2004000230304","143.75"
"5580000194","COLGATE F/CONFIDENCE GREEN 125ML","PCS","CTN","2004000169369","782"
"5580000195","COLGATE F/CONFIDENCE RED 125ML","PCS","CTN","2004000169376","782"
"5580000199","COLGATE TOOTH PASTE HERBAL 125ML","PCS","CTN","2005000323935","735.9884999999999"
"5580000207","BUTLER TOOTH PASTE GUM SENSITIVE 75ML","PCS","CTN","2005000334429","290.95"
"5580000210","PARODONTAX ACTIVE GEL 100ML","PCS","CTN","2004000169703","311.65"
"5580000215","PARODONTAX TOOTH PASTE ORIGINAL 100ML","PCS","CTN","2005000345685","311.075"
"5580000223","CREST CAVITY PROTECTION MILD MINT 125GR","PCS","CTN","2004000157151","79.35"
"5580000235","AQUA FRESH T.PASTE MINT125ML","PCS","CTN","2004000275206","98.89999999999999"
"5580000239","AQUA FRESH TOOTH PASTE MILD MIN","PCS","CTN","2004000300748","100.05"
"5580000243","AQUA FRESH T/P WHITENING 125 ML","PCS","CTN","2004000300816","196.65"
"5580000249","CLOSEUP RED HOT TP 50ML","PCS","OUT","2004000149750","87.6875"
"5580000251","CLOSE UP TOOTH PASTE MENTHOL FRESH 50ML","PCS","OUT","2004000149743","87.6875"
"5580000256","COLGATE TOOTH PASTE C D C EXTRA MINT 125 ML","PCS","CTN","2005000326394","598"
"5580000266","COLGATE TOOTH PASTE-GRF 50 ML","PCS","CTN","2004000140023","71.0125"
"5580000268","COLGATE TOOTH PASTE GRF 175ML","PCS","CTN","2005000323904","232.29885"
"5580000269","COLGATE T/PASTE GRF 125ML","PCS","OFFER","2004001498079","16.674425"
"5580000269","COLGATE T/PASTE GRF 125ML","PCS","CTN","2005000331923","603.75"
"5580000279","COLGATE T\P WHITE 125GR","PCS","CTN","2005000343834","268.2375"
"5580000311","SENSODYNE TOOTH PASTE GENTLE WHITENING 100ML","PCS","CTN","2004000312109","368.2875"
"5580000316","SENSODYNE T/P E/FRESH 100ML","PCS","CTN","2004000219934","324.29999999999995"
"5580000362","THERAMED TOOTH PASTE-HERBAL 75ML","PCS","CTN","2004000230885","144.9"
"5580000363","THERAMED WHITENING 75 GR","PCS","CTN","2004000158134","144.9"
"5580000390","SIGNAL 2 TOOTH PASTE HERBAL MISWAK 120ML","PCS","CTN","2007000393222","99.1875"
"5580000413","CLOSE UP TOOTH PASTE MILK CALCIUM 125ML","PCS","CTN","2007000405710","182.85000000000002"
"5580000414","CREST TOOTH PASTE KIDS 50ML","PCS","CTN","2007000407769","98.8425"
"5580000415","CREST TOOTH PASTE 3D WHITE 125ML","PCS","CTN","2007000407776","151.8"
"5580000417","CREST T/P 3D WHITE COOL WATER125ML","PCS","CTN","2007000407790","151.8"
"5580000429","SENSODYNE TOOTH PASTE PRONAMEL 75ML","PCS","CTN","2008000413262","299"
"5580000430","SENSODYNE TOOTH BRUSH PRONAMEL","PCS","CTN","2008000413279","212.218125"
"5580000444","SIGNAL CAVITY FIGHTER TP 50ML","PCS","CTN","2008000421977","65.4925"
"5580000449","SIGNAL 2 TOOTH PASTE CAVITY FIGHTER FRESH BLUE 120ML","PCS","CTN","2008000422028","747.5"
"5580000451","SIGNAL 2 TOOTH PASTE WHITENING 120ML","PCS","CTN","2008000422042","172.5"
"5580000453","SIGNAL 2 T\P C\F\G 120ML","PCS","CTN","2008000422066","184.000115"
"5580000460","COLGATE TOOTH PASTE HERBAL MISWAK 125ML","PCS","CTN","2008000435400","395.59999999999997"
"5580000467","SENSODYNE SENS. T.P. PRONAMEL CHILDREN 50 ML","PCS","CTN","2008000437077","320.5625"
"5580000468","ORAL-B TOOTH PASTE STAGE 75ML","PCS","CTN","2008000438104","181.70000000000002"
"5580000469","ORAL-B TOOTH PASTE STG3 75ML","PCS","CTN","2008000438111","181.70000000000002"
"5580000470","COLGATE TOOTH PASTE MAX FRESH COOL MINT 100ML","PCS","CTN","2009000439788","231.72500000000002"
"5580000471","COLGATE TOOTH PASTE MAX FRESH CLEAN MINT 100ML","PCS","CTN","2009000439795","231.72500000000002"
"5580000477","COLGATE TOTAL ADVANCE FRESH 100ML","PCS","CTN","2009000448278","166.75"
"5580000478","COLGATE T\P T\A\W 100ML","PCS","CTN","2009000448285","166.75"
"5580000479","COLGATE TOTAL CLEAN MINT 50ML","PCS","CTN","2009000448292","70.14999999999999"
"5580000481","COLGATE TOTAL CLEAN MINT 100ML","PCS","CTN","2009000448407","167.9"
"5580000491","CLOSE UP TOOTH PAST WHITENING 75ML","PCS","CTN","2009000024182","242.59249999999997"
"5580000497","ORAL-B TOOTH BRUSH PULSAR 3D WHITE PEARL 35S","PCS","CTN","2009000024762","534.75"
"5580000499","COLGATE T\P R\PUMP 100ML","PCS","CTN","2010198000292","189.75"
"5580000508","SIGNAL 2 COMPLETE 8 ACTION WHITE 120ML","PCS","CTN","2010198007833","517.5"
"5580000509","SIGNAL 2 COMPLETE 8 ACTION GOLD 120ML","PCS","CTN","2010198007840","520.95"
"5580000512","COLGATE T/PASTE SENSITIVE PRO RELIEF+WHITENING","PCS","CTN","2011011020633","539.35"
"5580000513","COLGATE T/PASTE SENSITIVE PRO RELIEF 75ML","PCS","CTN","2011011020640","563.5"
"5580000516","SIGNAL 2 T/PASTE CAR PRINCESS 75ML","PCS","CTN","2011011021807","201.25"
"5580000517","SIGNAL 2 TOOTHPASTE STRAWBERRY PRINCE 75ML","PCS","CTN","2011011021838","197.79999999999998"
"5580000524","CREST TOOTH PASTE SALT POWER FRESH MINT 125ML","PCS","CTN","2011011026079","197.7885"
"5580000527","CLOSE UP TOOTH PASTE FIRE FREEZE 100ML","PCS","CTN","2011011027274","138.57500000000002"
"5580000534","SIGNAL 2 TOOTH PASTE COMPLETE 8 ACTION WHITE 50ML","PCS","CTN","2012011033944","81.64999999999999"
"5580000535","SIGNAL 2 TOOTH PASTE COMPLETE 8 ACTION GOLD 50ML","PCS","CTN","2012011033951","81.64999999999999"
"5580000541","PEPSODENT TOOTHPASTE CENTRE FRESH 150ML","PCS","OUT","2012011037737","123.05000000000001"
"5580000550","COLGATE OPTIC WHITE TOOTHPASTE 75ML","PCS","OFFER","6281001817239","43.7"
"5580000564","CREST CAVITY PROTECTION FRESH MINT 125GR","PCS","CTN","2013011042967","114.7125"
"5580000585","COLGATE ACTIVE SALT TP 100ML","PCS","CTN","2014011049185","641.125"
"5580000592","SENSODYNE MLTI CARE+WTN+TB FRE","PCS","OFFER","6805699533105","40.2385"
"5580000619","SENSODYNE TOOTH PASTE ADVANCED REPAIR & PROTECT EXTRA FRESH","PCS","OFFER","6805699955464","45.9885"
"5581000120","SENSODYNE TOOTH BRUSH TOTAL CARE SENSITIVE 1PC","PCS","OUT","2004000152026","212.218125"
"5581000123","SENSODYNE TOOTH BRUSH SOFTEX GUM MASSAGER 1PC","PCS","CTN","2004000311348","167.84249999999997"
"5581000157","BUTLER TOOTH BRUSH MICRO TIP SOFT","PCS","CTN","2005000334436","114.7125"
"5581000159","GUM KID TOOTHBRUSH","PCS","CTN","2005000334450","132.82500000000002"
"5581000160","TRISA TOOTH BRUSH KIDS FANS","PCS","CTN","2005000334726","169.04999999999998"
"5581000161","TRISA TOOTH BRUSH JUNIOR 6+4","PCS","CTN","2005000334733","169.04999999999998"
"5581000162","TRISA XXXXXXXXXXXXXXXXXXXXXXXXXXXXX","PCS","CTN","2005000334740","275.31"
"5581000163","TRISA XXXXXXXXXXXXXXXXXXXXXXXXXXXX","PCS","CTN","2005000334757","275.31"
"5581000164","TRISA T.B PERFECT WHITE COMFORT SOFT","PCS","CTN","2005000334764","282.325"
"5581000165","TRISA T.B PERFECT WHITE COMFORT MEDIUM","PCS","CTN","2005000334771","281.75"
"5581000166","TRISA TONGUE CLEANER","PCS","CTN","2005000334788","171.0625"
"5581000176","ORAL-B THOOT BRUSH STAGE 1 1 PC","PCS","CTN","2004000173342","178.25"
"5581000177","ORAL-B THOOT BRUSH STAGE 2 1 PC","PCS","CTN","2004000173359","177.1"
"5581000178","ORAL-B THOOT BRUSH STAGE 3 1 PC","PCS","CTN","2004000173366","171.35"
"5581000179","ORAL-B T. BRUSH STAGE 4 1 PC","PCS","CTN","2004000173373","178.25"
"5581000182","ORAL-B T.BRUSH PRO-EXPERT 40MED 3D CLEAN","PCS","CTN","2004000173441","301.3"
"5581000184","ORAL-B T.B COM/CLEAN 40 M","PCS","CTN","2004000173472","203.55"
"5581000188","REACH T.BRUSH ULTRA MEDIUM","PCS","CTN","2004000165767","204.70000000000002"
"5581000190","REACH T\B ULTRA SOFT","PCS","CTN","2004000165743","187.1625"
"5581000192","REACH T.BRUSH ACCESS MEDIU","PCS","CTN","2004000165705","149.5"
"5581000193","REACH T.BRUSH ACCESS PLUS SOFT","PCS","CTN","2004000164579","132.82500000000002"
"5581000195","REACH T.BRUSH CONTROL FULL","PCS","CTN","2004000011491","90.5625"
"5581000196","REACH T.BRUSH CONTROL FULL.","PCS","CTN","2004000164548","95.44999999999999"
"5581000197","REACH T.BRUSH INTERDENTAL","PCS","CTN","2004000164500","143.75"
"5581000198","REACH T.BRUSH INTERDENTAL.","PCS","CTN","2004000164494","144.9"
"5581000209","CREST C/P FRESH MINT 50ML","PCS","CTN","2004000193654","75.32511500000001"
"5581000220","CONCORD T.BRUSH SPICIAL","PCS","CTN","2005000336201","60.375"
"5581000256","COLGATE TOOTH BRUSH ZIG ZAG FLEXIBLE SOFT","PCS","CTN","2005000343841","143.4625"
"5581000270","DUBAI TYBAH MSEWAK","PCS","CTN","6281103920226","72.45"
"5581000275","COLGATE TOOTH BRUSH DOUBLE ACTION 1PCS","PCS","CTN","2006000372329","32.2"
"5581000278","COLGATE T/BRUSH 360 MEDUIM","PCS","OFFER","6001067390022","26.504624999999997"
"5581000281","SENSODYNE TOOTH BRUSH ELITE","PCS","CTN","2004000219989","175.0875"
"5581000309","TRISA T.BRUSH FLEX HEAD MEDIUM","PCS","CTN","2004000067320","241.5"
"5581000311","TRISA T.BRUSH FLEX ACTIVE SOFT","PCS","CTN","2004000233510","146.05"
"5581000312","TRISA XXXXXXXXXXXXXXXXXXXXXXXXXXXX","PCS","CTN","2005000352027","115.92"
"5581000313","TRISA T.BRUSH MY PLANT ECOLOGIC SOFT","PCS","CTN","2004000233527","192.04999999999998"
"5581000314","TRISA T.B MY PLANET ECOLOGIC MEDIUM 1 PC","PCS","CTN","2004000233534","193.2"
"5581000322","ORAL-B TOOTH BRUSH PULSAR 35 SOFT","PCS","CTN","2006000381505","465.75"
"5581000323","ORAL-B TOOTH BRUSH PULSAR 40 MEDIUM","PCS","CTN","2006000381512","441.59965500000004"
"5581000324","ORAL-B PPO ENAMEL PROTN 35","PCS","CTN","2006000381529","333.5"
"5581000329","ORAL-B T/B 3D WHITE 40 MED","PCS","CTN","2006000381574","254.15"
"5581000332","ORAL-B TOOTH BRUSH CLASSIC 40 MEDIUM","PCS","CTN","2006000381604","62.042615"
"5581000336","AQUA FRESH TOOTH BRUSH 3WAY HEAD SOFT","PCS","CTN","2006000382816","224.25"
"5581000337","AQUA FRESH TOOTH BRUSH 3WAY HEAD MEDIUM","PCS","CTN","2006000382823","224.25"
"5581000340","AQUA FRESH TOOTH BRUSH LITTLE TEETH","PCS","CTN","2006000382854","181.70000000000002"
"5581000341","AQUA FRESH TOOTH BRUSH JUNIOR BIG TEETH","PCS","CTN","2006000382861","217.35"
"5581000343","AQUA FRESH TOOTH BRUSH MILK TEETH","PCS","CTN","2006000382885","148.6375"
"5581000395","BUTLER TOOTH BRUSH MICRO TIP FULL MEDIUM","PCS","CTN","2008000419387","123.05000000000001"
"5581000413","COLGATE TOOTH BRUSH MAX FRESH SOFT","PCS","CTN","2008000435431","216.19931000000003"
"5581000414","COLGATE T\B M\F MEDIUM 40% O","PCS","OFFER","8714789292915","24.724999999999998"
"5581000414","COLGATE T\B M\F MEDIUM 40% O","PCS","CTN","2008000435448","287.5"
"5581000416","ORAL-B T/B ADVA. 3D FRESH 40 MED.","PCS","CTN","2008000438791","258.75"
"5581000429","ORAL-B TOOTH BRUSH CROSS ACTION EXPERT 35S","PCS","CTN","2009000006065","373.75"
"5581000430","ORAL-B TOOTH BRUSH CROSS ACTION EXPERT 40M","PCS","CTN","2009000006072","374.9"
"5581000440","AQUA FRESH TOOTH BRUSH BETWEEN SOFT","PCS","CTN","2009000007598","203.55"
"5581000441","AQUA FRESH TOOTH BRUSH BETWEEN MEDIUM","PCS","CTN","2009000007604","207"
"5581000442","AQUA FRESH TOOTH BRUSH BETWEEN BUZZ MEDIUM","PCS","CTN","2009000007611","356.5"
"5581000460","TRISA TOOTH BRUSH FOCUS SOFT","PCS","CTN","2010198007567","155.25"
"5581000461","TRISA TOOTH BRUSH FOCUS MEDIUM","PCS","CTN","2010198007574","157.55"
"5581000462","TRISA TOOTH BRUSH FOCUS HARD","PCS","CTN","2010198007581","138"
"5581000479","AQUA FRESH TOOTH BRUSH TEETH & TUNGUE SOFT","PCS","CTN","2012011033722","224.25"
"5581000480","AQUA FRESH TOOTH BRUSH TEETH & TUNGUE MEDIUM","PCS","CTN","2012011033739","224.25"
"5581000496","KELLOGS C/POPS CROCOCOPTERS 350GM","PCS","CTN","2014011048805","235.74999999999997"
"5583000008","EN-LIVEN MOUTH WASH TOTAL CARE 500ML","PCS","CTN","2005000334832","147.775115"
"5583000018","COLGATE PEPPERMINT-BLUE250ML","PCS","CTN","2005000323928","157.55"
"5583000020","COLGATE PLAX PEPPER MINT-BLUE 500ML","PCS","CTN","2004000178514","262.2"
"5583000053","COLGATE PLAX MOUTH WASH FRESH MINT GREEN 250ML","PCS","CTN","2011011020664","155.25"
"5591000235","YOKO GINSENG CREAM 4GM","PCS","CTN","2004000306955","48.3"
"5591000236","YOKO WHITENING CREAM 4GM","PCS","CTN","2004000306962","48.3"
"5591000264","OLAY SENSITIVE DAY CREAM 50ML","PCS","CTN","2005000318900","448.5"
"5591000270","JOHNSON CLEAN & CLEAR BLACK HEAD CLEARING SCRUB 150ML","PCS","CTN","2005000331022","517.5"
"5591000272","BIORE CLEANSING STRIPS COMBO PACK","PCS","CTN","2005000331114","486.45000000000005"
"5591000284","CREME 21 CREAM 50GR","PCS","CTN","2004000026303","66.9875"
"5591000285","CREME 21 CREAM 150GR","PCS","CTN","2004000193944","148.35"
"5591000286","CREME 21 CREAM 250GR","PCS","CTN","2004000026310","196.075115"
"5591000331","JOHNSON SKIN CARE WIPES 24PCS","PCS","CTN","2004000163428","91.42500000000001"
"5591000335","JOHNSON C&C DUAL ACTION MOISTURIZER 100 ML","PCS","CTN","2004000163534","414"
"5591000339","JOHNSON B/TOP TO TOE WASH 500ML","PCS","CTN","2004000164197","520.95"
"5591000341","JOHNSON HEAD CLEARING BLACK 200ML","PCS","CTN","2004000164371","393.3"
"5591000343","JOHNSON C& C DEEP A.CREAM CLEANSER 150ML","PCS","CTN","2004000164456","489.9"
"5591000344","JOHNSON C& C EXP.DAILY WASH 150ML","PCS","CTN","2004000164463","554.3000000000001"
"5591000345","JOHNSON CLEANSING BAR 75GR","PCS","CTN","2004000164470","61.2375"
"5591000348","JOHNSON CREAM-DIAPER RASH 10","PCS","CTN","2004000140443","274.85"
"5591000349","JOHNSON PETROLEUM JELLY 250GR","PCS","CTN","2004000162926","238.04999999999998"
"5591000353","JOHNSON C\C FAIRNESS 50ML","PCS","CTN","1005803335013","262.2"
"5591000357","JOLEN BLEACH CREAM 4OZ","PCS","CTN","2004000277682","483"
"5591000358","KAMILL CREAM 50 ML","PCS","CTN","2004000140450","60.375"
"5591000359","KAMILL CREAM 250ML","PCS","CTN","2004000301400","189.4625"
"5591000360","KAMILL SKIN CREAM CLASSIC 150 ML","PCS","CTN","4000196920300","136.85"
"5591000364","KELLY CREAM 15 gr","PCS","CTN","2004000301448","32.602500000000006"
"5591000366","KRACK HEEL REPAIR CREAM 50GM","PCS","CTN","2004000278320","162.14999999999998"
"5591000374","NIVEA CREME 60ML","PCS","OUT","2004000148944","112.41250000000001"
"5591000375","NIVEA CREME 250ML","PCS","OUT","2004000148890","159.85011500000002"
"5591000376","NIVEA CREME 400ML","PCS","OUT","2004000148906","228.275"
"5591000378","NIVEA VISAGE NORMAL M/DAY CREME 50ML","PCS","CTN","2005000355769","477.25000000000006"
"5591000389","OLAY D/A DAY CREAM 50GR","PCS","CTN","2007000394106","379.5"
"5591000393","OLAY DA NIGHT CREAM 50GR","PCS","CTN","2004000301509","332.0625"
"5591000394","OLAY BEAUTY FLUID 100ML","PCS","CTN","2004000301516","230"
"5591000401","OLAY COMPLETE NOURISHING DAY CREAM 50ML","PCS","CTN","2004000301585","392.4375"
"5591000412","NIVEA CREME 150ML","PCS","OUT","2004000148913","212.75"
"5591000414","CHINCHUNSU CREAM -PINK 10G","PCS","CTN","2004000301332","36.225"
"5591000582","DOVE INTENSIVE CREAM 75ML","PCS","OUT","2006000364485","101.2"
"5591000583","DOVE INTENSIVE CREAM 250ML","PCS","CTN","2006000364492","234.6"
"5591000598","STILLMAN CREAM-RED 1 PC","PCS","CTN","2004000058793","136.85"
"5591000607","JOHNSON PETROLEUM JELLY 100GR","PCS","CTN","2004000163398","172.5"
"5591000619","DOVE DEODARANT ORIGINAL 50ML","PCS","CTN","2005000324369","317.4"
"5591000630","GLYSOLID GLYCERINE CREAM 400ML","PCS","CTN","2004000210559","345"
"5591000632","GLYSOLID GLYCERINE CREAM 125","PCS","CTN","2004000040620","190.89999999999998"
"5591000633","GLYSOLID CREAM 80ML","PCS","CTN","2004000210764","126.50000000000001"
"5591000634","GLYSOLID GLYCERINE CREAM 250","PCS","CTN","2004000210771","295.2625"
"5591000635","R.D.L. SUN BLOCK CREAM 25GR","PCS","CTN","2004000181385","181.125"
"5591000636","R.D.L. FACE WASH AVOCADO 150ML","PCS","CTN","2004000181378","62.790000000000006"
"5591000637","R.D.L. ASTRINGENT NO.3 60 ML","PCS","CTN","2004000181361","196.21875"
"5591000638","R.D.L. ASTRINGENT NO.2 60 ML","PCS","CTN","2004000181354","181.70000000000002"
"5591000639","R.D.L. ASTRINGENT NO.1 60 ML","PCS","CTN","2004000181347","166.03125"
"5591000640","R.D.L. WHITENING CREAM 1 PC","PCS","CTN","2004000182009","277.664625"
"5591000642","R.D.L. FACE WASH-CUCUMBER-150ML 150 ml","PCS","CTN","2004000010203","62.790000000000006"
"5591000643","R.D.L. FACE WASH PAPPAYA 150ML","PCS","CTN","2004000010227","62.790000000000006"
"5591000644","R.D.L. FACE WASH-CLEAR-150ML","PCS","CTN","2004000010234","62.790000000000006"
"5591000645","R.D.L. CLARIFYING LOTION","PCS","CTN","2004000010241","182.85000000000002"
"5591000655","TOP GEL EXTRA PEARL CREAM 1 pc","PCS","CTN","2004000232636","113.203125"
"5591000659","VASELINE PETROLEUM JELLY 50ML","PCS","OUT","2004000148975","87.400115"
"5591000659","VASELINE PETROLEUM JELLY 50ML","PCS","CTN","06281006400542","523.25"
"5591000660","VASELINE JELLY PURE 250ML","OFFER","CTN","2004000235866","273.7"
"5591000662","VASELINE P/JELLY PURE 450ML","PCS","CTN","06281006400634","457.7"
"5591000663","VASELINE PETROLEUM JELLY 100ML","PCS","OUT","2004000148869","149.2125"
"5591000663","VASELINE PETROLEUM JELLY 100ML","PCS","CTN","06281006400573","595.9875000000001"
"5591000665","YOKO ACNE CREAM","PCS","CTN","2004000240273","49.1625"
"5591000666","YOUNG CHIN CREAM 1 pc","PCS","CTN","2004000074809","31.395000000000003"
"5591000692","NEUTROGENA O/FORMULA 3.5OZ","PCS","CTN","2011011022521","296.7"
"5591000695","NEUTROGENA ACNE FACIAL 3.5OZ","PCS","CTN","2011011022484","327.75"
"5591000709","VASELINE A/ COOL&FRESH 400ML","PCS","CTN","2007000390573","690"
"5591000710","VASELINE T/MOISTURE 400ML","PCS","CTN","2007000390580","687.7"
"5591000713","VASELINE T/MOISTURE 725ML","PCS","CTN","2007000390610","552"
"5591000727","OLAY TE MOIST NIGHT CREAM 50ML","PCS","CTN","2007000394113","319.7"
"5591000734","CREME 21 MOISTURIZING CREAM 50ML","PCS","CTN","2007000400876","72.45"
"5591000735","CREME 21 MOISTURIZING CREAM 150ML","PCS","CTN","2007000400883","141.737615"
"5591000736","CREME 21 MOISTURIZING CREAM 250ML","PCS","CTN","2007000400890","194.34954"
"5591000758","OLAY NATURAL WHITE FACE WASH APPLE 100ML","PCS","CTN","2011011030090","345"
"5591000770","JOHNSON CLEAN & CLEAR MAKE-UP REMOVER 150ML","PCS","CTN","2008000411268","374.9"
"5591000786","JOHNSON CLEAN & CLEAR ADVANTAGE WASH 150ML","PCS","CTN","2008000419066","552"
"5591000788","JOHNSON CLEAN & CLEAR ADVANTAGE MOISTURIZER 40ML","PCS","CTN","2008000419080","454.25"
"5591000808","FAIR & LOVELY M\V FACE WASH 100GR","PCS","CTN","2008000421939","186.3"
"5591000811","DOVE BEAUTY CREAM 75ML","PCS","CTN","2008000424381","99.1875"
"5591000812","DOVE BEAUTY CREAM 150ML","PCS","CTN","2008000424398","161"
"5591000813","DOVE BEAUTY CREAM 250ML","PCS","CTN","2008000424404","233.45"
"5591000829","OLAY FOAM FACE WASH 150ML","PCS","CTN","2008000436452","211.60000000000002"
"5591000831","JOHNSON B\H BAR 75ML","PCS","CTN","2008000436612","67.849425"
"5591000876","JOHNSON CLEAN & CLEAR DEEP ACTION GEL CLEANSER 200ML","PCS","CTN","2009000447738","404.8"
"5591000916","OLAY WHITE RADIANCE GRACE CLEANSER 100GR","PCS","CTN","2009000005891","603.75"
"5591000918","OLAY WHITE RADIANCE GRACE UV CREAM 50GR","PCS","CTN","2009000005914","483"
"5591000920","OLAY WHITE RADIANCE GRACE UV LOTION 75ML","PCS","CTN","2009000005938","480.7"
"5591000921","OLAY WHITE RADIANCE NIGHT CREAM 50GR","PCS","CTN","2009000005945","488.75"
"5591000925","FAIR & LOVELY ANTI MARK F/WASH 100","PCS","CTN","2009000007505","185.15"
"5591000935","JOHNSON SHINE CONTROL SCRUB CLEAN & CLEAR 150ML","PCS","CTN","2009000008380","506.00000000000006"
"5591000994","FAIR & LOVELY MAXFAIRNESS 50GM","PCS","CTN","2010198007130","190.89999999999998"
"5591001001","FAIR & LOVELY ANTI MARKS TIFFANY CREAM 100GM","PCS","CTN","2010198007192","333.5"
"5591001002","FAIR & LOVELY HEARBAL CREAM TIFFANY 100GM","PCS","CTN","2010198007208","288.65"
"5591001028","PONDS CREAM EYE YOUTH REVIVING 15ML","PCS","CTN","2011011021845","523.25"
"5591001029","NEUTROGENA DEEP CLEAN INVIGORATING SCRUB 150ML","PCS","CTN","2011011022491","724.5"
"5591001030","NEUTROGENA VISIBLY CLEAR 2 IN 1 WASH&MASK 150ML","PCS","CTN","2011011022514","632.5"
"5591001032","NEUTROGENA FOAM SCRUB 150ML","PCS","CTN","2011011022545","759"
"5591001033","NEUTROGENA B/HEAD SCRUB 150ML","PCS","CTN","2011011022552","730.25"
"5591001034","NEUTROGENA FAST ABSORBING HAND CREAM 75ML","PCS","CTN","2011011022569","654.35"
"5591001036","NEUTROGENA DEEP CLEAN GEL 200ML","PCS","CTN","2011011022583","773.145"
"5591001041","PONDS FOAM FACIAL BOOSTING 150ML","PCS","CTN","2011011023559","312.8"
"5591001048","JOHNSON DE GENTLE EXFOLIATION WASH 150ML","PCS","CTN","2011011025478","414"
"5591001049","JOHNSON DAILY ESSENTIAL GEL WASH 150ML","PCS","CTN","2011011025485","408.25"
"5591001053","JOHNSON DE NOURSHING CREAM WASH DRY SKIN 150ML","PCS","CTN","2011011025553","408.25"
"5591001054","JOHNSON CONTROL WASH 150ML","PCS","CTN","2011011025560","500.24999999999994"
"5591001057","DOVE BODY LOTION GO FRESH NOURISHMENT 250ML","PCS","CTN","2011011029780","264.5"
"5591001059","DOVE BODY LOTION ESSENTIAL NOURISHMENT 250ML","PCS","CTN","2011011029803","295.54999999999995"
"5591001060","DOVE BODY LOTION GO FRESH NOURISHEMENT 400ML","PCS","CTN","2011011029810","385.25"
"5591001062","DOVE BODY LOTION ESSENTIAL NOURISHMENT 400ML","PCS","CTN","2011011029834","425.500115"
"5591001070","JOHNSON C&C SKIN BRITIN. DAILY FACE WASH 150ML","PCS","CTN","2012011035344","496.8"
"5591001071","JOHNSON C&C SKIN ENERGY DAILY FAC.SCRUB 150ML","PCS","CTN","2012011035351","525.5500000000001"
"5591001072","JOHNSON C&C SKIN ENERGY DAILY FACE WASH 150ML","PCS","CTN","2012011035368","557.75"
"5591001086","FAIR & LOVELY MULTI VITAMIN MOISTURE PLUS 50G","PCS","OUT","2012011037706","215.05"
"5591001087","FAIR & LOVELY MULTI VITAMIN MOISTURE PLUS 100G","PCS","OUT","2012011037713","322"
"5591001092","DOVE BODY&FACE WASH AQUA IMPACT 400ML","PCS","CTN","2012011037782","382.95"
"5591001093","DOVE BODY&FACE WASH-EXTRA FRESH400ML","PCS","CTN","2012011037799","373.6925"
"5592000091","ALYSSA ASHLEY BODY LOTION MUSSK 500ML","PCS","OFFER","3495080735275","39.675"
"5592000091","ALYSSA ASHLEY BODY LOTION MUSSK 500ML","PCS","CTN","2005000334474","460"
"5592000092","ALYSSA ASHLEY BODY LOTION WHITE MUSSK 500ML","PCS","OFFER","3495080335277","39.3875"
"5592000092","ALYSSA ASHLEY BODY LOTION WHITE MUSSK 500ML","PCS","CTN","2005000334481","471.49999999999994"
"5592000096","RINA KETTY MUSK LOTION 625ML","PCS","CTN","2005000334641","253.00000000000003"
"5592000109","CREME 21 LOTION DRY 250ML","PCS","CTN","2007000402986","195.5"
"5592000110","CREME 21 LOTION DRY 400ML","PCS","CTN","2004000193951","271.4"
"5592000111","CREME 21 LOTION U/DRY 250ML","PCS","CTN","2004000193968","188.88750000000002"
"5592000112","CREME 21 LOTION ULTRA DRY 400ML","PCS","CTN","55920703","272.26250000000005"
"5592000113","CREME 21 LOTION NORMAL 250ML","PCS","CTN","2004000026334","195.5"
"5592000114","CREME 21 LOTION 400ML","PCS","CTN","2004000026341","282.9"
"5592000153","JOHNSON VR BRIGHT POMEGRANATE B/LOTION 400ML","PCS","CTN","2004000150787","385.25"
"5592000170","DOVE INTENSIVE CREAM 150ML","PCS","CTN","2005000342646","162.14999999999998"
"5592000271","JOHNSON VR SMOOTH PAPAYA BODY LOTION 400ML","PCS","CTN","2007000397091","394.3925"
"5592000272","JOHNSON VR REPL RASPBERY BODY LOTION 400ML","PCS","CTN","2007000397107","379.5"
"5592000283","DOVE BODY SILK F\T 300ML","PCS","CTN","2008000424411","350.75"
"5592000284","DOVE BODY SILK FRESH TOUCH 150ML","PCS","CTN","2008000424428","216.2"
"5592000286","VASELINE BODY LOTION 725ML","PCS","CTN","2008000433260","552"
"5592000287","VASELINE BODY C/ BUTTER LOTION 400ML","PCS","CTN","2008000433277","342.7"
"5592000288","LIFEBUOY ANTIBACT BODY WASH CARE 500ML BLUE","PCS","CTN","2008000433284","552"
"5592000290","LIFEBUOY ANTIBACT BODY WASH NATURE 500ML GREEN","PCS","CTN","2008000433307","380.3625"
"5592000291","LIFEBUOY ANTIBACT BODY WASH TOTAL 500ML RED","PCS","CTN","2008000433314","576.15"
"5592000339","VASELINE LOTION TOTAL MOISTURE 200ML","PCS","CTN","2011011023733","785.45"
"5592000341","VASELINE LOTION COCOA BUTTER 200ML","PCS","CTN","2011011023757","785.45"
"5592000347","JOHNSON DE REFRESHING CLEANSING LOTION 200ML","PCS","CTN","2011011025492","388.7"
"5592000349","JOHNSON DE NOURISHING CLEANSING LOTION 200ML","PCS","CTN","2011011025515","388.7"
"5592000351","VASELINE LOTION HEALTHY EVEN TONE 400ML","PCS","CTN","2012011034163","756.7"
"5592000352","VASELINE LOTION HEALTHY EVEN TONE 200ML","PCS","CTN","2012011034170","879.75"
"5594000047","AL WAHA NAIL CUTTER LORD","PCS","OUT","8804382200025","26.565"
"5596000087","DETTOL WIPES 80 SHEETS","PCS","CTN","2004000160182","675.0500000000001"
"5596000097","BAMBI WET WIPES 24SHEETS","PCS","CTN","2005000335631","163.29999999999998"
"5596000098","BAMBI WET WIPES 64SHEETS","PCS","CTN","2004000159711","189.5775"
"5596000107","DETTOL ANTIBACTERIAL WIPES 40PCS","PCS","CTN","5000158004720","460"
"5596000125","JOHNSON NURSING PADS 30PCS","PCS","CTN","2004000163411","529"
"5596000142","JOHNSON COTON WOOL 80PCS","PCS","CTN","2004000150749","218.5"
"5596000143","JOHNSON COTTON BALLS 50PCS","PCS","CTN","2004000150756","203.55"
"5596000144","JOHNSON COTTON PADS 80PCS","PCS","CTN","2004000150763","200.1"
"5596000145","JOHNSON COTTON BUDS 200 PC","PCS","CTN","2004000150671","385.25"
"5596000146","JOHNSON COTTON BUDS 100PCS","PCS","CTN","05013826582501","217.35"
"5596000149","EURO SHOPPER COTTON MAKE-UP PADS","PCS","CTN","2004000164012","138.8625"
"5596000150","EURO SHOPPER COTTON BUDS-200PAD","PCS","CTN","2004000164005","301.875"
"5596000175","JOHNSON WIPES 20PCS","PCS","CTN","2006000360012","77.05000000000001"
"5596000176","CHARM BABY COTTON BUDS 50PCS","PCS","CTN","2006000362689","227.7"
"5596000177","CHARM COTTON BUDS ROUND 100PCS","PCS","CTN","2006000362696","146.05"
"5596000179","CHARM COTTON BUDS ROUND 200PCS","PCS","CTN","2006000362719","217.35"
"5596000180","CHARM COTTON BUDS SQUARE 200PCS","PCS","CTN","2006000362726","447.2925"
"5596000181","CHARM BEAUTY TOUCH ROUND PADS 80PCS","PCS","CTN","2006000362733","339.25"
"5596000182","CHARM BEAUTY TOUCH SQUARE PADS 40PCS","PCS","CTN","2006000362740","274.85"
"5596000183","CHARM COTTON PLEAT 100PCS","PCS","CTN","2006000362757","230"
"5596000184","CHARM BEAUTY TOUCH BALLS WHITE 100PCS","PCS","CTN","2006000362764","540.5"
"5596000185","CHARM BEAUTY TOUCH BALLS COLOR 100PCS","PCS","CTN","2006000362771","546.250115"
"5596000216","JOHNSON W/GENTLECLEANSING56S","PCS","CTN","2006000385367","331.2"
"5596000217","JOHNSON W/GENTLE CLEANSING 56S","PCS","CTN","2006000385374","247.5375"
"5596000238","SANITA E. BUDS CHARM PE 100 S","PCS","CTN","2010198007277","91.42500000000001"
"5596000239","SANITA E. BUDS CHARM PE 200 S","PCS","CTN","2010198007284","117.3"
"5596000245","DETTOL ANTIBACTERIEL WIPES 10S","PCS","CTN","2011011028523","316.25"
"5596000248","DETTOL ANTEBACTERIAL WIPES SENSITIVE 10 S","PCS","CTN","2012011036556","316.25"
"5596000249","DETTOL ANTIBACTERIAL WIPES FRESH 10S","PCS","CTN","2012011036563","316.25"
"5597000054","SUPER 7S-SONA BATH SPONGE","PCS","CTN","2004000227557","253.00000000000003"
"5598000028","KIWI D/CLEANER 750GR","PCS","CTN","2004000251934","205.85"
"5598000031","KIWI CROWN LIQUID BLACK 75ML","PCS","CTN","2004000252030","95.7375"
"5598000032","KIWI CROWN LIQUID NEUTRAL 75ML","PCS","CTN","2004000252047","96.8875"
"5598000034","KIWI SPRAY SHINE NEUTRAL 200ML","PCS","CTN","2004000308935","235.74999999999997"
"5598000035","KIWI LIGHT BROWN 75ML","PCS","CTN","2006000383929","96.8875"
"5598000036","KIWI SHOE POLISH TIN - LIGHT TAN 50ML","PCS","CTN","2004000252368","62.790000000000006"
"5598000040","KIWI SHOE POLISH TIN-NEUTRAL 50ML","PCS","CTN","2004000252801","62.790000000000006"
"5598000067","KIWI CROWN WHITE 75ML","PCS","CTN","2006000367035","96.6"
"5598000069","KIWI SHINE BROWN 200ML","PCS","CTN","2006000367059","235.74999999999997"
"5598000080","AWARD SHOE POLISH BROWN 50ML","PCS","CTN","2006000368728","43.409625"
"5598000098","KIWI LIQUID BROWN 75ML","PCS","CTN","2004000276371","96.6"
"5601000017","PANADOL EXTRA WITH OPTIZORB TABLET 48S","PCS","PCS-2","3030000000502","8.9125"
"5601000029","ENO SALT REGULAR BOTTLE 150G","PCS","CTN","2004000203728","218.5"
"5601000031","ENO SALT LEMON BOTTLE 150GR","PCS","CTN","2005000328695","247.25"
"5601000032","ENO SALT ORANGE BOTTLE 150GR","PCS","CTN","2005000328701","241.5"
"5601000057","MOOVE PAIN RELEF CREAM 50GM","PCS","CTN","2004000172239","142.8875"
"5601000065","CASINO ALCOHOL 500 ML","PCS","CTN","3030000000268","247.25"
"5601000082","VICKS SOUR WILD CHERRY 40GR","PCS","OUT","2005000348730","111.8375"
"5601000083","VICKS LEMON MENTHOL 40 GR FREE","PCS","OUT","2005000348723","111.8375"
"5601000084","VICKS MENTHOL 40 G.SUGAR FREE","PCS","OUT","2005000348716","111.8375"
"5601000085","VICENZI PUFF PASTRY STICKS 125GR","PCS","CTN","2004000258865","232.875"
"5601000107","VICENZI MINI SNACK H/N 125GR","PCS","CTN","2012011034323","219.64999999999998"
"5602000011","DEEP HEAT FREEZE SPRAY 1 PC","PCS","CTN","2004000304531","195.5"
"5602000018","AXE OIL-56ML","PCS","CTN","2004000191575","228.85"
"5602000019","AXE OIL-28ML","PCS","CTN","2004000023463","147.20000000000002"
"5602000020","AXE OIL-14ML","PCS","CTN","2004000191568","83.66169500000001"
"5602000021","AXE OIL-5ML","PCS","CTN","2004000191551","45.425000000000004"
"5602000022","AXE OIL 10 ML","PCS","CTN","2004000191544","66.125"
"5602000023","AXE OIL 3ML","PCS","CTN","2004000191537","37.375"
"5602000029","GOLD MEDAL MEDICATED OIL 10ML","PCS","CTN","2005000329555","93.15"
"5602000030","GOLD MEDAL MEDICATED OIL 25ML","PCS","CTN","2005000329562","192.625"
"5602000031","GOLD MEDAL MEDICATED OIL 3ML","PCS","CTN","2005000329548","42.262499999999996"
"5603000045","JOHNSON BAND AID COMFORT FIT SHEER 20PCS","PCS","CTN","2008000428044","151.8"
"5603000046","JOHNSON BAND AID COMFORT FIT SHEER 50PCS","PCS","CTN","2008000428051","270.25"
"5603000048","JOHNSON BAND AID FLEXIBLE FABRIC 20PCS","PCS","CTN","2008000428075","156.4"
"5603000049","JOHNSON BAND AID FLEXIBLE FABRIC 50PCS","PCS","CTN","2008000428082","270.25"
"5603000050","JOHNSON BAND AID WATER BLOCK 20PCS","PCS","CTN","2008000428099","227.7"
"5603000051","JOHNSON BAND AID ALOVERA 20PCS","PCS","CTN","2008000428105","249.54999999999998"
"5603000064","JOHNSON BAND AID SPONGEBOB 20S","PCS","CTN","2011011021920","269.09999999999997"
"5605000022","KAMASUTRA CONDOMS FRANCE CONTOUR 12PCS","PCS","CTN","2004000277569","217.2925"
"5605000023","KAMASUTRA CONDOMS FRANCE RIBBED 12PCS","PCS","CTN","2004000277576","217.2925"
"5605000024","KAMASUTRA CONDOMS FRANCE DOTTED 12PCS","PCS","CTN","2004000277583","220.5125"
"5605000025","KAMASUTRA CONDOMS FRANCE PLAIN 12PCS","PCS","CTN","2004000277590","219.9375"
"5605000027","KAMASUTRA CONDOMS FRANCE FRUITS FLAVORED 12PCS","PCS","CTN","2004000277613","220.79999999999998"
"5605000028","KAMASUTRA CONDOMS FRANCE FLARED 12PCS","PCS","CTN","2004000277620","224.25"
"5605000029","KAMASUTRA CONDOMS FRANCE ICE CREAM FLAVOUR 12PCS","PCS","CTN","2004000277637","219.9375"
"5605000030","KAMASUTRA CONDOMS FRANCE CONTOUR VARIETY 12PCS","PCS","CTN","2004000277644","224.25"
"5605000105","KAMASUTRA CONDOM XTRA PLASURE 12PCS","PCS","CTN","2008000426446","320.85"
"5605000106","KAMASUTRA CONDOM XL 12PCS","PCS","CTN","2008000426453","293.25"
"5605000107","KAMASUTRA CONDOM LONG LASTING DELAY 12PCS","PCS","CTN","2008000426460","310.5"
"5605000108","KAMASUTRA CONDOM INTENSITY 12PCS","PCS","CTN","2008000426477","310.5"
"5701000027","JOHNSON BABY SHAMPOO CAMOMILE 500ML","PCS","CTN","2004000279778","347.75999999999993"
"5701000029","JOHNSON BABY SHAMPOO 500ML","PCS","CTN","2004000162841","353.05011499999995"
"5701000030","JOHNSON BABY SHAMPOO 300ML","PCS","CTN","2004000162858","235.74999999999997"
"5701000031","JOHNSON BABY SHAMPOO 800 ML","PCS","CTN","2004000141099","495.075"
"5701000033","JOHNSON BABY SHAMPOO 200ML","PCS","CTN","2004000141129","171.35"
"5701000050","JOHNSON SHAMPOO N\M\T 200ML","PCS","CTN","2014011049338","169.04999999999998"
"5701000051","JOHNSON SHAMPOO N\M\T 500ML","PCS","CTN","2014011049345","344.71227"
"5701000074","JOHNSON BABY 2IN SHAMPOO&COND 200ML","PCS","CTN","2014011049314","169.04999999999998"
"5701000075","JOHNSON BABY 2IN SHAMPOO&COND 500ML","PCS","CTN","2014011049321","648.5999999999999"
"5703000020","JOHNSON BABY SOAP 125GR","PCS","CTN","2004000163053","79.35"
"5703000023","JERGENS SOAP MILD 125GR","PCS","CTN","2005000354977","339.25"
"5703000031","JOHNSON BABY SOAP SOFT&FRESH REVIVE 125GR","PCS","CTN","2006000371285","43.6425"
"5703000032","JOHNSON SOFT&F/IMAGINE 125G","PCS","CTN","2006000371292","43.124655"
"5703000033","JOHNSON BABY SOAP SOFT&FRESH UNWIND 125GR","PCS","CTN","2006000371308","43.6425"
"5703000034","JOHNSON S/SOFT&F/INDULGE125G","PCS","CTN","2006000371315","43.6425"
"5703000042","JOHNSON BABY FRESH SOAP 125GR","PCS","CTN","2012011035320","60.375"
"5705000008","JOHNSON BABY CONDITIONER NO MORE TANGLES 200ML","PCS","CTN","2014011049352","223.098965"
"5708000005","JOHNSON BEDTIME BATH 300ML","PCS","CTN","2009000447714","358.8"
"5709000010","JOHNSON BABY POWDER 500GR","PCS","CTN","3574660165920","622.725"
"5709000011","JOHNSON BABY POWDER 200GR","PCS","CTN","2004000163114","368"
"5709000020","JOHNSON BED TIME POWDER 500GR","PCS","CTN","2007000409503","747.5"
"5709000023","JOHNSON BABY FRESH POWDER 200G","PCS","CTN","2012011035306","327.75"
"5709000024","JOHNSON BABY FRESH POWDER 500G","PCS","CTN","2012011035313","536.13"
"5709000025","JOHNSON BABY CORNSTARCH POWDER 113GM","PCS","CTN","2012011037133","172.5"
"5709000026","JOHNSON BABY CORNSTARCH POWDER 255 G","PCS","CTN","2012011037140","294.40000000000003"
"5710000007","JOHNSON BABY OIL WITH OLOE VERA 300ML","PCS","CTN","2008000416133","485.875115"
"5710000011","JOHNSON BABY OIL 500ML","PCS","CTN","2004000163268","683.1"
"5710000012","JOHNSON BABY OIL 200ML","PCS","CTN","2004000163275","336.6625"
"5710000021","JOHNSON BABY OIL GEL 200ML","PCS","CTN","2004000164265","391"
"5710000027","JOHNSON BABY OIL BEDTIME 300ML","PCS","CTN","2006000382687","520.95"
"5710000029","JOHNSON B\SPRAY N\M\T 200ML","PCS","CTN","2014011049369","309.34999999999997"
"5714000012","JOHNSON BODY CREAM NATURALLY SOFT 200ML","PCS","CTN","2004000164586","260.9925"
"5714000016","JOHNSON BABY LOTION PINK 300ML","PCS","CTN","2004000163282","341.55"
"5714000018","JOHNSON BABY LOTION PINK 200ML","PCS","CTN","2004000163305","262.77500000000003"
"5714000020","JOHNSON BABY LOTION PINK 500ML","PCS","CTN","2004000163312","549.7"
"5714000021","JOHNSON BABY JELLY 100GR","PCS","CTN","2004000163329","120.75"
"5714000022","JOHNSON BABY JELLY 250GR","PCS","CTN","2004000163336","211.3125"
"5714000028","JOHNSON BABY BATH BED TIME 500ML","PCS","CTN","2004000164364","509.45"
"5714000030","JOHNSON BABY BATH 200ML","PCS","CTN","2004000163091","238.04999999999998"
"5714000031","JOHNSON BABY BATH 500ML","PCS","CTN","2004000163107","471.4425"
"5714000053","JOHNSON BABY CREAM TUBE 100GR","PCS","CTN","3574660057614","230"
"5714000062","JOHNSON BEDTIME LOTION 200ML","PCS","CTN","2011011031707","382.0875"
"5720000012","PAMPERS BABY WIPES REGULAR 64PCS","PCS","CTN","04015400020912","228.84908"
"5720000052","JOHNSON W/ EXTRA SENSITIVE56","PCS","OFFER","3574660723342","24.15"
"5720000062","JOHNSON ESSENTIAL FACIAL WIPES NORMAL 25PC","PCS","CTN","2011011031714","500.24999999999994"
"5802000065","FA DEO SPORTY FRESH WOMAN 150ML","PCS","CTN","2012011038062","193.2"
"5925000026","SALWA COFFE WARMER #6","PCS","SIZE-1","2010198000858","3.6225"
"5925000026","SALWA COFFE WARMER #6","PCS","SIZE-2","2010198000865","6.0375"
"5925000026","SALWA COFFE WARMER #6","PCS","SIZE-3","2010198000872","8.452499999999999"
"5925000026","SALWA COFFE WARMER #6","PCS","SIZE-4","2010198000889","10.867499999999998"
"5937000042","ENERGIZER BATTERY E91 BP2 2 PC","PCS","CTN","2004000203285","395.59999999999997"
"5937000043","ENERGIZER BATTERY E91 BP4","PCS","CTN","2004000203292","718.1750000000001"
"5937000044","ENERGIZER BATTERY E92 BP2 2 PC","PCS","CTN","2004000203308","394.45000000000005"
"5937000047","ENERGIZER BATTERY 522 BP 1 PK","PCS","CTN","2004000203315","244.6625"
"5937000048","ENERGIZER BATTERY E92 BP4 4 P","PCS","CTN","2004000203339","706.0999999999999"
"5937000073","ENERGIZER E91 BP6 - 4+2 PROMOT","PCS","CTN","2004000203698","352.47499999999997"
"5937000074","ENERGIZER E92 BP6 - 4+2 PROMOT","PCS","CTN","2004000203704","389.85"
"5937000077","EVEREADY BATTERY 1250 BP2 2 PC","PCS","OUT","2004000035268","63.5375"
"5937000078","EVEREADY BATTERY 1050 BP2 2PCS","PCS","OUT","8999002823057","173.65"
"5937000083","EVEREADY BATTERY (H.D.)1015 BP4 4 PC","PCS","CTN","2004000204299","151.8"
"5937000093","EVEREADY BATTERY 1235 BP2 2 PC","PCS","OUT","2004000035343","63.5375"
"5937000109","PANASONIC BATTERY D 1.50 V 2PCS","PCS","CTN","663234070784","47.0925"
"5937000198","DURACELL BATTERY IMPROVED BASIC 9V 1PCS","PCS","CTN","2007000394250","112.7"
"5937000213","SONY BATTRY AM3-B2 UC AASIZE 2PCS","PCS","CTN","2008000415082","42.866249999999994"
"5937000216","SONY BATTRY AM4-B2 UC AAASIZE 2PCS","PCS","CTN","2008000415112","42.866249999999994"
"5937000230","DURACELL BATTERY AA TURBO 2PCS","PCS","CTN","2009000006010","102.63749999999999"
"5937000233","DURACELL BATTERY AA TURBO 4PCS","PCS","CTN","2009000006034","238.04999999999998"
"5937000234","DURACELL BATTERY AAA TURBO 2PCS","PCS","CTN","2009000006041","102.63749999999999"
"5937000235","DURACELL BATTERY AAA TURBO 4PCS","PCS","CTN","2009000006058","236.9"
"6000177","OASIS MINERAL WATER 500ML","PCS","OUT","6291016004043","5.175"
"6000177","OASIS MINERAL WATER 500ML","PCS","OUT","6291021000726","5.175"
"6000177","OASIS MINERAL WATER 500ML","PCS","OUT","6291021248135","5.175"
"6000183","OASIS DRINKING WATER 1.5L","PCS","OUT","6291016004050","5.4625"
"6000183","OASIS DRINKING WATER 1.5L","PCS","OUT","6291021000634","5.4625"
"6000183","OASIS DRINKING WATER 1.5L","PCS","OUT","6291021213515","5.4625"
"6000183","OASIS DRINKING WATER 1.5L","PCS","OUT","6291021248210","5.4625"
"6000184","OASIS DRINKING WATER 330 ML","PCS","OUT","6291021000733","5.175"
"6000184","OASIS DRINKING WATER 330 ML","PCS","OUT","6291021248562","5.175"
"6000189","WRIGLEYS EXTRA PEPPERMINT XXL","PCS","OUT","4009900520867","74.75"
"6000191","KLASSNO 3 IN 1 COFFEE 20G","PCS","OUT","8887290001021","13.22454"
"6000204","LOACKER LOACKINI 10G.","PCS","OUT","8000380155491","65.549195"
"6000225","QUAKER OATS COOKIES HONEY NUTS 54G","PCS","OUT","6291003014178","28.462040000000002"
"6000227","QUAKER OATS COOKIES CHOCLATE CHIPS 9G","PCS","OUT","6291003014109","19.259625"
"6000229","QUAKER OATS COOKIES CHOCLATE CHIPS 54G","PCS","OUT","6291003014147","28.6925"
"6000230","QUAKER OATS COOKIES RAISIN 54G","PCS","OUT","6291003014154","28.462040000000002"
"6000231","BRITTANIA GOOD DAY CHOCO CHIP 44GM","PCS","OUT","8901063151956","14.375"
"6000231","BRITTANIA GOOD DAY CHOCO CHIP 44GM","PCS","OUT","8901063165366","14.375"
"6000246","SUNBULAH PUFF PASTRY REGULAR 400GR 10PCS","PCS","OFFER","6281073901270","10.6375"
"6000256","PERRIER MINERAL WATER-LEMON 330ML","PCS","OUT","3179730010720","31.99875"
"6000257","3 HORSE MALT BEVERAGE S/BERRRY 330 ML","PCS","OUT","8718104909960","31.334624999999996"
"6000270","FALCON ALUMINUM CONTAINERS 10PCS","PCS","CTN","2004000255413","632.5"
"6000274","FINE OUD FACIAL TISSUE 150PLY","PCS","OUT","6251001210262","24.09204"
"6000281","FALCON 102 ALUMINIUM CONTAINER 10PCS","PCS","CTN","2005000333125","440.1625"
"6000282","BTC ROUND STRAINER SET 6PCS SET","SIZE-1","SIZE-2","2013011043926","16.0885"
"6000282","BTC ROUND STRAINER SET 6PCS SET","SIZE-1","SIZE-3","2013011043933","24.4375"
"6000282","BTC ROUND STRAINER SET 6PCS SET","SIZE-1","SIZE-4","2013011043940","29.888499999999997"
"6000282","BTC ROUND STRAINER SET 6PCS SET","SIZE-1","SIZE-5","2013011043957","36.7885"
"6000282","BTC ROUND STRAINER SET 6PCS SET","SIZE-1","SIZE-6","2013011043964","43.688615"
"6000282","BTC ROUND STRAINER SET 6PCS SET","SIZE-1","SET","2013011043902","159.85011500000002"
"6000356","BAZOOKA RAS/TUTTI B/GUM 33G","PCS","OUT","5011053022005","33.349999999999994"
"6000372","CENTURY TUNA FLAKE IN JUNIOR 155GR","PCS","CTN","2006000373418","257.3125"
"6000387","KLASSNO 3 IN 1 CHOCOLATE COFFEE 25GM","PCS","OUT2","8887290004022","18.3425"
"6000410","SIGNAL TP KSA CAVITY FIGHTER 75ML","PCS","OUT","6221155159250","16.3875"
"6000442","cakers STRAWBERRY CUP CAKE 40G","PCS","OUT","0719006461356","9.05625"
"6000453","AL ISLAMI FROZEN QUIL 600GM","PCS","OFFER","6291002715069","83.0875"
"6000464","CROWN DATES ORGANIC PVC 250G","PCS","CTN","6291100218172","181.125"
"6000465","LACNOR ESS.PEACH NECTOR 1 LTR","PCS","CTN","6291016121498","71.2425"
"6000466","LACNOR ESS.GREEN APPLE 1 LTR","PCS","CTN","6291016111482","72.45"
"6000467","LACNOR HL SUPER FRUIT COCKTAIL1LTR","PCS","CTN","6291016000144","57.5"
"6000468","LACNOR HL SUPER FRUIT COCKTAIL 250ML","PCS","OUT","6291016174265","18.6875"
"6000468","LACNOR HL SUPER FRUIT COCKTAIL 250ML","PCS","CTN","6291016174463","74.75"
"6000470","LACNOR HL ORANGE CELLS  250ML","PCS","OUT","6291016173251","18.052125"
"6000472","LACNOR HL PINE APPLE GOLD 250ML","PCS","OUT","6291016173275","18.975"
"6000472","LACNOR HL PINE APPLE GOLD 250ML","PCS","CTN","6291016173473","74.175"
"6000474","LACNOR HL CRANBERRY GINGER 250ML","PCS","OUT","6291016172261","22.425"
"6000474","LACNOR HL CRANBERRY GINGER 250ML","PCS","CTN","6291016172469","88.55"
"6000475","LACNOR HL APPLE BEETROOT 250ML","PCS","OUT","6291016173299","22.425"
"6000475","LACNOR HL APPLE BEETROOT 250ML","PCS","CTN","6291016173497","86.25"
"6000476","LACNOR MELCO LITCHI DRINKS 250ML","PCS","OUT","6291016000267","13.799309999999998"
"6000476","LACNOR MELCO LITCHI DRINKS 250ML","PCS","CTN","6291016000274","43.699425"
"6000497","HOTPACK 088BNS PLASTIC NECK SEALER","PCS","CTN","2007000401637","108.675"
"6000527","ARCTIC 4 CHICKEN BURGERS 200GR","PCS","CTN","2004000282525","150.9375"
"6000528","SUNBULAH PUFF PASTRY SQ.400G.","PCS","OFFER","6281073901577","12.6385"
"6000544","HERO BABY 3 FRUITS 125GM","PCS","CTN","2004000151081","103.5"
"6000549","MILCO ICE LOLLIES 80ML","PCS","OUT","6295126929210","5.433749999999999"
"6000597","AFIA CORN OIL 750ML","PCS","CTN","6281011116471","290.95"
"6000653","NESCAFE 2IN 1 10(25X11.7G)XA","PCS","OUT2","6294003597023","28.4625"
"6000653","NESCAFE 2IN 1 10(25X11.7G)XA","PCS","OUT","3030000000313","34.5"
"6000653","NESCAFE 2IN 1 10(25X11.7G)XA","PCS","OUT","6294003571412","34.5"
"6000653","NESCAFE 2IN 1 10(25X11.7G)XA","PCS","OFFER","6294003573867","34.7875"
"6000653","NESCAFE 2IN 1 10(25X11.7G)XA","PCS","OFFER","6294003596996","34.7875"
"6000672","ALMARAI JOOSY ORANGE 250ML","PCS","OUT","6281007046213","7.4750000000000005"
"6000672","ALMARAI JOOSY ORANGE 250ML","PCS","OUT","6281007049887","7.4750000000000005"
"6000672","ALMARAI JOOSY ORANGE 250ML","PCS","CTN","6281007045186","21.275"
"6000673","ALMARAI JOOSY MANGO250ML","PCS","OUT","6281007046190","7.4750000000000005"
"6000673","ALMARAI JOOSY MANGO250ML","PCS","OUT","6281007049894","7.4750000000000005"
"6000673","ALMARAI JOOSY MANGO250ML","PCS","CTN","6281007045162","20.987614999999998"
"6000674","ALMARAI JOOSY APPLE 250ML","PCS","OUT","6281007046206","7.4750000000000005"
"6000674","ALMARAI JOOSY APPLE 250ML","PCS","OUT","6281007049900","7.4750000000000005"
"6000674","ALMARAI JOOSY APPLE 250ML","PCS","CTN","6281007045179","21.275"
"6000675","ALMARAI JOOSY GUAVA 250ML","PCS","OUT","6281007046220","4.024655"
"6000675","ALMARAI JOOSY GUAVA 250ML","PCS","CTN","6281007045193","12.075"
"6000726","ARAS MIX TOYS LOLLIPOP CANDY 16G","PCS","OUT","8697422655127","171.35"
"6000727","NISSIN MONESCO KRINKLE GINGER 40G","PCS","OUT","8888166999848","29.900000000000002"
"6000728","PALAZI CHICKEN SNACKS 16G","PCS","OUT","9556923002894","32.775"
"6000729","SAADAT JELLOPY SOUR COLA 35G","PCS","OUT","8693323854225","77.28"
"6000730","SAADAT JELLOPY SOUR  VIMTO 35G","PCS","OUT","8693323854263","77.28"
"6000738","AL AIN PLUS VIT D 330ML","PCS","OUT","6291105812269","16.904999999999998"
"6000739","AL AIN PLUS VIT D 500ML","PCS","OUT","6291105812276","16.904999999999998"
"6000740","SOLEN OZMO CORNET 25G","PCS","OUT","8691707190129","98.89999999999999"
"6000741","SOLEN OZMO FUN 23G","PCS","OUT","8691707187969","99.1875"
"6000742","SOLEN OZMO HOPPO  40G","PCS","OUT","8699141557102","50.6"
"6000743","SOLEN OZMO HOXI-POXI  36G","PCS","OUT","8691707540115","56.925"
"6000744","SOLEN AMADA STIX MILKY BIS 40GM","PCS","OUT","8691707540047","56.637499999999996"
"6000745","SOLEN AMADA MOOD 135G","PCS","OUT","8699141957056","253.00000000000003"
"6000746","SOLEN AMADA STARZ MILKY 37.5G","PCS","OUT","8699141113001","30.1875"
"6000747","SOLEN AMADA VENI HAZELNUT 25G","PCS","OUT","8691707196114","30.1875"
"6000748","SOLEN LUPPO CAKEBITE CHOCO 184G","PCS","CTN","8699141959104","134.54999999999998"
"6000749","SOLEN LUPPO CREAM BAR  CHOCO 50G","PCS","OUT","8699141159733","39.042500000000004"
"6000813","DUBAI BRASS PAD LOCK","SIZE-1","SIZE-2","3030000000024","3.45345"
"6000813","DUBAI BRASS PAD LOCK","SIZE-1","SIZE-3","3030000000025","5.7477"
"6000813","DUBAI BRASS PAD LOCK","SIZE-1","CTN","3030000000026","30.1875"
"6000818","PERRIER MINERAL WATER-LIME 330ML","PCS","OUT","3179730010737","31.99875"
"6000856","LUSINE BUTTER CROISSANT 85GM","PCS","OUT","6281007073219","10.925"
"6000871","ORGANICS SIMPLY COLA 250ML","PCS","OUT","9002490237721","253.57500000000002"
"6000872","ORGANICS BITTER LEMON 250ML","PCS","OUT","9002490237691","253.57500000000002"
"6000873","ORGANICS GINGER DRINK 250ML","PCS","OUT","9002490237714","253.57500000000002"
"6000874","ORGANICSTONIC WATER 250ML","PCS","OUT","9002490237707","253.57500000000002"
"6000900","MCVITIES MCVT DIGESTIVE NIBBLES MILK CHOC 45G","PCS","OUT","8690766959012","71.875"
"6000901","MCVITIES MCVT DIGESTIVE NIBBLES MILK CARAMEL 45G","PCS","OUT","8690766959029","78.1425"
"6000926","WRIGLEYS EXTRA BLUEBERRY 14GM","PCS","OUT","4009900436076","77.625"
"6000927","WRIGLEYS EXTRA BIGGIE BOTTLE BLUEBERRY 84GM","PCS","OUT","4009900543064","98.325"
"6000928","STARBURST FRUIT CHEW 45GM","PCS","OUT","4009900498173","94.5875"
"6000936","COCA COLA PET 750ML","PCS","OUT","5449000232991","86.25172499999998"
"6000939","ARWA WATER 2LTR","PCS","OUT","5449000070609","13.88625"
"6000944","ARWA WATER PET 600ML","PCS","OUT","5449000238047","55.243125"
"6000991","MAGGI SARAP GRAN SEAS 8G","PCS","OUT","4800361328302","8.05"
"6000991","MAGGI SARAP GRAN SEAS 8G","PCS","OUT","4800361424974","8.05"
"6000991","MAGGI SARAP GRAN SEAS 8G","PCS","OUT2","4800361419642","10.925"
"6000991","MAGGI SARAP GRAN SEAS 8G","PCS","CTN","4800361328319","485.875115"
"6000992","MAGGI SOUP OAT W MUSHROOM 65G","PCS","OUT","8690632017327","66.41250000000001"
"6000993","MAGGI SOUP OAT HARIRA 65G","PCS","OUT","8690632017310","92.575"
"6000994","POLO PEPPERMINT 15G","PCS","OUT","8992696425255","29.898964999999997"
"6000995","NESTLE FITNESS CRUNCHY CARAMEL 23.5G","PCS","OUT","5900020031044","21.5625"
"6000996","NESTLE CHOCAPIC CEREAL BAR MULTIPACK 25G","PCS","OUT","5900020030870","20.125"
"6000997","NESTLE CONDENSED MILK SQUEEZY 450G","PCS","CTN","7613036425308","262.2"
"6000998","NESTLE CONDENSED MILK CARAMEL 397G","PCS","CTN","7613036425339","207"
"6000999","NESTLE NESQUICK ALPHABET  335G","PCS","CTN","8690632040622","276"
"6001000","KIT KAT MINI MOMENTS DESSERTS 255G","PCS","CTN","6294003573959","396.75"
"6001000579","DIAMOND PEARL GLASS 6PCS","PCS","CTN","2004000197454","76.0725"
"6001000581","DIAMOND LANCIA THUMBLER 6PCS","PCS","CTN","2004000197478","72.45"
"6001000588","DIAMOND BRIGHTNESS BIBITA GLASS 6PCS","PCS","CTN","2004000197898","77.9125"
"6001000596","DIAMOND ST023B MEG TUMBLER DECORATED 6PCS","PCS","CTN","2004000200086","84.52499999999999"
"6001000845","AL ABRA MOCCA SET HARDIK","PCS","SIZE-1","2017011054098","15.637125000000001"
"6001000845","AL ABRA MOCCA SET HARDIK","PCS","SIZE-2","2017011054104","16.844625000000004"
"6001000845","AL ABRA MOCCA SET HARDIK","PCS","SIZE-3","2017011054111","20.467125"
"6001001","KIT KAT MINI MOMENTS  272.5G","PCS","CTN","6294003574079","347.3"
"6001045","ARLA ORGANIC MILK LOW FAT 200ML","PCS","OUT","5711953087066","25.0125"
"6001046","ARLA ORGANIC MILK FULL FAT 200ML","PCS","OUT","5711953087073","20.125"
"6001047","ARLA ORGANIC MILK  CHOCOLATE 200ML","PCS","OUT","5711953086434","25.0125"
"6001048","ARLA ORGANIC MILK STRAWBERRY 200ML","PCS","OUT","5711953086441","25.0125"
"6001050","SUN TOP SUNTOP ORANGE 200ML","PCS","OUT","6281012033062","7.184625"
"6001051","SUN TOP SUNTOP MANGO 200ML","PCS","OUT","6281012033079","7.184625"
"6001052","SUN TOP SUNTOP MIX FRUIT 200ML","PCS","OUT","6281012033086","7.184625"
"6001053","SUN TOP SUNTOP BERRY MIX  200ML","PCS","OUT","6281012033093","7.184625"
"6001054","SUN TOP SUNTOP APPLE 200ML","PCS","OUT","6281012033109","9.1885"
"6001055","NESCAFE ARABIANA SAFFRON 3G","PCS","OUT","8801055707836","62.1"
"6001065","ALMARAI PREM STRAWBERRY UHT MILK 200ML","PCS","OUT","6281007070508","18.6875"
"6001073","HILAL CHICKEN GRILLER 800 GR","PCS","CTN","17893000467603","89.125"
"6001074","HILAL CHICKEN GRILLER 900 GR","PCS","CTN","17893000467795","212.75"
"6001075","HILAL CHICKEN GRILLER  1100GR","PCS","CTN","17893000468099","127.075"
"6001076","HILAL CHICKEN GRILLER  1200GR","PCS","CTN","17893000468174","139.15"
"6001202","SNICKERS SNG CRISPER 40G","PCS","OUT","40000530831","52.61204"
"6001205","TWIX  TRIPLE CHOCLATE 50G","PCS","OUT","6221134005684","84.52499999999999"
"6001208","GALAXY DIGESTIVE 38G","PCS","OUT","6294001827634","78.4875"
"6001209","GALAXY TRUFFLE 38G","PCS","OUT","6294001827665","78.4875"
"6001216","M & M M&M CRISPY 36G POUCH MENA","PCS","OUT","9300682051996","42.5385"
"6001220","MAATOUK PRIVATE BLEND ORIGINAL 10G","PCS","OUT","6297000431239","14.375"
"6001221","MAATOUK PRIVATE BLEND WC 10G","PCS","OUT","6297000431222","15.2375"
"6001222","MAATOUK LORD ARABIC COFEE WC 10G","PCS","OUT","16297000431342","28.175"
"6001222","MAATOUK LORD ARABIC COFEE WC 10G","PCS","OUT","6297000431369","28.175"
"6001223","MAATOUK LORD TURKISH COFFEE ORG 10G","PCS","OUT","6297000431475","22.435350000000003"
"6001227","COCA COLA COCO COLA ASSORTED 355ML","PCS","OUT","3030000000037","10.925"
"6001227","COCA COLA COCO COLA ASSORTED 355ML","PCS","CTN","3030000000038","42.8375"
"6001258","MAATOUK LORD TURKISH COFEE W/C 10G","PCS","OUT","6297000431482","22.435350000000003"
"6001345","NESTLE FITNESS C.CARAMEL 23.5G","PCS","OUT","5900020030283","83.94908"
"6001346","NESTLE FITNESS S.CEREAL BAR 23.5 GM","PCS","OUT","5900020025128","83.94908"
"6001397","WOW COMFORT FACIA TISSUE 2PLYX150 SHEET","PCS","OUT","6291103400390","20.987614999999998"
"6001398","NESCAFE 3IN1 INTENSO 20G","PCS","OUT","6294003580421","63.25011500000001"
"6001398","NESCAFE 3IN1 INTENSO 20G","PCS","CTN","6294003580438","631.9250000000001"
"6001599","NABISCO OREO CHOCO CAKE 24GR","PCS","OUT","7622210785145","17.25"
"6001599","NABISCO OREO CHOCO CAKE 24GR","PCS","CTN","7622210785152","207"
"6001606","HALAWANI  MAAMOUL FINGER 20X15GM","PCS","OUT","6281041266226","14.950115"
"6001606","HALAWANI  MAAMOUL FINGER 20X15GM","PCS","CTN","6281041266332","240.925"
"6001607","HALAWANI  MAAMOUL DATES 32X25G","PCS","OUT","6281041267131","43.125"
"6001607","HALAWANI  MAAMOUL DATES 32X25G","PCS","CTN","6281041231835","368"
"6001608","HALAWANI  MAAMOUL W/FIGS&WALNUTS 16X18G","OUT","CTN","6281041269531","172.5"
"6001609","ETI WAFEUP EXTRA HZLNT 29GR","PCS","OUT","8690526655642","50.3125"
"6001610","ETI WAFEUP XTRA COCOA PEANUT 29GR","PCS","OUT","8690526655659","55.1885"
"6001680","NESCAFE 3IN 1 ICE 20G","PCS","OUT","6294003579852","54.05"
"6001680","NESCAFE 3IN 1 ICE 20G","PCS","CTN","6294003579869","540.5"
"6001681","NESCAFE 3IN 1 COCO ICE 20G","PCS","OUT","6294003579883","36.7425"
"6001681","NESCAFE 3IN 1 COCO ICE 20G","PCS","CTN","6294003579890","362.25"
"6001682","NIDO GOLDEN STRABANANA PCH 32.5G","PCS","OUT","6294003580353","32.1425"
"6001682","NIDO GOLDEN STRABANANA PCH 32.5G","PCS","CTN","6294003580360","323.4375"
"6001683","NIDO GOLDEN HONEY BANANA PCH 32.5G","PCS","OUT","6294003580322","32.4875"
"6001683","NIDO GOLDEN HONEY BANANA PCH 32.5G","PCS","CTN","6294003580339","324.29999999999995"
"6001742","CLOROX CLB REGULAR 2X1GAL SPECIAL OFFER","PCS-2","OFFER","6281065015664","46.2875"
"6001742","CLOROX CLB REGULAR 2X1GAL SPECIAL OFFER","PCS-2","OFFER","6281065020422","46.2875"
"6001743","AL ALALI GELATIN RASPBERRY 85GR","PCS","OUT","3030000000855","36.225"
"6001753","NABISCO OREO ENROBED BISCUIT 34GMS","PCS","OUT","7622210628336","52.612500000000004"
"6001754","NABISCO OREO ENROBED BISCUIT 204GMS","OUT","CTN","7622210624277","184.2875"
"6001848","SUN KING SUNFLOWER OIL 5L","PCS","CTN","3030000000578","175.95000000000002"
"6001871","AL RAWABI TRIANGLE CHEESE 120GM","PCS","CTN","6291030001394","124.2"
"6001872","AL RAWABI TRIANGLE CHEESE 240GM","PCS","CTN","6291030001400","238.62500000000003"
"6001883","GLADE AUTOMATIC SPRAY SHEER VANILLA","PCS","OFFER","5000204080681","57.212615"
"6001883","GLADE AUTOMATIC SPRAY SHEER VANILLA","PCS","OFFER","6223001342557","57.212615"
"6001884","GLADE AUTOMATIC SPRAY HOLDER LAVE&VANILL","PCS","OFFER","6223001342564","57.212615"
"6001884","GLADE AUTOMATIC SPRAY HOLDER LAVE&VANILL","PCS","OFFER","6223001346210","57.212615"
"6001885","GLADE AUTOMATIC HOLDER BLOOMING PEONY","PCS","OFFER","6223001346227","57.212615"
"6001937","BAZOOKA RASPBERY SUGAR FREE GUM 84GR","PCS","OUT","5011053022807","81.073965"
"6001938","BAZOOKA RASPBERY SUGAR FREE SLIM 31GR","PCS","OUT","5011053022838","62.9625"
"6001939","BAZOOKA TUTTI FLV SUGAR FREE GUM 84GR","PCS","OUT","5011053022715","81.073965"
"6001940","BAZOOKA TUTTI SUGAR FREE SLIM 31GR","PCS","OUT","5011053022777","62.042615"
"6001941","BAZOOKA B.B SET SOUR STR/RASP 36G","PCS","OUT","5011053023026","105.80000000000001"
"6001942","BAZOOKA B.B SOUR STR/RASP 32G","PCS","OUT","5011053011603","85.675"
"6001943","BAZOOKA FLIP DIP SOUR STR/RAS 25G","PCS","OUT","5011053023057","116.0925"
"6001944","BAZOOKA JUICY DROP EXT SOUR CHERRY 26G","PCS","OUT","5011053023170","126.50000000000001"
"6001946","LOONEY TUNES DIP&LIP CARROT 25GR","PCS","OUT","8431108028016","93.15"
"6001947","ARAS CHUPY LOLLY 16GR","PCS","OUT","8697422661173","82.8"
"6001956","RAINBOW CHOCLATE 185ML","PCS","OUT","6281021342506","7.76181"
"6001957","RAINBOW FULL CREAM 185ML","PCS","OUT","6281021342605","7.76181"
"6001958","RAINBOW STRAWBERRY 185ML","PCS","OUT","6281021342803","7.76181"
"6001960","RAINBOW KARAK ORIGINAL 29G","PCS","OUT","6281021521802","25.587500000000002"
"6001961","RAINBOW KARAK SAFFRON 29G","PCS","OUT","6281021521901","25.587500000000002"
"6001969","GODIVA LAVIVA CREAMY CHOC BAR 35G","PCS","OFFER","6514747051019","18.3885"
"6001996","AL ABRA ROYAL PELICANO HOT POT","PCS","SIZE-1","3030000000058","7.474425"
"6001996","AL ABRA ROYAL PELICANO HOT POT","PCS","SIZE-2","3030000000059","14.892155"
"6001996","AL ABRA ROYAL PELICANO HOT POT","PCS","SIZE-3","3030000000060","22.42454"
"6001996","AL ABRA ROYAL PELICANO HOT POT","PCS","SIZE-4","3030000000061","25.874310000000005"
"6001997","AL ABRA NATIONAL HOT POT","PCS","SIZE-1","3030000000062","11.4954"
"6001997","AL ABRA NATIONAL HOT POT","PCS","SIZE-2","3030000000063","22.9425"
"6001997","AL ABRA NATIONAL HOT POT","PCS","SIZE-3","3030000000064","34.212155"
"6001998","AL ABRA AL SHAHID COOKING SET","SIZE-1","SIZE-2","3030000000066","18.974655000000002"
"6001998","AL ABRA AL SHAHID COOKING SET","SIZE-1","SIZE-3","3030000000067","27.023849999999996"
"6001998","AL ABRA AL SHAHID COOKING SET","SIZE-1","SIZE-4","3030000000068","34.2125"
"6001998","AL ABRA AL SHAHID COOKING SET","SIZE-1","SIZE-5","3030000000069","42.55"
"6001998","AL ABRA AL SHAHID COOKING SET","SIZE-1","SET","6001998","128.8"
"6001999","AL ABRA PREMIUM COOKING SET","SIZE-1","SIZE-2","3030000000071","16.674425"
"6001999","AL ABRA PREMIUM COOKING SET","SIZE-1","SIZE-3","3030000000072","22.42454"
"6001999","AL ABRA PREMIUM COOKING SET","SIZE-1","SIZE-4","3030000000073","28.174655"
"6001999","AL ABRA PREMIUM COOKING SET","SIZE-1","SIZE-5","3030000000074","33.924769999999995"
"6001999","AL ABRA PREMIUM COOKING SET","SIZE-1","SET","6001999","90.273965"
"6002006","AL ABRA MEXXI STEEL VACUUM FLASK","SIZE-1","SIZE-2","8660000820156","25.874310000000005"
"6002006","AL ABRA MEXXI STEEL VACUUM FLASK","SIZE-1","SIZE-3","8660000820163","32.773965"
"6002006","AL ABRA MEXXI STEEL VACUUM FLASK","SIZE-1","SIZE-4","8660000820170","40.249655"
"6002006","AL ABRA MEXXI STEEL VACUUM FLASK","SIZE-1","SET","6002006","97.74954"
"6002056","OMAN POFAK OMAN SMALL 12G","PCS","OUT","9501100013118","12.075"
"6002056","OMAN POFAK OMAN SMALL 12G","PCS","CTN","9501100013156","21.8385"
"6002057","OMAN POFAK OMAN LARGE 20G","PCS","OUT","9501100010292","15.524885000000001"
"6002057","OMAN POFAK OMAN LARGE 20G","PCS","CTN","9501100010339","30.474884999999997"
"6002058","OMAN PAPY SNACK 15GM","PCS","OUT","6297000038018","14.375"
"6002058","OMAN PAPY SNACK 15GM","PCS","CTN","6297000038025","28.75"
"6002065","NESCAFE CAPPUCCINO SWEETENED 10X17GR","PCS","OUT","7613036238168","22.9425"
"6002065","NESCAFE CAPPUCCINO SWEETENED 10X17GR","PCS","CTN","7613036238175","137.9425"
"6002066","NESCAFE CAPPUCCINO 10X14.2GR","PCS","OUT","7613036237734","35.9375"
"6002066","NESCAFE CAPPUCCINO 10X14.2GR","PCS","CTN","7613036238144","215.05"
"6002067","NESCAFE HOT MIX LATTE 19.5GR","PCS","OUT","7613036238397","36.225"
"6002067","NESCAFE HOT MIX LATTE 19.5GR","PCS","CTN","7613036238403","172.49988499999998"
"6002068","NESTLE C\CINO MOCHA 23GR","PCS","OUT","7613036238199","34.499539999999996"
"6002068","NESTLE C\CINO MOCHA 23GR","PCS","CTN","7613036238205","172.50344999999996"
"6002069","NESTLE NESCAFE GOLD VANILLA LATTE 18.5G","PCS","OUT","7613036238366","34.499539999999996"
"6002069","NESTLE NESCAFE GOLD VANILLA LATTE 18.5G","PCS","CTN","7613036238373","180.2625"
"6002085","PALAZI CACA CHICKEN SNACKS 16G","SIZE-1","OFFER","2000000007786","20.412499999999998"
"6002086","MAI DUBAI WATER GLASS STILL 330ML","PCS","OUT","6297000611402","18.974655000000002"
"6002087","MAI DUBAI WATER PET 5LTR","PCS","OUT","6297000611488","21.275"
"6002088","BAZOOKA TUTTI FRUTTI SOFT CHEW BAR 14GR","PCS","OUT","5011053022593","68.13681"
"6002089","BAZOOKA RASBERY SOFT CHEW BAR 14GR","PCS","OUT","5011053022562","80.5"
"6002118","QUAKER WHOLE OATS FLAKES 400GMS","PCS","OFFER","2020000553700","18.3885"
"6002156","MASAFI ZERO 1.5LTR","PCS","OUT","6291001014668","8.625"
"6002157","MASAFI ZERO 500ML","PCS","OUT","6291001014651","8.625"
"6002158","MASAFI ZERO 330ML","PCS","OUT","6291001014804","8.625"
"6002165","TRILLO 3 IN 1 COFFEE LATTE STICKS IN BOX 17G","PCS","OUT","8886418900178","22.9425"
"6002166","TRILLO 3 IN 1 COFFEE STICKS IN BOX 20G","PCS","OUT","88864189000458","20.6425"
"6002166","TRILLO 3 IN 1 COFFEE STICKS IN BOX 20G","PCS","OUT","8886418900048","20.6425"
"6002167","TRILLO 3 IN 1 CAPPUCCINO STICKS IN BOX 20G","PCS","OUT","8886418900123","18.1125"
"6002168","TRILLO 3 IN 1 CHAI LATTE STICKS IN BOX 20G","PCS","OUT","8886418900369","19.8375"
"6002217","MAGGI SOUP KIDS CREAMY POTATO 50G","PCS","OUT","6294003581367","52.8425"
"6002218","MAGGI SOUP KIDS CHICKEN PASTA 50G","PCS","OUT","6294003581398","52.8425"
"6002232","HILLWAY KARAK CHAI CARDAMOM 3 IN 1","PCS","OUT","8886300990638","37.087154999999996"
"6002233","HILLWAY KARAK CHAI GINGER 3 IN 1","PCS","OUT","8886300990621","35.074999999999996"
"6002240","CRUNCHOS SUNFLOWER SEED 12GM","PCS","OUT","5038572800075","16.041694999999997"
"6002269","DUBAI BATTERY LASER JET AA 4PCS","PCS","OUT","6921183651039","18.974655000000002"
"6002392","NESCAFE ARABIANA CLOVES 3G","PCS","OUT","8801055708697","35.9375"
"6002393","NESCAFE ARABIANA GINGER 3G","PCS","OUT","8801055708567","35.9375"
"6002394","NESQUICK BISCUIT SWCH MILK 56G","PCS","OUT","6221007027775","13.799309999999998"
"6002395","NESQUICK BISCUIT SWCH CHOC 56G","PCS","OUT","6221007027867","13.799309999999998"
"6002396","NESQUICK BISCUIT SWCH MILK 28G","PCS","OUT","6221007029304","6.899654999999999"
"6002397","NESQUICK BISCUIT SWCH CHOC 28G","PCS","OUT","6221007029328","6.8425"
"6002401","SWITZ DUO CAKE 35G CHOC + VANILLA","PCS","OUT","6291105690935","17.249195"
"6002402","SWITZ DUO CAKE 35G CHOC + CARAMEL","PCS","OUT","6291105691208","16.041694999999997"
"6002457","ALMARAI JOOSY ORANGE 300ML CAN","PCS","OUT","6281007049726","10.925"
"6002458","ALMARAI JOOSY MANGO 300ML CAN","PCS","OUT","6281007049719","10.925"
"6002459","ALMARAI JOOSY LEMON 300ML CAN","PCS","OUT","6281007049733","10.925"
"6002489","NESTLE GOLD C/FLAKES CERLBAR CINAMON 20G","PCS","OUT","5900020033000","20.411579999999997"
"6002490","NESTLE GOLD C/FLAKES CREALBAR MP 20G","PCS","OUT","5900020032966","20.411579999999997"
"6002493","KIT KAT MINI 2F COOKIES&CREAM 19.5G","PCS","OUT","6294003569013","41.1125"
"6002496","BAZOOKA MEGA MOUTH SUGAR FREE CANDY 21G","PCS","OUT","5011053023347","95.44999999999999"
"6002497","BAZOOKA STARBRY FLAV DEXTROSE CANDIES 9G","PCS","OUT","5011053023088","198.892155"
"6002498","BAZOOKA ADVNTRE TIME MILK CHOC EGGS 20GR","PCS","OUT","5011053023408","138.8625"
"6002499","BAZOOKA BEN POWER GRLS CHOC EGGS 20G","PCS","OUT","5011053023378","138.8625"
"6002537","GALAXY FLUTES WHITE 22.5G","PCS","OUT","6221134005967","63.24885"
"6002771","COCA COLA QJ LEMONADE 250ML","PCS","OUT","5449000258908","11.7875"
"6002905","RAUBI DT ORANGE 250ML","PCS","OUT","0705632239407","8.739885"
"6002905","RAUBI DT ORANGE 250ML","PCS","CTN","705632239094","34.786925000000004"
"6002911","RAUBI DT APRICOT 250ML","PCS","OUT","0705632239438","9.1425"
"6002911","RAUBI DT APRICOT 250ML","PCS","CTN","705632239155","35.65023"
"6002912","RAUBI DT MANGO 250ML","PCS","OUT","0705632239414","8.739885"
"6002912","RAUBI DT MANGO 250ML","PCS","CTN","705632239117","34.786925000000004"
"6002913","RAUBI DT GRAPES 250ML","PCS","OUT","0705632239421","5.748965"
"6002913","RAUBI DT GRAPES 250ML","PCS","CTN","705632239148","27.599885"
"6002914","RAUBI DT POMEGRANATE 250ML","PCS","OUT","0705632239391","10.2925"
"6002914","RAUBI DT POMEGRANATE 250ML","PCS","CTN","705632239087","40.766465"
"6002915","RAUBI DT GUAVA 250ML","PCS","OUT","0705632239582","9.66"
"6002915","RAUBI DT GUAVA 250ML","PCS","CTN","705632239476","36.742385"
"6002917","RAUBI DT RASBERRY 250ML","PCS","OUT","0705632239605","6.324885"
"6002917","RAUBI DT RASBERRY 250ML","PCS","CTN","705632239469","27.599885"
"6002918","RAUBI DT COCKTAIL 250ML","PCS","OUT","0705632239636","8.91135"
"6002918","RAUBI DT COCKTAIL 250ML","PCS","CTN","705632239452","35.07431"
"6002919","RAUBI DT MIXED APPLE 250ML","PCS","OUT","0705632239599","8.91135"
"6002919","RAUBI DT MIXED APPLE 250ML","PCS","CTN","705632239100","35.07431"
"6002920","RAUBI DG ORANGE 275ML","PCS","CTN","6291108010129","66.641925"
"6002921","RAUBI DG APRICOT 275ML","PCS","CTN","6291108010136","66.641925"
"6002922","RAUBI DG MANGO 275ML","PCS","CTN","6291108010143","66.641925"
"6002923","RAUBI DG GRAPES 275ML","PCS","CTN","6291108010150","40.249655"
"6002924","RAUBI DG POMEGRANATE 275ML","PCS","CTN","6291108010167","66.641925"
"6002925","RAUBI DG GUAVA 275ML","PCS","CTN","6291108010174","66.641925"
"6002926","RAUBI DG COCKTAIL 275ML","PCS","CTN","6291108010181","66.46931000000001"
"6002927","RAUBI DG TAMARIND 275ML","PCS","CTN","6291108010204","66.641925"
"6002928","RAUBI DG LEMON MINT 275ML","PCS","OUT","6291108010389","10.34954"
"6002928","RAUBI DG LEMON MINT 275ML","PCS","CTN","6291108010211","40.249655"
"6002929","RAUBI DG LEMON 275ML","PCS","CTN","6291108010228","68.424195"
"6002930","RAUBI DG MIXBERRY 275ML","PCS","CTN","6291108010235","40.249655"
"6002942","RAUBI DG ORANGE CARROT 275ML","PCS","CTN","0705632239568","40.25"
"6003028","PIK ONE -2F 15.5G","PCS","OUT","6281004712920","27.8875"
"6003029","YAMAMA CAKE -VANILLA 21G","PCS","OUT2","6281004253423","8.912615"
"6003029","YAMAMA CAKE -VANILLA 21G","PCS","OUT","6281004700026","11.2125"
"6003030","YAMAMA CAKE -COCOA VANILLA 21G","PCS","OUT","6281004705021","11.2125"
"6003031","YAMAMA CAKE -STRAWBERRY  21G","PCS","OUT","6281004253324","11.2125"
"6003031","YAMAMA CAKE -STRAWBERRY  21G","PCS","OUT","6281004704024","11.2125"
"6003032","TOFI LUK KING SIZE NEW 36G","PCS","OUT","6281004169526","18.3425"
"6003033","CANDY BAR SAFARI GOLD 28G","PCS","OUT","6281004169427","18.1125"
"6003108","COCA COLA COCO COLA  6X245ML","PCS-2","OFFER","5449000258434","11.4885"
"6003109","SPRITE 6X245ML","PCS-2","OFFER","5449000258427","11.4885"
"6003110","FANTA ORANGE  6X245ML","PCS-2","OFFER","5449000258335","11.4885"
"6003149","MASAFI MINERAL WATER ALKA LIFE 330ML","PCS","OUT","6291001014835","8.625"
"6003150","MASAFI MINERAL WATER ALKA LIFE 500ML","PCS","OUT","6291001014811","8.625"
"6003151","MASAFI MINERAL WATER ALKA LIFE 1.5L","PCS","OUT","6291001014828","8.625"
"6003234","FERRERO KINDER  SURPRISE T72 20G","PCS","OUT","8000500039106","435.85"
"6003241","KIT KAT 2F RASBERRY 19.5G","PCS","OUT","6294003583088","40.824999999999996"
"6003269","KDD TOMATO PASTE 135G","PCS","OFFER","6271002202417","18.3885"
"6003269","KDD TOMATO PASTE 135G","PCS","OUT","6271002271680","19.538615000000004"
"6003270","QISHTA THICK CREAM 125ML","PCS","OUT","6271002161349","19.262500000000003"
"6003270","QISHTA THICK CREAM 125ML","PCS","OFFER","6271002193814","38.237500000000004"
"6003271","QISHTA THICK CREAM 250ML","PCS","OUT","6271002161233","20.125"
"6003271","QISHTA THICK CREAM 250ML","PCS","OUT2","6271002100904","39.675"
"6003273","FRUITTELLA 2 IN 1 LEMON GRAPE 32.4G","PCS","OUT","6921211114314","45.712500000000006"
"6003274","FRUITTELLA 2 IN1 STRAWBERRY BANANA 32.4G","PCS","OUT","6921211114345","45.9425"
"6003275","FRUITTELLA  FRUIT CHEWS 140G","PCS","OUT","6921211114987","236.9"
"6003279","EAZI PEARL BALL PEN 20PCS","PCS","SIZE-1","8908002615517","0.5750000000000001"
"6003292","GEST ERASER  GE3075","PCS","OUT","0799491916500","24.15"
"6003327","ARWA ALKALINE 500ML","PCS","OUT","5449000260284","10.92431"
"6003338","LUSINE TRIPPLE CHOCLATE MUFFIN 60G","PCS","OUT","6281007059183","22.1375"
"6003594","TIFFANY GLUCOSE EVDAY 50G REG NEW","PCS","OUT","6291003000768","7.1875"
"6003597","TIFFANY MILK EVDAY 50G","PCS","OUT","6291003000782","8.337499999999999"
"6003598","TIFFANY NICE EVDAY 50G REG","PCS","OUT","6291003000775","8.337499999999999"
"6003620","TIFFANY WFBAR BIG BREAK 35G","PCS","OUT","6291003205002","16.041694999999997"
"6003622","TIFFANY WFBAR BREAK SUPA 38G","PCS","OUT","6291003074363","15.812270000000002"
"6003715","CRUNCHOS POTATO STIX SALT CAN 45G","PCS","OUT","5038572900089","18.6875"
"6003716","CRUNCHOS POTATO STIX CHILLI CAN 45G","PCS","OUT","5038572900096","18.6875"
"6003717","CRUNCHOS POTATO STIX CHEESE CAN 45G","PCS","OUT","5038572900102","18.6875"
"6003746","SAFA ALAIN CUP WATER 200ML","PCS","OUT","4920033884476","8.912615"
"6003747","SAFA ALAIN WATER 250ML","PCS","OUT","6292502433880","12.075"
"6003748","SAFA ALAIN BOTTLE WATER 330ML","PCS","OUT","4912330338844","6.0375"
"6003749","SAFA ALAIN BOTTLE WATER 500ML","PCS","OUT","4912500338841","5.75"
"6003751","MAGGI SEASONING POWDER 22G","PCS","OUT","6294003574895","22.99931"
"6003752","MINI FANCY DOUGHNUTS 10PCS","PCS","SIZE-1","3030000000090","9.200000000000001"
"6003753","MINI SUGAR DOUGHNUTS 12PCS","PCS","SIZE-1","3030000000095","4.599424999999999"
"6003754","MINI SUGAR DOUGHNUT PACK 4PCS","PCS","SIZE-1","3030000000094","6.3273"
"6003755","MINI CHOCLATE DOUGHNUT 12PCS","PCS","SIZE-1","3030000000091","4.599424999999999"
"6003757","MINI CHOCLATE DOUGHNUT 2X4PCS","PCS","SIZE-1","3030000000096","7.474425"
"6003825","NADA LONG LIFE FULL CREAM 1LTR","PCS","OUT","6281018160267","22.425"
"6003825","NADA LONG LIFE FULL CREAM 1LTR","PCS","CTN","6281018148364","67.27499999999999"
"6003826","NADA STRAWBERRY MILK 200ML","PCS","OUT","6281018141983","12.075"
"6003826","NADA STRAWBERRY MILK 200ML","PCS","CTN","6281018141389","37.0875"
"6003827","NADA CHOCOLATE MILK 200ML","PCS","OUT","6281018141785","12.075"
"6003827","NADA CHOCOLATE MILK 200ML","PCS","CTN","6281018141181","35.9375"
"6003828","NADA TOMATO PASTE 135GM","PCS","OUT","6281018290995","14.950115"
"6003829","FINE  FACIAL TISSUE FINE FLUFFY 200X2PLY","PCS","SIZE-1","6251001211634","4.3125"
"6003837","BAZOOKA MINI CHEWS BAR TUTTI 120GR","PCS","OUT","5011053023316","106.08749999999999"
"6003852","QUAKER COOKIES CHOCO CHIPS 27G","PCS","OUT","6291003017193","18.1125"
"6003853","QUAKER COOKIES RAISIN 27G","PCS","OUT","6291003017223","18.1125"
"6003854","QUAKER COOKIES HONEY& NUT 27G","PCS","OUT","6291003017216","19.262500000000003"
"6003856","RAINBOW EVAPORATED MILK  170G VITAMIN D","PCS","OUT","6281021525800","36.5125"
"6003856","RAINBOW EVAPORATED MILK  170G VITAMIN D","PCS","OUT","6281021527309","36.5125"
"6003856","RAINBOW EVAPORATED MILK  170G VITAMIN D","PCS","CTN","6281021346900","307.05"
"6003856","RAINBOW EVAPORATED MILK  170G VITAMIN D","PCS","CTN","8716200674959","307.05"
"6003858","HEINZ TOMATO PASTE135G  SPL PRICE","SIZE-1","OFFER","6221033111158","21.8385"
"6003858","HEINZ TOMATO PASTE135G  SPL PRICE","SIZE-1","OFFER","6221033211117","21.8385"
"6003880","MAGGI  SOUP POTATO LEEK 10X60G","PCS","OUT","6294003584764","56.0625"
"6003905","MENTOS PF GUM ROLLS FRESHMENT 15.75G","PCS","OUT","8935001724469","47.0925"
"6003906","MENTOS PF GUM ROLLS BUBBLEFRESH 15.75G","PCS","OUT","8935001724438","47.0925"
"6003907","QUAKER GS OATMEAL APPLE&CINNAMON 40G","PCS","OUT","8901491703666","20.411579999999997"
"6003908","QUAKER GS OATMEAL NUTS 40G","PCS","OUT","8901491703673","20.412499999999998"
"6003909","QUAKER GS OATMEAL VANILLA 40G","PCS","OUT","8901491703680","20.411579999999997"
"6003910","QUAKER GS OATMEAL BANANA 40G","PCS","OUT","8901491703697","20.411579999999997"
"6003944","HIGHLIGHTER GTM 4105","PCS","OUT","0799491917026","8.623965"
"6003971","FOOTBALL ERASER","PCS","OUT","3030000000092","11.44227"
"6003974","GEST STAPLER PIN GC264","PCS","OUT","0712324253429","12.59181"
"6004045","TUNNOCKS  CARAMEL LOG 27GM","PCS","OUT","5010975070019","80.49919500000001"
"6004118","TIFFANY GLUCOSE REGULAR 3X8X50G","SIZE-1","OFFER","6291003013119","21.5625"
"6004135","BAZOOKA BIG BABY GUMIES FIZZY CANDY 100G","PCS","OUT","5011053023507","72.45"
"6004136","BAZOOKA BIG BABY GUMIES FRUIT CANDY 100G","PCS","OUT","5011053023767","72.45"
"6004137","RAINBOW CREAM 170GM","PCS","CTN","8716200675130","250.70000000000002"
"6004138","RAINBOW EVAP COFFEE MILK 186ML","PCS","CTN","5410438041165","69"
"6004141","KITCO NICE CHIPS LIGHTLY SALTED 14G","PCS","OUT","6290340402945","13.74135"
"6004142","KITCO NICE CHIPS FRENCH CHEESE 14G","PCS","OUT","6290340382940","13.74135"
"6004143","KITCO NICE TOMATO KETCHUP 14G","PCS","OUT","6290340442941","13.74135"
"6004144","KITCO NICE HOT&SPICY 14G","PCS","OUT","6290340392949","13.74135"
"6004168","NADA JUNIOR FULL CREAM MILK 125ML","PCS","OUT","6281018297192","8.912615"
"6004168","NADA JUNIOR FULL CREAM MILK 125ML","PCS","CTN","6281018322795","33.637499999999996"
"6004169","NADA JUNIOR CHOCLATE MILK 125ML","PCS","OUT","3030000000220","8.912615"
"6004169","NADA JUNIOR CHOCLATE MILK 125ML","PCS","OUT","6281018297291","8.912615"
"6004169","NADA JUNIOR CHOCLATE MILK 125ML","PCS","CTN","6281018322894","33.637499999999996"
"6004170","NADA JUNIOR STRAWBERRY MILK 125ML","PCS","OUT","6281018297390","8.912615"
"6004170","NADA JUNIOR STRAWBERRY MILK 125ML","PCS","CTN","6281018322993","33.637499999999996"
"6004212","7 DAYS ENROBED CAKE BAR VANILLA 40G","PCS","OUT","6281007045636","18.1125"
"6004213","7 DAYS ENROBED CAKE BAR STRWBRY 40G","PCS","OUT","6281007045629","18.1125"
"6004214","7 DAYS ENROBED SWISS ROLL ORANGE 38G","PCS","OUT","6281007049160","18.1125"
"6004219","DANONE HAYAWIYA MINERAL WATER 330ML","PCS","OUT","8693593119666","6.3273"
"6004220","DANONE HAYAWIYA MINERAL WATER 500ML","PCS","OUT","8693593400627","6.3273"
"6004221","DANONE HAYAWIYA MINERAL WATER 1.5LTR","PCS","OUT","8693593215290","13.225000000000001"
"6004222","NESCAFE 3 IN 1 INTENS +5 STICKS FREE 20G","OFFER","OUT","3030000000235","46.287155"
"6004275","LUTTI ROLL UP SMILEY 29G","PCS","OUT","3116740034605","119.311925"
"6004276","ZED PIRATES DIAMONDS 35G","PCS","OUT","5011061040466","57.5"
"6004281","LUTTI SMOOFIZZ CRAZY 100G","PCS","OUT","3116742064013","106.95"
"6004283","RICHO CHICKEN CURRY SNACK 10GR","PCS","OUT","9556619125135","22.9885"
"6004284","FELFOLDI 6PC QUICK MILK CHOC 36G","PCS","OUT","5996071649260","215.05"
"6004285","FELFOLDI 6PC QUICK MILK STRAWBERRY 36G","PCS","OUT","5996071649246","212.75"
"6004288","ZED SMALL JELLYBEAN 32GR","PCS","OUT","5011061010407","102.2925"
"6004289","ZED MINI GUM MACHIN FRUIT FLVR 35GR","PCS","OUT2","1840000303225","34.5"
"6004289","ZED MINI GUM MACHIN FRUIT FLVR 35GR","PCS","OUT","5011061060303","207"
"6004290","KATJES SCOOX STRBY 40GR","PCS","OUT","8716100576506","86.25"
"6004291","KATJES SCOOX COLA 40GR","PCS","OUT","8716100577831","86.25"
"6004292","KATJES SCOOX MULTI 40GR","PCS","OUT","8716100575837","86.25"
"6004293","FASCINI RIP ROLL MULTI 40G","PCS","OUT","8716100177505","86.25"
"6004294","FASCINI RIP ROLL STRAWBERRY 40G","PCS","OUT","8716100577428","86.25"
"6004295","BALBAN TOTO CORNET HZLNET 25GR","PCS","OUT","8693029609853","63.825"
"6004296","ZED TORNADO POP STRWBRY 33.25GR","PCS","OUT","5011061040633","86.25"
"6004297","ZED TORNADO POP ASSORTED 33.25GR","PCS","OUT","5011061042637","100.625"
"6004338","NESQUICK CEREAL BAG 200G","PCS","CTN","8690632048789","96.6"
"6004397","AL AIN UHT FULL CREAM MILK 6X180ML","PCS","SIZE-1","6291056000128","1.7249999999999999"
"6004397","AL AIN UHT FULL CREAM MILK 6X180ML","PCS","OUT","6291056000180","29.0375"
"6004398","AL AIN UHT STRAWBERRY MILK 6X180ML","PCS","SIZE-1","6291056000135","1.7249999999999999"
"6004398","AL AIN UHT STRAWBERRY MILK 6X180ML","PCS","OUT","6291056000197","29.325"
"6004402","AL AIN UHT CHOCLATE MILK 6X180ML","PCS","SIZE-1","6291056000142","1.7249999999999999"
"6004402","AL AIN UHT CHOCLATE MILK 6X180ML","PCS","OUT","6291056000203","29.325"
"6004403","AL AIN UHT ORANGE JUICE 6X180ML","PCS","SIZE-1","6291056000487","2.011695"
"6004404","AL AIN UHT MANGO JUICE 6X180ML","PCS","SIZE-1","6291056000470","2.011695"
"6004405","AL AIN UHT FRUIT MIX JUICE 6X180ML","PCS","SIZE-1","6291056000494","2.016525"
"6004406","AL AIN UHT APPLE JUICE 6X180ML","PCS","SIZE-1","6291056000463","1.72431"
"6004408","MUKALLA FANCY MEAT TUNA W/VEG OIL 185GM","PCS","CTN","3030000000085","465.75"
"6004634","BAYARA SNACKS PEANUTS SALTED 13G","PCS","OUT","6291106449662","15.525"
"6004634","BAYARA SNACKS PEANUTS SALTED 13G","PCS","OUT","6291107611778","15.525"
"6004803","AL DOURI DRIED FIGS 4KG","PCS","1KG","55055","54.625"
"6004885","KDD FULL CREAM MILK 1L","PCS","OUT","6271002185543","22.425"
"6004890","DABUR VATIKA HAIR CREAM REG 2PK","PCS-2","OFFER","6666666690579","9.775"
"6004891","DABUR VATIKA HAIR CREAM AD 2PK","PCS-2","OFFER","6666666690586","9.775"
"6004892","DABUR OLIVE HAIR CREAM  2PK","PCS-2","OFFER","6666666690593","9.775"
"6004952","NADEC UHT LONG LIFE MILK FF 4X1LTR","SIZE-1","OUT2","628105750000XX","14.375"
"6004952","NADEC UHT LONG LIFE MILK FF 4X1LTR","SIZE-1","OUT","6004952","44.5625"
"6004953","NADEC UHT LONG LIFE MILK LF 12X1LTR","PCS","OUT2","6281057500055","25.875"
"6004953","NADEC UHT LONG LIFE MILK LF 12X1LTR","PCS","OUT","6281057001057","77.625"
"6004978","SKITTLES WILD BERRY FLAVOURED 38GM","PCS","CTN","4009900460194","48.012499999999996"
"6004980","SKITTLES FRUIT TUBES 30.6GM","PCS","OUT","6294001828976","136.85"
"6004985","STAR LEO SUNFLOWER SEED 25GM","PCS","OUT","6297000150987","27.3125"
"6004986","STAR LEO SUNFLOWER SEED 80GM","PCS","OUT","6297000150741","36.225"
"6004987","LOV ROASTED PEANUTS 13G","PCS","OUT","6297000802107","17.537499999999998"
"6004988","LOV PEANUT CANDY 15GM","PCS","OUT","6297000802060","14.94885"
"6004989","LOV SESAME CANDY 15GM","PCS","OUT","6297000802053","14.94885"
"6005038","MOCHOS TORTILLA CHIPS HOT CHILLI 23GR","PCS","CTN","6291107630342","73.3125"
"6005039","MOCHOS TORTILLA NCHO CHEESE 23GR","PCS","CTN","6291107630328","73.3125"
"6005040","MOCHOS TORTILLA SWT&CHILI 23GR","PCS","CTN","6291107630335","73.3125"
"6005041","MOCHOS TORTILLA MEXN SALSA 23GR","PCS","CTN","6291107630366","73.3125"
"6005042","MOCHOS TORTILLA  CHZE-JLPNO 23GR","PCS","CTN","6291107630359","73.3125"
"6005043","MOCHOS TORTILLA NCHO CHEESE 100GR","PCS","CTN","6291107630380","96.8875"
"6005044","MOCHOS TORTILLA SWT&CHILI 100GR","PCS","CTN","6291107630397","96.6"
"6005045","MOCHOS TORTILLA MEXN SALSA 100GR","PCS","CTN","6291107630458","96.6"
"6005046","MOCHOS TORTILLA CHIPS HOT CHILLI 180GR","PCS","CTN","6291107630434","118.45"
"6005047","MOCHOS TORTILLA NCHO CHEESE 180GR","PCS","CTN","6291107630410","119.02499999999999"
"6005048","MOCHOS TORTILLA SWT&CHILI 180GR","PCS","CTN","6291107630427","118.45"
"6005049","MOCHOS TORTILLA CHIPS ORIGINAL 180GR","PCS","CTN","6291107630441","117.3"
"6005089","ABANT WATER 500ML","PCS","OUT","8699015750813","14.6625"
"6005090","ABANT WATER 330ML","PCS","OFFER","8699015750714","14.94885"
"6005144","CHIOS GUM MASTIC 10GM","PCS","10 GR","3030000000099","11.501495"
"6005210","DUBAI BUTANE GAS CARTRIDGE 220G","PCS","OUT","3030000000102","31.9125"
"6005308","NESCAFE 3 IN 1 SALTED CARAMEL ICE 21G","PCS","OUT","6294003584320","34.212155"
"6005320","BRITANNIA TIME PASS 40GR","PCS","OUT","6291007909128","18.975"
"6005399","SAFA LABAN MEETHILASSI 200ML","PCS","OUT","6291044000000","13.225000000000001"
"6005401","SAFA UHT LABAN UP PLAIN 180ML","PCS","OUT2","6291044100267","10.0625"
"6005435","MARMUM UHT FULL FAT MILK 1LT","PCS","OUT","6291031001218","26.450000000000003"
"6005436","MARMUM UHT LOW FAT MILK 1LT","PCS","OUT","6291031001249","26.450000000000003"
"6005510","MAGGI CHICKEN STOCK NEW FLAV 20G","PCS","OUT","6294003588816","25.587500000000002"
"6005511","MAGGI SOUP KIDS CREAMY TOMATO 65G","PCS","OUT","6294003588601","55.485890000000005"
"6005518","BAZOOKA SHIMMR SHINE FRUITY GUMMIES 100G","PCS","OUT","5011053023736","72.45"
"6005519","ETI ADICTO BROWNI GOLD W/CAPPUCINO 180GM","PCS","OUT","8690526186443","102.35000000000001"
"6005535","MAI SHARM 1.5L","PCS","OUT","6298044068955","20.527500000000003"
"6005536","MAI SHARM 500 ML","PCS","OUT","6298044068948","24.15"
"6005537","MAI SHARM 330 ML","PCS","OUT","6298044068931","20.527500000000003"
"6005538","MAI SHARM 250 ML","PCS","OUT","6298044068924","20.527500000000003"
"6005539","7 DAYS ENROBED SWISS ROLL COCONUT 380G","PCS","OUT","6281007051385","17.823964999999998"
"6005544","DOMYATI CHEESE","KG","5KG","3030000000125","57.5"
"6005555","BLACK SEEDS 1KG","500GR","KG","6005555","17.249195"
"6005573","KLEENEX AROMA MORNING DEW 6X164S","PCS","SIZE-1","6281002508136","4.3125"
"6005577","KLEENEX ULTRA SOFT 6X96S","PCS","PCS-2","6281002508396","17.25"
"6005600","RAUBI MILK 1000ML SKIMMED","PCS","OUT","6291108010815","12.075"
"6005601","RAUBI MILK 1000ML LOW FAT","PCS","OUT","6291108010822","12.075"
"6005602","RAUBI MILK 1000ML FULL CREAM","PCS","OUT","6291108010778","12.075"
"6005602","RAUBI MILK 1000ML FULL CREAM","PCS","OUT","6291108010839","12.075"
"6005603","AL AIN UP 200ML","PCS","OUT","6291056001415","6.0375"
"6005603","AL AIN UP 200ML","PCS","CTN","6291056001422","11.7875"
"6005615","NESTLE PURE LIFE BOTTLED WATER 330ML","PCS","OUT","6297000125138","12.937155000000002"
"6005616","NESTLE PURE LIFE BOTTLED WATER 600ML","PCS","OUT","6297000125145","12.937155000000002"
"6005617","NESTLE PURE LIFE BOTTLED WATER 1.5 LTR","PCS","OUT","6297000125053","12.59181"
"6005618","NV BISCUITS OATS&HONEY 25G","PCS","OUT","8904150502792","29.6125"
"6005618","NV BISCUITS OATS&HONEY 25G","PCS","OUT","8907150502792","29.6125"
"6005619","NV BISCUITS OATS&CHOCLATE 25G","PCS","OUT","8904150502808","29.6125"
"6005620","NV SINGLES OATS&CHOCLATE 21G","PCS","OUT","8410076601575","10.35"
"6005621","NV SINGLES OATS&HONEY 21G","PCS","OUT","8410076601568","10.35"
"6005622","NV BISCUIT PEANUT BUTTER 38GM","PCS","OUT","8410076620385","17.25"
"6005623","NV BISCUIT ALMOND BUTTER 38GM","PCS","OUT","8410076620392","13.74135"
"6005630","BETTY CROCKER DUO CAKE(STRAWBERRY) 35G","PCS","OUT","6291105691727","17.536579999999997"
"6005632","SWITZ PARATHA PLAIN 400GM","PCS","OFFER","9501100606006","18.1125"
"6005637","OLIVE OIL 1L(BIG)","PCS","SIZE-1","3030000000121","28.75"
"6005637","OLIVE OIL 1L(BIG)","PCS","LTR","23066","55.775"
"6005648","ZEATMAN 200GM","PCS","CTN","3030000000132","275.99953999999997"
"6005678","AL MADINA FACIAL TISSUE 150","PCS","SIZE-1","6291046001203","5.6925"
"6005698","DUBAI DP PORTABLE FAN","PCS","SIZE-1","2385385353551","21.84977"
"6005698","DUBAI DP PORTABLE FAN","PCS","SIZE-1","6951409561996","21.84977"
"6005761","KNORR VEGETABLE 2 CUBES 18GR","PCS","OUT","6221155067647","28.6925"
"6005853","NESCAFE BONJOURNO 3IN1 2STCKFREE 16G","PCS","OUT","6294003590192","9.77477"
"6005858","STARBUCKS NDG CAPPUCCINO","PCS","CTN","7613037584950","166.69249999999997"
"6005859","STARBUCKS NDG CARAMEL MACCHIATO","PCS","CTN","7613037585254","166.69249999999997"
"6005861","NESCAFE GOLD CAPP CARMEL LATTE 17G","PCS","OUT","7613036875011","44.85"
"6005862","FITNESS TOASTIES CHEESE 36G","PCS","OUT","6221007031048","35.64908"
"6005868","MAGGI SOUP LENTIL  84G","PCS","OUT","6294003591069","91.9425"
"6006017","SHINYPOST STICK NOTE BOARD","PCS","SIZE-1","3030000000269","1.1500000000000001"
"6006019","SALTED CASHEW 15G","PCS","OUT","6281105790377","43.7"
"6006020","SALTED PISTACHIO 15G","PCS","OUT","6281105790575","43.125"
"6006021","DELUXE MIX 15G","PCS","OUT","6281105790414","43.125"
"6006023","SALTED CASHEW 30G","PCS","OUT","6281105796638","62.099309999999996"
"6006025","SUNFLOWER SEEDS 100G","PCS","OUT","6281105794320","47.14931"
"6006026","PUMPKIN SEEDS 140G","PCS","OUT","6281105790186","85.387155"
"6006086","MAI DUBAI GLASS SPARKLING WATER 330ML","PCS","OUT","6297000611433","23.575"
"6006093","MOUNTAIN DEW 155ML","PCS","OUT","012000052385","40.25"
"6006093","MOUNTAIN DEW 155ML","PCS","CTN","012000053214","80.5"
"6006094","PEPSI 155ML","PCS","OUT2","012000060137","31.9125"
"6006094","PEPSI 155ML","PCS","OUT","012000052330","34.5"
"6006094","PEPSI 155ML","PCS","CTN","012000053177","86.25"
"6006095","MIRINDA  155ML","PCS","OUT","012000052347","40.25"
"6006096","7 UP 7UP 155ML","PCS","OUT","012000052354","40.25"
"6006096","7 UP 7UP 155ML","PCS","CTN","012000053191","80.5"
"6006141","GREAT TASTE DOUBL WHITE COFFEE 320GM","PCS","SIZE-1","4800016021831","1.72431"
"6006142","GREAT TASTE 3IN1 WHITE COFFEE CREAM 300G","PCS","SIZE-1","4800016021039","1.72431"
"6006151","WRIGLEYS  EXTRA MEGA PEPPERMINT 51.5GM","PCS","OUT","6923450664834","78.775"
"6006152","WRIGLEYS  EXTRA MEGA SPEARMINT 23 CUBE","PCS","OUT","6923450610213","78.775"
"6006159","ALAMEED INSTANT ARAB COFFEE 6X144GM","PCS","SIZE-1","6253806490405","10.925"
"6006172","LACNOR MELCO LL KIDO ORANGE 125ML","PCS","OUT","6291016001875","8.825444999999998"
"6006173","LACNOR MELCO LL KIDO MANGO 125ML","PCS","OUT","6291016001882","8.825444999999998"
"6006174","LACNOR MELCO LL KIDO COCKTAIL 125ML","PCS","OUT","6291016001899","8.825444999999998"
"6006192","BEAST MODE ENERGY DRINK 250ML","PCS","OUT","6291108011010","20.698964999999998"
"6006204","STARBURST GUM STRAWBERRY BOTTLE 72G","PCS","OUT","4009900523684","84.52499999999999"
"6006205","STARBURST GUM FRUITY MIXES 15.9G","PCS","OUT","4009900533119","52.325"
"6006253","NATURAL HONEY 400GM SQU. OFFER PACK","PCS","OFFER","1340100617722","18.6875"
"6006253","NATURAL HONEY 400GM SQU. OFFER PACK","PCS","OFFER","6006253","18.6875"
"6006305","CASTIELLO YERBA MATE 250GR","PCS","OUT","7798013335525","42.55"
"6006370","ALICAFE CLASSIC 3 IN 1 INSTANT 20G 26S","SIZE-1","OFFER","9555021503166","31.337040000000002"
"6006372","ALICAFE SIGNATURE FRENCH ROAST 25GM 24S","SIZE-1","OFFER","9555021508765","34.442499999999995"
"6006374","ALICAFE FRENCH ROAST CAPPUCCINO 13GM","SIZE-1","OFFER","9555021508093","30.992500000000003"
"6006375","ALICAFE FRENCH ROAST SALT CARAMEL 20GM","SIZE-1","OFFER","9555021504606","31.625000000000004"
"6006376","ALICAFE FRENCH ROASTSKINY LATTE 14.5GM","SIZE-1","OFFER","9555021510386","18.68727"
"6006410","MAGGI 2-MINN TOM YAM 80G","PCS","OUT","9556001274069","12.592499999999998"
"6006411","MAGGI SOUP HOT & SOUR LE 60G","PCS","OUT","6294003589950","56.3385"
"6006412","MAGGI SOUP ONION 12X65G","PCS","OUT","6294003589929","90.5625"
"6006426","NESCAFE 3IN1 SPANISH LATTE 16GM","PCS","OUT","6294003590345","27.023849999999996"
"6006431","MAGGI®  MIX BECHAMEL 80G","PCS","OUT","6294003588083","95.7375"
"6006434","MAGGI® JUICY CHICKEN COR-GAR-LEM 34GM","PCS","OUT","6294003587932","91.42500000000001"
"6006442","MAGGI SOUP FREEKEH AND ONION 75GM","PCS","OUT","6294003589165","101.2"
"6006443","MAGGI SOUP QUINOA LENTIL&BEAN 75GM","PCS","OUT","6294003589196","98.61250000000001"
"6006555","SHEET PROTECTOR","PCS","OUT","6971087251064","114.99988499999999"
"6006718","INDOMIE SPICY CURRY FRIED NOODLES 90G","PCS","SIZE-1","8994963002251","2.875115"
"6006727","LUSINE RED VELVET MUFFIN 60GM","PCS","OUT","6281007059190","22.425"
"6006771","AMERICANA  NUTTY COOKIES BUTTER 90G","PCS","OUT","6281033253319","32.1425"
"6006772","AMERICANA  NUTTY COOKIES CASHEW 90G","PCS","OUT","6281033253326","20.688499999999998"
"6006773","AMERICANA  NUTTY COOKIES ALMOND&PIST 90G","PCS","OUT","6281033253333","17.536579999999997"
"6006774","AM CAKES T&J CUP CAKE STARWBERRY 35G","PCS","OUT","6281033270842","16.9625"
"6006775","AM CAKES T&J CUP CAKE CHOCLATE 35G","PCS","OUT","6281033270859","20.7"
"6006776","AM SANDICH CAKE CHOCO-BATMAN  35G","PCS","OUT","6281033271641","16.9625"
"6006777","AM SANDICH CAKE VANILA SUPRMAN 35G","PCS","OUT","6281033271634","16.9625"
"6006826","HEINZ  RICH THOSAND ISLAND 400ML","PCS","OFFER","6290090018489","23.2875"
"6006827","HEINZ  DRESSING CEASER SALAD TD 400ML","PCS","OFFER","6290090018472","26.7375"
"6006844","MAI AL WATANIA WATER 1.5 LT","PCS","OUT","6616738502057","4.6000000000000005"
"6006853","CHEETOS CURLS FH 016GX020X5 MP","PCS","OUT","6281036010070","10.177385"
"6006870","MAI AL WATANIA WATER 500ML","PCS","OUT","6616738502033","4.6000000000000005"
"6006874","MAI AL WATANIA MINERAL WATER 250 ML","PCS","OUT","6616738502071","4.6000000000000005"
"6006961","GALAXY MILK 30GM","PCS","OUT","6221134005103","114.98849999999999"
"6006961","GALAXY MILK 30GM","PCS","OUT","6221134030259","114.98849999999999"
"6006963","GALAXY HAZELNUT 36GM","PCS","OUT","6221134005127","106.8925"
"6006964","GALAXY MILK 80G","PCS","OUT","6294001830023","126.50000000000001"
"6006980","NESCAFE GOLD CAPPUCINO SWT 10(10X17G) XA","PCS","OUT","6294003591328","35.361695000000005"
"6006981","NESCAFE GOLD CAPP UNSWT 10(10X14.2G) XA","PCS","OUT","6294003591205","35.36135"
"6006982","NESCAFE GOLD LATTE 10(10X19.5G) XA","PCS","OUT","6294003591298","35.361695000000005"
"6006983","NESCAFE GOLD DBL MOCHA 10(10X23G)XA","PCS","OUT","6294003591267","35.361695000000005"
"6006984","NESCAFE GOLD VANILLA 10(10X18.5G)","PCS","OUT","6294003591359","35.361695000000005"
"6007003","GALAXY FRUIT&NUT 36GM","PCS","OUT","6294001826576","113.5625"
"6007037","LE CHEF COOKING POT 6PCS GRANITE SET","PCS","SIZE-2","3030000000183","83.0875"
"6007038","LE CHEF COOKING POT 10PCS GRANITE SET","PCS","SIZE-4","3030000000190","37.95"
"6007102","GEST EXERCISE BOOK 4 LINE 100 PAGES","PCS","OUT","3030000000249","15.525"
"6007113","HIGHLIGHTER LT 708","PCS","OUT","6922139470308","9.200000000000001"
"6007117","DELI THINK 1.5-5MM BLACK","PCS","OUT","6921734941145","16.674999999999997"
"6007147","STARBURST VERY BERRY 45GM","PCS","OUT","4009900506618","95.7375"
"6007148","SKITTLES  COATED CHEWY SMOOTHIES 174GM","PCS","OUT","4009900531566","184.000115"
"6007149","STARBURST SRAWBERRY BUBBLE GUM","PCS","OUT","8902433000195","25.586925"
"6007152","LAYS CHIPS FH 14GR","PCS","OUT","6281036001931","15.525"
"6007154","LAYS CHIPS FH 80GM","PCS","CTN","6281036002099","68.1375"
"6007166","LUX BAR CAMELIA&ALOEVERA 120GM","PCS","OUT","6281006518315","22.1375"
"6007168","LUX BAR FIG EXTRACT GERANIUM OIL 120GM","PCS","OUT","6281006518339","22.1375"
"6007169","LUX BAR FIG EXTRACT GERANIUM OIL 170GM","PCS","OUT","6281006518360","29.6125"
"6007170","LUX BAR LOTUS &HONEY 170GM","PCS","OUT","6281006518353","29.900000000000002"
"6007171","LUX BAR CAMELIA&ALOEVERA 170GM","PCS","OUT","6281006518346","29.6125"
"6007300","SKITTLES  COATED CHEWY SMOOTHIES 38GM","PCS","OUT","4009900532310","47.4375"
"6007301","ALMARAI APPLE JUICE 140ML","PCS","OUT","6281007054942","10.0625"
"6007302","ALMARAI ORANGE JUICE 140ML","PCS","OUT","6281007054973","10.0625"
"6007303","ALMARAI MANGO JUICE 140ML","PCS","OUT","6281007055901","10.0625"
"6007303","ALMARAI MANGO JUICE 140ML","PCS","CTN","6281007055895","30.762500000000003"
"6007327","ENO PACKET FRUIT SALT INDIA 5GM","PCS","OUT","018653002852","18.400000000000002"
"6007327","ENO PACKET FRUIT SALT INDIA 5GM","PCS","OUT","018653002883","18.400000000000002"
"6007369","DUBAI TAILORING TAPE","PCS","OUT","6959912310865","40.25"
"6007481","PSI EXERCISE BOOK 2 100PAGES","PCS","OUT","3030000000251","10.35"
"6007498","CLEAR TAPE 30Y","PCS","SIZE-1","3030000000254","1.1500000000000001"
"6007523","NESCAFE 3 IN 1 HAZELNUT 17GM","PCS","OUT","6294003592776","20.987614999999998"
"6007579","ALOKOZAY ENERGY DRINK 250ML","PCS","OUT","6291101135577","40.1925"
"6007580","ALOKOZAY COLA 150ML","PCS","OUT","6291101135591","14.938500000000001"
"6007581","ALOKOZAY MAGIC 150ML","PCS","OUT","6291101136154","14.938500000000001"
"6007582","ALOKOZAY WOW 150ML","PCS","OUT","6291101136215","14.938500000000001"
"6007583","ALOKOZAY BREEZE 150ML","PCS","OUT","6291101135560","14.938500000000001"
"6007584","ALOKOZAY COLA 355ML","PCS","OUT","6291101135485","18.6875"
"6007585","ALOKOZAY MAGIC 355ML","PCS","OUT","6291101136185","18.6875"
"6007586","ALOKOZAY WOW 355ML","PCS","OUT","6291101136246","18.6875"
"6007587","ALOKOZAY BREEZE 355ML","PCS","OUT","6291101136291","18.6875"
"6007596","AL AIN FARMS PET DRINKING WATER 1.5LTR","PCS","OUT","6291056001699","8.337499999999999"
"6007597","AL AIN FARMS PET DRINKING WATER 500ML","PCS","OUT","6291056001705","8.337499999999999"
"6007598","AL AIN FARMS PET DRINKING WATER 330ML","PCS","OUT","6291056001712","7.4750000000000005"
"6007609","CAFERITE COFFEE MIX 3IN 1 15GM","PCS","OUT","8887290400374","9.77477"
"6007622","AMC HERSHEYS CHOC CHIP ORIGINAL 4X100GM","PCS-2","OUT","6281033000050","9.1885"
"6007622","AMC HERSHEYS CHOC CHIP ORIGINAL 4X100GM","PCS-2","OFFER","6281033453511","15.812500000000002"
"6007624","AMC HERSHEYS CHOCCHIP COOKI CHOCO 4X100G","PCS-2","OUT","6281033000067","9.1885"
"6007624","AMC HERSHEYS CHOCCHIP COOKI CHOCO 4X100G","PCS-2","OFFER","6281033453528","15.812500000000002"
"6007637","LOTTE CHOCO PIE 28GR","PCS","OUT","8801062168279","7.76181"
"6007649","SEHA FINEST TAHINA 600GM","PCS","OFFER","6297000122007","43.125"
"6007656","MAI DUBAI ALKALINE ZERO SODIUM 1.5LTR","PCS","OUT","6297000611563","14.6625"
"6007657","MAI DUBAI ALKALINE ZERO SODIUM 500ML","PCS","OUT","6297000611556","14.6625"
"6007658","MAI DUBAI ALKALINE ZERO SODIUM 330ML","PCS","OUT","6297000611549","14.6625"
"6007724","GOLD FLASK SET SILVER","PCS","SIZE-3","3030000000209","22.99931"
"6007724","GOLD FLASK SET SILVER","PCS","SIZE-2","3030000000208","34.499539999999996"
"6007724","GOLD FLASK SET SILVER","PCS","SIZE-1","3030000000207","44.85"
"6007725","GOLD FLASK SET GOLD","PCS","SIZE-2","3030000000211","47.724999999999994"
"6007725","GOLD FLASK SET GOLD","PCS","SIZE-1","3030000000210","55.19965499999999"
"6007736","NEW TURPUFF PIPE FILTER","PCS","SIZE-1","6941803975758","8.05"
"6007736","NEW TURPUFF PIPE FILTER","PCS","SIZE-1","6941803976809","8.05"
"6007736","NEW TURPUFF PIPE FILTER","PCS","SIZE-1","6941803976830","8.05"
"6007777","PINAR PROCESSED CREAM CHEESE 2X500G","PCS","PCS-2","3030000000514","13.7885"
"6007778","PINAR PROCESSED CHEDER CHEESE 2X500G","PCS-2","OFFER","6291108340240","27.3125"
"6007973","OREO WAFER 14.2GM","PCS","OUT","7622210605238","14.94885"
"6007974","CADBURY CAKE 24GM","PCS","OUT","7622210969668","16.3875"
"6007975","CADBURY HOT COCOA 3IN 1 30GM","PCS","OUT","7622210870339","36.800000000000004"
"6007976","HALLS STRAWBERRY 25.2GM","PCS","OUT","7622210765536","22.711925"
"6007977","HALLS FRESH LIME 25.2GM","PCS","OUT","7622210870254","22.711925"
"6007978","CADBURY CURLY WURLY 26GM","PCS","OUT","7622210328601","117.87499999999999"
"6007979","CADBURY TWIRL 43GM","PCS","OUT","5000312103210","109.53750000000001"
"6008018","JELLY BALLS 32GR FLOW PACK","PCS","OUT","8680122402733","40.82442499999999"
"6008031","SUGABEE BUBLE GUM STRAWBERRY JAR 1200GM","PCS","SIZE-1","3030000000216","1.14954"
"6008032","3D FOOTBAL LOLIPOP 1500GM","PCS","SIZE-1","3030000000217","1.14954"
"6008034","SUGABEE YOGHURT LOLIPOP 1600GM","PCS","SIZE-1","3030000000218","1.14954"
"6008124","SAFIO UHT MILK 125ML BANANA","PCS","SIZE-1","6281022149531","6.3273"
"6008125","SAFIO UHT MILK 125ML CHOCOLATE","PCS","SIZE-1","6281022149548","6.3273"
"6008126","SAFIO UHT MILK 125ML STARWBERRY","PCS","SIZE-1","6281022149555","6.3273"
"6008127","SAFIO UHT MILK 125ML VANILLA","PCS","SIZE-1","6281022149562","6.3273"
"6008133","SAFIO UHT MILK 1L","PCS","OUT","6281022180336","16.0885"
"6008134","SAFIO UHT MILK 1L LF","PCS","OUT","6281022180343","15.524885000000001"
"6008221","ETI WAFEUP EXTRA CAPPUCCINO CREAM 29GR","PCS","OUT","8690526655765","49.449999999999996"
"6008222","ETI  WAFEUP CHOCO WAFER 34GR","PCS","OUT","8690526669137","39.10011500000001"
"6008223","BAZOOKA RATTLERZ FRUITY HEWY CANDIES 40G","PCS","OUT","5011053023590","65.55"
"6008224","BAZOOKA RATTLERZ SOUR HEWY CANDIES 40G","PCS","OUT","5011053023620","65.55"
"6008225","BAZOOKA RATTLERZ FRUIT CHEW CANDIES 120G","PCS","OUT","5011053023538","101.4875"
"6008226","BAZOOKA RATTLERZ SOUR CHEWY CANDIES 120G","PCS","OUT","5011053023569","97.75"
"6008287","EMIRATES DRINKING WATER 1.5L","PCS","OUT","6291100300143","6.0375"
"6008288","TORTINA TRIPLE DARK 21GR","PCS","OUT","8000380192823","77.625"
"6008290","EMIRATES DRINKING WATER 500ML","PCS","OUT","6291100300136","11.2125"
"6008312","UHT MILK LACTO FREE 1LTR","PCS","OUT","6281018132066","34.2125"
"6008402","HALAWA PLAIN","KG","5KG","6008402","143.75"
"6008414","NESCAFE 3IN 1 MOCHA 21GM","PCS","OUT","6294003592714","21.275"
"6008474","JUNIOR MINI CROISSANT HAZELNUT 32GM","PCS","OUT","6287003070146","16.674425"
"6008475","JUNIOR MINI CROISSANT CHOCLATE 32GM","PCS","OUT2","6287003071570","16.674999999999997"
"6008475","JUNIOR MINI CROISSANT CHOCLATE 32GM","PCS","OUT","6287003070054","19.4925"
"6008502","HUMANA MILK PUDDING SEMOLINA BISCUT 100G","PCS","OUT","4031244710499","108.675"
"6008503","HUMANA MILK PUDDING VANILLA 100G","PCS","OUT","4031244710529","108.675"
"6008504","HUMANA MILK PUDDING PEACH 100G","PCS","OUT","4031244103703","108.675"
"6008505","HUMANA MILK PUDDING BANANA 100G","PCS","OUT","4031244710598","108.675"
"6008626","AFIA CORN OIL 2X1.5L PRICE OFF","PCS-2","OFFER","5023659209469","56.0625"
"6008626","AFIA CORN OIL 2X1.5L PRICE OFF","PCS-2","OFFER","5023659210779","56.0625"
"6008626","AFIA CORN OIL 2X1.5L PRICE OFF","PCS-2","CTN","3030000000579","167.9"
"6008627","AFIA SUNFLOWER OIL 2X1.5L PRICE OFF","PCS-2","OFFER","5023659209490","45.9885"
"6008627","AFIA SUNFLOWER OIL 2X1.5L PRICE OFF","PCS-2","OFFER","5023659210731","45.9885"
"6008630","NESCAFE 3 IN 1 ICE COFFEE BOX 20G","PCS","OUT","6294003592684","21.562385"
"6008632","NESCAFE GOLD CARAMEL LATTE","PCS","OUT","6294003591236","35.361695000000005"
"6008639","MAGGI SAFFRON STOCK 20GM","PCS","OUT","6294003596620","32.775"
"6008653","G HORSE TEA CUP 5042","PCS","OUT","6953440511602","13.799309999999998"
"6008655","G HORSE TEA CUP 5033","PCS","OUT","6953440510452","16.099655000000002"
"6008655","G HORSE TEA CUP 5033","PCS","OUT","6953440510643","16.099655000000002"
"6008671","OPTI TECH DISPOSABLE  KAROHAT MASK 50PC","PCS","SIZE-1","6902860346363","13.799309999999998"
"6008684","MCVITIES DARK COOKIE CREAMS 63GM","PCS","SIZE-1","6223003803902","2.011695"
"6008919","LUNA TOMATO PASTE TETRA PACK 135GM","PCS","OUT","6281020295636","16.9625"
"6008933","MAGGI 2MIN HOT&SPICY 78GM","PCS","OUT","9556001280060","9.200000000000001"
"6008985","MAI DUBAI ALKALINE ZERO SODIUM 200ML","PCS","OUT","6297000611631","27.5425"
"6008986","MAI DUBAI KIDS WATER TOM&JERRY 330ML","PCS","OUT","6297000611600","12.9375"
"6008989","MAI DUBAI KIDS WATER TOM&JERRY 200ML","PCS","OUT","6297000611617","24.724999999999998"
"6009007","HARPIC LIQ PPL ORIGINAL 750ML 2+1 FREE","PCS","OFFER","6001106298340","44.5625"
"6009007","HARPIC LIQ PPL ORIGINAL 750ML 2+1 FREE","PCS","OFFER","6295120009925","44.5625"
"6009078","HEALTH BY NATURE HONEY LEMON TEA 1 0GM","PCS","SIZE-1","9555498703120","2.0125"
"6009079","HEALTH BY NATURE MATCHA LATTE TEA 20GM","PCS","SIZE-1","9555498703168","2.3000000000000003"
"6009080","HEALTH BY NATURE HONEY GINGER TEA 10GM","PCS","SIZE-1","9555498703144","2.2885"
"6009081","HEALTH BY NATURE LEMON GINGER TEA 10GM","PCS","SIZE-1","9555498703137","2.0125"
"6009083","ALICAFE CLASSIC 3IN 1 INSTANT TEA 30X20G","PCS","OUT","9555021505825","45.425000000000004"
"6009084","ALICAFE ITALIAN ROAST 16.5GM","PCS","OUT","9555021512571","29.6125"
"6009256","ULKER BISKREM BISC 54G","PCS","OUT","6281100354017","57.787499999999994"
"6009262","PALAZI TWIST LONG MELLOW 20GM","PCS","OUT","6950580400339","21.5625"
"6009262","PALAZI TWIST LONG MELLOW 20GM","PCS","OUT","6950580400667","21.5625"
"6009263","LEAF TUTTI FRUITI ORIGINAL 18GM","PCS","OUT","8013399068508","58.65"
"6009264","ORION CHOCOPIE DOUBLE 12P","PCS","OUT","8936036025873","20.125"
"6009271","SD YUMMY GUMMY SOUR PENCIL 80GM","PCS","OUT","8693323831202","67.85"
"6009272","SD YUMMY GUMMY SOURBELT 100GM","PCS","OUT","8698644468274","65.55"
"6009273","SANTOS CAPPUCCINO 25GM","PCS","OUT","8991002113510","39.675"
"6009282","GALAXY MILK CHOC&ORANGE 36G","PCS","OUT","6294001830566","78.198965"
"6009283","GALAXY MILK CHOC&COCONUT 36G","PCS","OUT","6294001830597","113.5625"
"6009284","TWIX TWIN SALTED CARAMEL 46GM","PCS","OUT","6221134009002","95.44999999999999"
"6009285","TWIX TWIN CARAMEL CRUNCH 46GM","PCS","OUT","6221134009057","73.02476999999999"
"6009286","M&M PEANUT BLOCK 165GM","PCS","OUT","5000159533621","235.46249999999998"
"6009287","M&M CHOCO BLOCK 165GM","PCS","OUT","5900951288289","235.46249999999998"
"6009289","GALAXY KENZ ALMOND 90GM","PCS","OUT","4606720010556","170.77431"
"6009290","GALAXY KENZ 55% 90GM","PCS","OUT","4606720010525","170.77431"
"6009297","7 UP 330ML","PCS","OUT","012000810473","17.2615"
"6009298","7 UP FREE 330ML","PCS","OUT","012000810435","17.2523"
"6009333","DELITE CHEESE 5X120GM","PCS","PCS-2","6291034162886","2.2885"
"6009342","U WATER SHRINK 12X500ML","PCS","OUT","6291034002366","5.7385"
"6009384","UNIBALL EYE PEN","PCS","OFFER","6281073990397","18.1125"
"6009397","PSI EXERCISE BOOK PLAIN 100 PAGES","PCS","OUT","3030000000250","10.2925"
"6009464","METRO FACIAL TISSUE 150 SHEETS","PCS","OUT","6291046002644","15.2375"
"6009465","METRO FACIAL TISSUE 200 SHEETS","PCS","OUT","6291046001579","18.400000000000002"
"6009538","FITNESS BISCUITS APPLE & CINAMON 30GM","PCS","OUT","6221007031710","18.1125"
"6009539","FITNESS BISCUITS PLAIN 30GM","PCS","OUT","6221007032076","12.937155000000002"
"6009542","NESTLE CAPPUCCINO FOAMY 19.3GM","PCS","OUT","6294003598761","13.799999999999999"
"6009542","NESTLE CAPPUCCINO FOAMY 19.3GM","PCS","OUT2","6294003598310","62.9625"
"6009543","NESTLE CAPPUCCINO LATTE 19GM","PCS","OUT","6294003598792","14.0875"
"6009616","DOR FLAMINHOT 23GM","PCS","OUT","6281036008381","15.524885000000001"
"6009682","WHITE MEAT TUNA WATER 170GM","PCS","OUT","6294010703318","30.992500000000003"
"6009683","WHITE MEAT TUNA OLIVE OIL 170GM","PCS","OUT","6294010703325","33.637499999999996"
"6009684","WHITE MEAT TUNA SUNFLOWER OIL 170GM","PCS","OUT","6294010703332","30.992500000000003"
"6009685","YWLLOWFIN TUNA WATER 170GM","PCS","OUT","6294010703349","25.3"
"6009686","YWLLOWFIN TUNA OLIVE OIL170GM","PCS","OUT","6294010703356","28.175"
"6009687","YWLLOWFIN TUNA SUNFLOWER OIL170GM","PCS","OUT","6294010703363","23"
"6009688","SKIP JACK TUNA SUNFLOWER OIL170GM","PCS","OUT","6294010703370","23.2875"
"6009689","PASTA SAUCE SPICY 360GM","PCS","OUT","6294010701864","16.1"
"6009690","PASTA SAUCE OILVE 360GM","PCS","OUT","6294010701871","16.1"
"6009691","PASTA SAUCE PLAIN 360GM","PCS","OUT","6294010701857","15.812500000000002"
"6009692","CANNED SARDINE IN S/F OIL 125GM","PCS","OUT","6294010703448","22.9425"
"6009693","CANNED SARDINE IN S/F OIL W/CHILLY 125GM","PCS","OUT","6294010703455","22.9425"
"6009694","CANNED SARDINE IN S/F OIL W/LEMON 125GM","PCS","OUT","6294010703479","22.9425"
"6009709","NESTLE CRUNCH WHITE CHOCLATE 33GM","PCS","OUT","7613287120175","56.925"
"6009710","NESTLE BITTER WAFER 30.5GM","PCS","OUT","7613287116550","27.3125"
"6009711","NESTLE MILKY HZN WAFER 33GM","PCS","OUT","7613287116529","33.925"
"6009712","NESTLE MILKY WAFER 30.5GM","PCS","OUT","7613287116581","27.3125"
"6009713","KITKAT CLASSIC TABLET 120GM","PCS","OUT","59800510202","120.4625"
"6009714","KITKAT HAZELNUT CRUNCH TABLET 120GM","PCS","OUT","59800510226","137.7125"
"6009715","KITKAT CRAMEL CRISP TABLET 120GM","PCS","OUT","59800510196","137.7125"
"6009717","NESTLE CHEERIOS  HONEY CERBR 22GM","PCS","OUT","590002003763","20.987614999999998"
"6009717","NESTLE CHEERIOS  HONEY CERBR 22GM","PCS","OUT","5900020037633","20.987614999999998"
"6009723","MAGGI  SOUP CHICKEN ORZO 70GM","PCS","OUT","6294003598709","55.4875"
"6009724","MAGGI SOUP MEXICAN CORN LE 70GM","PCS","OUT","6294003598730","55.4875"
"6009748","CHUPA CHUPS EXTRUDED INI TUBES POUCH 24GM","PCS","OUT","8901393020588","38.8125"
"6009749","CHUPA CHUPS EXTRUDED INI TUBE BAG 85GM","PCS","OUT","8901393020571","80.2125"
"6009750","MENTOS GUM BTL PEPPERMINT 38PC","PCS","OUT","8935001725589","62.675000000000004"
"6009759","PEPSI DIET CAN 330ML","PCS","OUT","012000811043","18.975"
"6009848","BD BAMBI PANT XLG JUMBO 44","PCS","OFFER","6281017355275","79.35"
"6009849","BD BAMBI PANT XXL JUMBO 40","PCS","OFFER","6281017355282","62.387499999999996"
"6009850","PEPSI SOFT DRINK  CAN 330ML","PCS","OUT","012000811005","19.538615000000004"
"6009997","PANZANI SPAGETTI 400GM","PCS","OFFER","3038296677825","20.125"
"6010000232","IMAN COOKING SET NON STICK","SIZE-1","SIZE-2","3030000000076","48.87477"
"6010000232","IMAN COOKING SET NON STICK","SIZE-1","SIZE-3","3030000000077","71.87407999999999"
"6010000232","IMAN COOKING SET NON STICK","SIZE-1","SIZE-4","3030000000078","91.424655"
"6010000232","IMAN COOKING SET NON STICK","SIZE-1","SIZE-5","3030000000079","109.24976999999998"
"6010000232","IMAN COOKING SET NON STICK","SIZE-1","SET","6292817191604","373.74539999999996"
"6010023","KIT KAT CHUNKY LOTUS 41.5GM","PCS","OUT","6294003597856","127.3625"
"6010027","MAGGI CHICKEN LOW SALT 20GM","PCS","OUT","6294003597795","24.724999999999998"
"6010028","MAGGI VEG BOUILLON 20GM","PCS","OUT","6294003597825","25.2425"
"6010029","NESCAFE 3IN 1 MOCHA ICE  25GM","PCS","OUT","6294003598440","31.625000000000004"
"6010030","NESCAFE SALTED CARAMEL ICE 25GM","PCS","OUT","6294003598389","31.625000000000004"
"6010031","NESCAFE ICE CLASSIC 25GM","PCS","OUT","6294003597627","31.625000000000004"
"6010032","7 DAYS BAKE ROLLS CHILI 36G","PCS","OUT","6281007058070","21.275"
"6010033","7 DAYS BAKE ROLLS PIZZA 36G","PCS","OUT","6281007058087","21.275"
"6010034","7 DAYS BAKE ROLLS ZAATAR 36G","PCS","OUT","6281007058094","21.275"
"6010126","FERRERO KINDER HAPPY HIPPO 104G","PCS","SIZE-1","80176732","3.1625"
"6010164","AL SAFI BLUE JAR CHEESE 2X500G PROMO","PCS-2","OFFER","6281022167733","19.538615000000004"
"6010167","SAFIO 150ML CHOCOLATE","PCS","CTN","6281022149470","26.7375"
"6010168","SAFIO 150ML STRAWBERRY","PCS","OUT","6281022149654","8.625"
"6010168","SAFIO 150ML STRAWBERRY","PCS","CTN","6281022149487","25.875"
"6010169","SAFIO 150ML BANANA","PCS","OUT","6281022149661","7.4750000000000005"
"6010169","SAFIO 150ML BANANA","PCS","CTN","6281022150643","26.7375"
"6010170","SAFIO 150ML VANILLA","PCS","OUT","6281022149678","10.0625"
"6010170","SAFIO 150ML VANILLA","PCS","CTN","6281022149494","29.900000000000002"
"6010194","ALMARAI CUSTARD CHOCOLATE 85GR","PCS","OUT","6281007072052","9.4875"
"6010195","ALMARAI CUSTARD VANILLA 85G","PCS","OUT","6281007072045","9.775"
"6010298","SMAC GREASE REMOVER LEMON 2X650ML 35%OFF","PCS","OFFER","6666105653592","26.438499999999998"
"6010312","SEARA CHICKEN GRILLER 1000GM","PCS","CTN","3030000000501","213.88850000000002"
"6010312","SEARA CHICKEN GRILLER 1000GM","PCS","CTN","6291101329006","213.88850000000002"
"6010366","MAGGI TOMATO AND VEG 10X70GM","PCS","OUT","6294017100455","55.199999999999996"
"6010367","MAGGI SOUP BARLEY LENTIL&VEG 75GM","PCS","OUT","6294003598679","98.61250000000001"
"6010378","AL AREESH CHICKEN BURGER POLY BAG 1KG","PCS","OFFER","6290360340340","28.175"
"6010435","C.GARDEN SWEET CORN IN BRINE 400GM","PCS","CTN","3030000001178","225.4"
"6010441","KLEENEX DAILY CARE 6X170S @50% OFFF","PCS","OFFER","6085015560088","25.587500000000002"
"6010441","KLEENEX DAILY CARE 6X170S @50% OFFF","PCS","OFFER","6281002508884","25.587500000000002"
"6010633","THE FINEST FACIAL TISSUE CLASIC 200X2PLY","PCS","OUT","8901444149510","17.825"
"6010646","CUP CAKE FAMILY VANILLA SINGLES 30GM","PCS","OUT","6281100361787","11.5"
"6010649","DATE MAAMOUL OUTER 21GM","PCS","OUT","6281100361589","7.4750000000000005"
"6010652","GULFA MINERAL WATER 1.5LTR","PCS","OUT","5023659920203","9.775"
"6010653","GULFA MINERAL WATER 500ML","PCS","OUT","6291107891088","9.775"
"6010752","PREDATOR ENERGY DRINK 250ML CAN","PCS","OUT","5060608749614","132.25"
"6010757","SAFA LABAN UP FIG&HONEY 200ML","PCS","OUT","6291016005620","8.6135"
"6010758","SAFA LABAN UP LEMON LIME 200ML","PCS","OUT","6291016005651","9.1425"
"6010776","POKKA VITAENE D 240ML","PCS","OUT","5437550091045","28.175"
"6010781","MAGGI TOMATO STOCK 20GM","PCS","OUT","6294003596651","20.125"
"6010784","NESTLE TOLA BITES BAG 8GM","PCS","OUT","6294017101117","11.4885"
"6010785","NESTLE TOLA CARAMEL CHOCO 31GM","PCS","OUT","6294003544805","60.375"
"6010787","POLO MINT ROLL 15G","PCS","OUT","8901058890686","14.375"
"6010791","NESTLE FITNESS TOASTIS OLIVE&OREG 36GM","PCS","OUT","6221007033875","41.975"
"6010797","ALMARAI MIXED FRUIT JUICE 140ML","PCS","OUT","6281007057776","10.0625"
"6010797","ALMARAI MIXED FRUIT JUICE 140ML","PCS","CTN","6281007057769","30.1875"
"6010819","YERGAT GRAPE LEAVES 454GMS","PCS","CTN","3030000000898","517.5"
"6010829","CAPRISUN ORANGE JUICE 200ML","PCS","OUT","6291105811200","14.938500000000001"
"6010829","CAPRISUN ORANGE JUICE 200ML","PCS","OUT","6297001059791","14.938500000000001"
"6010829","CAPRISUN ORANGE JUICE 200ML","PCS","OUT","6298044096378","14.938500000000001"
"6010830","CAPRISON FC MANGO JUICE 200ML","PCS","OUT","6291105811194","14.938500000000001"
"6010830","CAPRISON FC MANGO JUICE 200ML","PCS","OUT","6297001059807","14.938500000000001"
"6010830","CAPRISON FC MANGO JUICE 200ML","PCS","OUT","6298044096361","14.938500000000001"
"6010831","CAPRISON FC STRAWBERRY JUICE 200ML","PCS","OUT","6291105811217","14.938500000000001"
"6010831","CAPRISON FC STRAWBERRY JUICE 200ML","PCS","OUT","6297001059814","14.938500000000001"
"6010831","CAPRISON FC STRAWBERRY JUICE 200ML","PCS","OUT","6298044096385","14.938500000000001"
"6010866","SEARA CHICKEN GRILLER PROMO 2X1100GM","PCS-2","OFFER","6291079255024","47.15"
"6010866","SEARA CHICKEN GRILLER PROMO 2X1100GM","PCS-2","CTN","3030000000880","205.85"
"6010934","KIT KAT WHITE 4 FINGER 41.5GM","PCS","OUT","7613287527615","83.8925"
"6011018","7 DAYS SWISS ROLL DOIUBLE VANILLA 12X20G","SIZE-1","OUT","6281007059831","10.925"
"6011022","COLGATE TOOTH PASTE- 4X75ML@35% OFF","PCS-2","PCS-3","6281001101215","3.4385000000000003"
"6011022","COLGATE TOOTH PASTE- 4X75ML@35% OFF","PCS-2","OFFER","6281001820031","13.799999999999999"
"6011022","COLGATE TOOTH PASTE- 4X75ML@35% OFF","PCS-2","CTN","3030000000584","164.45"
"6011049","MR.KRISPS CHEEZOS SMALL15GM","PCS","OUT","6291028003744","18.975"
"6011051","NFI EMIRATES POFAKI 12GM","PCS","OUT","6291028001016","17.25"
"6011052","DUBAI POPCORN SALT 20GM","PCS","OUT","0647409780586","18.6875"
"6011089","MR.CURRY 15GMS","PCS","OUT","6291028003041","18.400000000000002"
"6011090","MR.NATURAL 15GMS","PCS","OUT","6291028002020","18.1125"
"6011091","MR.PIZZA TORTILLA 15GMS","PCS","OUT","6291028001061","18.3425"
"6011092","MR.RINGS 15GMS","PCS","OUT","6291028001429","18.6875"
"6011093","MR.TOMATO 15GMS","PCS","OUT","6291028004031","18.1125"
"6011102","BISCUIT FILLED WITH CHOCOLATE HAZELNUT","PCS","OUT","0308175533225","75.899885"
"6011103","BISCUIT FILLED WITH MILKY CHOCOLATE","PCS","OUT","0308175533270","75.9"
"6011104","BISCUIT FILLED WITH RED VELVET","PCS","OUT","0308175533287","75.9"
"6011177","GARDENIA FACIAL TISSUE 150X2PLY","PCS","OUT","6291103407610","14.6625"
"6011182","GARDENIA FACIAL TISSUE  400X1PLY","PCS","OUT","6291103407191","15.2375"
"6011191","TEEN SPRT PINK CRUSH 65.2@20% OF","PCS","OFFER","6281001819806","15.812500000000002"
"6011192","COLGATE LSS ORCHRD BLOSSOM 65.2GM@20% OF","PCS","OFFER","6281001813828","15.812500000000002"
"6011194","COLGATE TSS SWEET STRWBRY 65.2GM@20% OFF","PCS","OFFER","6281001819813","15.812500000000002"
"6011205","MASK LOOP","PCS","OUT","3030000000246","14.6625"
"6011212","AHMED VERMECILLI  150GM","PCS","OUT","054529509063","12.592499999999998"
"6011252","SPRITE ZERO CANS 330ML","PCS","OUT","5449000116093","17.25"
"6011279","MAGGI  SOUP CHICKEN 70GM","PCS","OUT","6294017104453","56.292500000000004"
"6011287","NESTLE MILKY HZN WAFER 31GM","PCS","OUT","7613287549495","33.062615"
"6011288","NESTLE MILKY WAFER 28GM","PCS","OUT","7613287550507","26.3925"
"6011289","MAGGI  SOUP CHICKEN NOODLE 60GM","PCS","OUT","6294003589066","68.94250000000001"
"6011320","MR CHIPS CHILL 26GM","PCS","OUT","6251036017423","16.9625"
"6011322","MR CHIPS SALT V 26GM","PCS","OUT","6251036017416","16.3875"
"6011323","MR CHIPS PAPRIKA 26GM","PCS","OUT","6251036017409","16.9625"
"6011324","MR CHIPS SALT 26GM","PCS","OUT","6251036017393","16.9625"
"6011329","MR CHIPS POP CORN 16GM","PCS","OUT","6251036017119","14.375"
"6011330","MR CHIPS PIZZA CORN 20GM","PCS","OUT","6251036006014","25.587500000000002"
"6011331","MR CHIPS DISCO 20GM","PCS","OUT","6251036015078","15.525"
"6011332","MR CHIPS CROCODILE 20GM","PCS","OUT","6251036006021","16.3875"
"6011333","MR CHIPS SNACK MIX  PAPRIKA 26GM","PCS","OUT","6251036017539","18.975"
"6011349","BRITANNIA  CAKE STRAWBERRY MUFFILS 60GM","SIZE-1","OUT","6291007907551","25.587500000000002"
"6011355","BRITANNIA DATE ROLLS 67.5GM","PCS","OUT","8901063151109","15.812500000000002"
"6011429","COCA COLA SOFT DRIINK 2X1.48LTR","PCS","OFFER","5000112654431","11.4885"
"6011488","STAPLES PIN KANGARO","PCS","OUT","18901057500668","30.992500000000003"
"6011497","BALLPEN CLARO","PCS","OUT","8907016033737","28.75"
"6011497","BALLPEN CLARO","PCS","OUT","8907016033768","28.75"
"6011507","BALLPEN BLACK CLARO","PCS","OUT","8907016036417","21.275"
"6011508","BALLPEN PEN CLARO BLACK","PCS","OUT","8907016028030","27.5425"
"6011508","BALLPEN PEN CLARO BLACK","PCS","OUT","8907016041480","27.5425"
"6011509","BLACK PEN CLARO","PCS","OUT","6921734946027","12.075"
"6011509","BLACK PEN CLARO","PCS","OUT","6921734946041","12.075"
"6011509","BLACK PEN CLARO","PCS","OUT","8907016013807","12.075"
"6011509","BLACK PEN CLARO","PCS","OUT","8907016013821","12.075"
"6011510","PEN CLARO VERTU","PCS","OUT","8907016037117","18.1125"
"6011510","PEN CLARO VERTU","PCS","OUT","8907016041442","18.1125"
"6011510","PEN CLARO VERTU","PCS","OUT","8907016041459","18.1125"
"6011534","7 DAYS BAKE ROLL CHEESE 36G","PCS","OUT","6281007059442","22.1375"
"6011535","LUSINE BLUEBERRY MUFFIN 60G","PCS","OUT","6281007057653","22.1375"
"6011569","HALAWANI  MAAMOUL WITH WHEAT 40GM","PCS","OUT","6281041269029","23.2875"
"6011577","GLITTERS  SINGLE","PCS","OUT","6291402019688","16.1"
"6011578","GLITTER POWDER COLOURS","PCS","OUT","3030000000252","15.525"
"6011668","LIPTON ZERO SUGAR PEACH ICE TEA 350ML","PCS","OUT","012000059506","21.8385"
"6011694","LION COCONUT 40GM","PCS","OUT","7613287336859","71.3"
"6011726","UNIKAI LABAN DRINK BLUE 200ML","PCS","OUT","6291034189456","11.2125"
"6011727","AREEJ ORANGE JUICE NS 225ML","PCS","OUT","6291034004278","16.3875"
"6011732","UNIKA UHT ORANGE JUICE NS 250ML","PCS","OUT","6291034004131","12.362499999999999"
"6011736","AQUAFINA NRB 330ML","PCS","OUT","012000059087","15.525"
"6011740","SCOTT FACIAL TISSUE 160","SIZE-1","OFFER","6281002508891","11.2125"
"6011742","VICENZI PUFF PASTRY TWIN PACK 2X125GR","PCS-2","OFFER","3030000000300","16.9625"
"6011742","VICENZI PUFF PASTRY TWIN PACK 2X125GR","PCS-2","OFFER","30990032000032","16.9625"
"6011742","VICENZI PUFF PASTRY TWIN PACK 2X125GR","PCS-2","OFFER","3099080100004","16.9625"
"6011760","LIFEBUOY BODYWASH  TOTAL 10 2X300ML","PCS","OFFER","6281006519534","50.5885"
"6011761","LUX BW SOFT RSE( EUPHORIA)  250ML 15%OFF","PCS","OFFER","6281006588172","30.475"
"6011762","LUX BW MAG ORCHID(EUPHORIA) 250ML 15%OFF","PCS","OFFER","6281006588141","30.475"
"6011782","EUROCAKE LOVA MOLTEN CAKE 3X210G","PCS","OUT","6291100600526","10.35"
"6011784","SOLEN AMADA STIX HAZELNUT 32GM","PCS","OUT","8691707540030","56.637499999999996"
"6011797","COCA COLA  ZERO  CAN 6X245ML","PCS-2","OFFER","5000112653342","8.625"
"6011797","COCA COLA  ZERO  CAN 6X245ML","PCS-2","OFFER","5000112698404","8.625"
"6011838","NADEC UHT LONG LIFE MILK FF 1LTR","PCS","OUT","6281057500000","19.538615000000004"
"6011838","NADEC UHT LONG LIFE MILK FF 1LTR","PCS","CTN","6281057010059","77.625"
"6012192","FACIAL HALA TISSUE 2PLY 170 SHEETS","PCS","SIZE-1","6281017213971","4.025"
"6012202","DORITOS FH LIME 23GX12","PCS","OUT","6281036008466","15.525"
"6012207","LAYS FH LIME 23G","PCS","OUT","6281036002297","17.25"
"6012210","CHTS CRUN FH LIME 26G","PCS","OUT","6281036014191","16.9625"
"6012314","LIFEBUOY HW MLD CR TP @25% OFF 200ML","PCS","OFFER","6281006520745","24.724999999999998"
"6012315","LIFEBUOY HW TTAL10 TP @25% OFF 200ML","PCS","OFFER","6281006520721","24.724999999999998"
"6012318","LUX HW SFT RSE REF TP@20%OF 6X2X500ML","PCS","OFFER","6281006581661","47.15"
"6012319","LUX HW VEL JAS REF TP@20%OF 500ML","PCS","OFFER","6281006581678","41.3885"
"6012422","CAPRISON NAS ORANGE 200ML","PCS","OUT","6297001059067","12.6385"
"6012422","CAPRISON NAS ORANGE 200ML","PCS","OUT","6297001059616","12.6385"
"6012423","CAPRISON NAS MANGO 200ML","PCS","OUT","6297001059074","14.938500000000001"
"6012424","CAPRISON NAS STRAWBERRY 200ML","PCS","OUT","6297001059081","27.3125"
"6012435","NESCAFE GOLD CAPP SWT MP10 17GM","PCS","OUT","6294003591373","34.5"
"6012461","CREME 21 LOT U DRY PRICE 2X150GR","PCS","OFFER","4016399954820","26.450000000000003"
"6012483","ELVAN TODAY CROISANT 270 GM OFFER","PCS-2","OFFER","4950000284091","14.375"
"6012500","LIFEBOY HW MC180ML(JARVS) HWFR(2+1)200ML","PCS","OFFER","6281006548275","33.349999999999994"
"6012572","UNIKAI UHT CHOCOLATE MILK 180ML","PCS","OUT","1250439730125","6.8425"
"6012573","UNIKAI UHT STRAWBERRY MILK 180ML","PCS","OUT","1250439730149","6.8425"
"6012575","UNIKAI UHT LASER COCKTAIL 180ML","PCS","OUT","6291034004117","7.1875"
"6012698","NESCAFE GOLD LATTE UNSWT 18G","PCS","OUT","6294017106006","50.3125"
"6012699","NESCAFE GOLD CAPP SWT 15.5G","PCS","OUT","6294017106037","50.025"
"6012699","NESCAFE GOLD CAPP SWT 15.5G","PCS","OUT","6294017130780","50.025"
"6012700","NESCAFE GOLD CAPP UNSWT 14.2G","PCS","OUT","6294017105979","50.025"
"6012701","NESCAFE GOLD VANILLA LATTE 18.5G","PCS","OUT","6294017106068","48.24250000000001"
"6012702","NESC GOLD CARAMEL LATTE 17G","PCS","OUT","6294017110553","50.3125"
"6012703","NESCAFE GOLD DBLCHOCMOCHA 23.5G","PCS","OUT","6294017107355","48.24250000000001"
"6012720","MAGGI BEEF BOUILLON 20G NR XA","PCS","OUT","6294003597764","34.7875"
"6012721","FELIX DBLYDL GIJ MV CTRYSD 85GX1","PCS","OUT","7613287495709","45.9425"
"6012722","FELIX AGAIL DBLYDL GIJ MVFSH 85GX1","PCS","OUT","7613287495747","46.2875"
"6012728","FELIX AGAIL GIJ MV BF&CRT19  85G X1","PCS","OUT","7613287495471","45.9425"
"6012729","FELIX JNR AGAIL GIJ MVCHKN 85GX1","PCS","OUT","7613287495648","45.9425"
"6012730","FELIX SOUP GIG MV FARM SLCN  48G N1GB","PCS","OUT","7613036629751","12.362499999999999"
"6012731","FELIX SOUP GIG MV FISH SLCN 48G N1GB","PCS","OUT","7613036631839","12.362499999999999"
"6012785","AL AIN GLASS BOTTLE 330ML","PCS","OUT","6291100851782","33.925"
"6012792","ICE BOX SET 4 PCS","PCS","SIZE-4","808349340708","34.5"
"6012792","ICE BOX SET 4 PCS","PCS","SIZE-3","808349340807","63.825"
"6012792","ICE BOX SET 4 PCS","PCS","SIZE-2","808349340906","97.75"
"6012792","ICE BOX SET 4 PCS","PCS","SIZE-1","808349341002","127.65"
"6012793","ICE BOX FOAM 3 PCS","PCS","SIZE-3","3030000000272","17.25"
"6012793","ICE BOX FOAM 3 PCS","PCS","SIZE-2","3030000000271","23"
"6012793","ICE BOX FOAM 3 PCS","PCS","SIZE-1","3030000000270","34.5"
"6012811","C.GARDEN FAVA BEAN FAWAL RECIPE 450G","PCS","OUT","068450070996","78.2"
"6012812","C.GARDEN FAVA BEAN RECIPE UNPEELED 450G","PCS","OUT","0684500709009","78.2"
"6012813","C.GARDEN FAVA BEAN PEELED W/TAHINA 450G","PCS","OUT","0684500709016","78.2"
"6012814","C.GARDEN FAVA BEAN UNPEELED W/TAHIN 450G","PCS","OUT","0684500709023","78.2"
"6012880","7 UP NRB 250ML","PCS","OUT","012000049477","22.425"
"6012880","7 UP NRB 250ML","PCS","CTN","012000034473","90.5625"
"6012895","H&S SH S&S DP 2X400ML SPC OFR","PCS-2","OFFER","8006540146187","27.3125"
"6012896","H&S SH MENTHOL DPX400ML SPC","PCS-2","OFFER","8006540146156","27.3125"
"6012897","H&S SH CHRCL12XDPX400ML SPC OF","PCS-2","OFFER","8006540146095","27.3125"
"6012905","PANTENE PPV SH AHF DP2 X400ML SPC OFR","PCS-2","OFFER","8006540146217","21.7925"
"6012905","PANTENE PPV SH AHF DP2 X400ML SPC OFR","PCS-2","OFFER","8700216489935","21.7925"
"6012930","F.CLARK MIX  MILK CHOCOLATE 500GM","PCS","OFFER","5023659213718","36.7885"
"6012938","ALOKOZAY DETERGENT 2.5KG","PCS-2","OFFER","6291101139353","33.2925"
"6012966","FAIRY PLUS 2X600ML","PCS","OFFER","8006540287279","18.1125"
"6013017","FINE SALT PACKET 1 KGX2 TWIN PACK 15%OFF","PCS","OFFER","6291109470571","6.8885000000000005"
"6013017","FINE SALT PACKET 1 KGX2 TWIN PACK 15%OFF","PCS","CTN","3030000000777","45.9425"
"6013018","LODIZED SALT PACKET 1KGX2TWIN PACK 15%OF","OFFER","CTN","3030000000778","48.5875"
"6013063","GLADE AEROSOL 2 LAVNDR 1 ORIENT 3X300ML","PCS-2","OFFER","6223001342427","27.588499999999996"
"6013064","RAINBOW ORG FRESH MILK WIT VIT D 12S 6OZ","PCS","OFFER","6013064","42.262499999999996"
"6013130","CAPRI-SUN NAS ORGANIC 100% APPLE","PCS","OUT","6298044096484","28.4625"
"6013153","FULL FAT YOGURT 90GM","PCS","OUT","6260522306378","6.8999999999999995"
"6013175","LACNOR LL MIX BERRY SLIM 1L","PCS","OUT","6291016005781","39.675"
"6013176","ES CRANBERRY 1L","PCS","OUT","6291016121580","47.724999999999994"
"6013198","LUNCHONE CHICKEN LUNCHEON 850GM","PCS","OFFER","8680495878111","17.238500000000002"
"6013386","BLINK MAX HOT DRINK GLASS SET 6PCS","PCS","SIZE-1","6951097120345","5.175"
"6013672","LIWA WATER 1.5LTR","PCS","OUT","6291109680116","4.8875"
"6013673","LIWA WATER 500ML","PCS","OUT","6291109680086","4.8875"
"6013674","LIWA WATER 330ML","PCS","OUT","6291109680055","4.8875"
"6013675","LIWA WATER 200ML","PCS","OUT","6291109680024","4.8875"
"6013736","7DAYS BAKED ROLL TOMATO KETCHUP 36G","PCS","OUT","6281007061377","21.7925"
"6013758","CAPRI-SUN 100% APPLE CRUSH 200ML","PCS","OUT","6297001059159","27.025115"
"6013760","BRN CARY BAG W/H TWIS HAND 34X35+1 LARG","PCS","CTN","6295123076597","281.75"
"6013764","LOTUS XL 25GR","PCS","OUT","5410126136135","40.25"
"6013771","ZEBRA PEN DX 0.7 NEEDL","PCS","OUT","4901681169962","39.9625"
"6013772","ZEBRA PEN AX0 0.7 R/E","PCS","OUT","4901681169764","39.9625"
"6013777","BRN CARY BAG W/H TWISHAND 29X29 MEDM 250","PCS","CTN","6295123076580","264.5"
"6013778","BRN CARY BAG W/H TWISHAND 36X29 SMAL 250","PCS","CTN","6295123076573","253.00000000000003"
"6013779","GRENTRK DUR BAG 45X35X20C 80G+25G MED200","PCS","CTN","6295123087456","765.9"
"6013798","SHOPPING BAG 50 CM X 55 CM 2.5M ( 80 - 85 ) BAG 1","PCS","KG","3030000000294","12.362499999999999"
"6013812","EMY GLASS CLEANER 3X750 ML","PCS","PCS-2","3571700507320","3.7375000000000003"
"6013812","EMY GLASS CLEANER 3X750 ML","PCS","PCS-2","3571700508679","3.7375000000000003"
"6013821","BUCHERY STICK ROLL 1X 10KG","KG","10KG","3030000000296","166.75"
"6013822","LIQUID SOAP AL MAHA  4X5 LTR","PCS","CTN","3030000000295","52.8425"
"6013915","FACIAL HALA TISSUE 130(4+1FREE)","PCS","OFFER","6281017213964","14.950115"
"6013915","FACIAL HALA TISSUE 130(4+1FREE)","PCS","OFFER","6281017258330","14.950115"
"6013979","BANANA FLV. 125ML","PCS","OUT","6271002161868","6.8999999999999995"
"6013981","CHOCOLATE MILK 125ML  TETRA PK6","PCS","OUT","6271002161967","7.1875"
"6013982","STRAWBERRY MILK 125ML TETRA PK6","PCS","OUT","6271002162063","7.1875"
"6013983","BANANA MILK 180ML","PCS","OUT","6271002121268","10.6375"
"6013984","CHOCOLATE MILK 180ML","PCS","OUT","6271002121367","10.925"
"6013985","STRAWBERRY MILK 180ML","PCS","OUT","6271002121466","10.925"
"6013986","VANILLA MILK 180ML","PCS","OUT","6271002121060","10.6375"
"6013990","COCKTAIL FRUT NECTAR NO ADDED SUGAR 125M","PCS","OUT","6271002205197","9.4875"
"6013991","MANGO NECTAR NO ADDED SUGAR 125ML","PCS","OUT","6271002205166","9.4875"
"6013992","PINEAPPLE J. 180 MLX24 PK6 - SKFC","PCS","OUT","6271002272762","10.925"
"6013993","ORANGE JUICE 180 MLX24 PK6 - SKFC","PCS","OUT","6271002272663","10.925"
"6013994","MANGO NECTAR 180 MLX24 PK6 - SKFC","PCS","OUT","6271002272564","10.925"
"6013995","GUAVA NECTAR 180 MLX24 PK6 - SKFC","PCS","OUT","6271002272465","10.35"
"6013996","COCKTAIL  180 MLX24 PK6 - SKFC","PCS","OUT","6271002271963","10.925"
"6013997","APPLE JUICE 180 MLX24 PK6 - SKFC","PCS","OUT","6271002271765","10.925"
"6013998","PASSION FRUIT NECTAR 250 ML PK6 PRISMA","PCS","OUT","6271002213260","26.3925"
"6013999","RED ORANGE JUICE 250 ML PK6 PRISMA","PCS","OUT","6271002211464","16.674999999999997"
"6014000","COCKTAIL  DRINK 250MLX24 PRISMA","PCS","OUT","6271002200307","25.875"
"6014000021","KARA KUSA STEEL DESERT KNIFE 1 PC","PCS","CTN","2004000170983","34.5"
"6014000067","DUBAI KADAI 29","PCS","SIZE-2","3030000000054","8.91135"
"6014000067","DUBAI KADAI 29","PCS","SIZE-3","3030000000055","12.075"
"6014000067","DUBAI KADAI 29","PCS","SIZE-4","3030000000056","14.374080000000001"
"6014000067","DUBAI KADAI 29","PCS","SIZE-5","3030000000057","18.1125"
"6014000067","DUBAI KADAI 29","PCS","SIZE-1","3030000000053","30.992500000000003"
"6014000091","PAMCHAL FRUIT KNIFE","PCS","OUT","2009000445710","28.98"
"6014001","MANGO NECTAR 250MLX24 PRISMA","PCS","OUT","6271002200604","26.3925"
"6014010","HD PLAIN PASTIC BAG 23X40 50 MICRON","PCS","KG","3030000000297","11.5"
"6014044","KIT KAT 2F PRB36G6FIQ 17.7GM","PCS","OUT2","6294017120606","26.450000000000003"
"6014044","KIT KAT 2F PRB36G6FIQ 17.7GM","PCS","OUT","6294003539160","73.88749999999999"
"6014072","ULKER COFFEE BISCUIT 58GM","PCS","OUT","6281100357452","25.3"
"6014073","ULKER SESAME BISCUIT 58GM","PCS","OUT","6281105473072","25.3"
"6014076","PALAZI HOTDOG MARSHMALLOW","PCS","OUT","6925448112105","28.175"
"6014077","ULKER TEA BISCUIT 147GM","PCS","OUT","6281100353416","38.237500000000004"
"6014288","SUNFLOWER OIL SUNFLOWER 2X1.5L","PCS-2","OFFER","320781002224","38.8125"
"6014288","SUNFLOWER OIL SUNFLOWER 2X1.5L","PCS-2","OFFER","6291003304859","38.8125"
"6014334","SHARPNER IN JAR","PCS","OUT","4711678073864","35.3625"
"6014335","SHARPNER IN JAR SMALL","PCS","OUT","4711678073857","22.9425"
"6014387","PRO BALL PEN BLACK","PCS","SIZE-1","3030000000301","0.5750000000000001"
"6014448","SNICKERS 2 PACK 70G","PCS","OUT","6221134012989","120.75"
"6014449","M&MS PEANUT 45G","PCS","OUT","5000159461801","203.55"
"6014510","MENTOS INCREDIBLE CHEW - GRAPE 45GM","OFFER","OUT","8935001726036","71.0125"
"6014511","MENTOS INCREDIBLE CHEW - STRAWBERRY 45G","OFFER","OUT","8935001726012","71.0125"
"6014512","MENTOS INCREDIBLE CHEW - GREEN APPL","OFFER","OUT","8935001726050","71.0125"
"6014513","MENTOS CANDY MINT 14P - 3PCS VALUE PACK","OFFER","OUT","6921211109044","112.7"
"6014514","MENTOS CANDY FRUIT 14P - 3PCS VALUE PACK","OFFER","OUT","6921211109082","112.7"
"6014515","MENTOS CANDY STRWBRY 14P - 3PC VALUE PCK","OFFER","OUT","8990800024097","112.7"
"6014533","AL AIN LACTOSE FREE UHT MILK 1L","PCS","OUT2","6291056002993","50.3125"
"6014533","AL AIN LACTOSE FREE UHT MILK 1L","PCS","OUT","6291056003013","148.6375"
"6014559","KFMB PETIT BEURRE BISCUIT 200GM","PCS","CTN","6271003032068","63.5375"
"6014561","KFMB DIGESTIVE BISCUIT 100GM","PCS","CTN","6271003037025","53.7625"
"6014563","KFMB CHOCO SANDWICH BISCUIT 15GM","PCS","OUT","6271003037049","19.262500000000003"
"6014685","SULTAN VEG. ROLL BAG","PCS","CTN","3030000000298","112.7"
"6014701","MAGGI SOUP CREAM OF MUSHROOM 68G","PCS","OUT","6294017107249","99.1875"
"6014767","LIPTON ICE TEA ZERO SUGAR LEMON 320ML","PCS","OUT","012000061226","23.862499999999997"
"6014935","MAGGI CHICKEN CUBES LOW SALT 18GM","PCS","OUT","6294017116784","30.1875"
"6014938","LUSINE BROWN BROWN CHOCOLATE 50 GM","PCS","OUT","6281007060202","14.938500000000001"
"6014957","MASAFI TISSUE 170 PLY","PCS","OUT","6291001013623","13.5125"
"6014957","MASAFI TISSUE 170 PLY","PCS","OUT","6291001013661","13.5125"
"6014957","MASAFI TISSUE 170 PLY","PCS","CTN","6291001013609","80.5"
"6014976","ALMARAI VETAL ZABADI 170G","PCS","OUT2","6281007064606","14.950115"
"6014977","LUSINE DATE CAKE 28GM","PCS","OUT","6281007061896","7.4750000000000005"
"6014978","LUSINE CARDAMOM CAKE 28 GM","PCS","OUT","6281007061902","7.4750000000000005"
"6014979","LUSINE SAFFRON CAKE 28GM","PCS","OUT","6281007061919","7.4750000000000005"
"6015080","NADEC CREAM 155GM 4+2","PCS-2","OFFER","6281057008605","21.275"
"6015080","NADEC CREAM 155GM 4+2","PCS-2","OFFER","6281057013517","21.275"
"6015096","COFEE 1 DH","PCS","PCS-2","3030000000304","2.3000000000000003"
"6015096","COFEE 1 DH","PCS","PCS-3","3030000000305","3.4499999999999997"
"6015101","SHUROOQ COOKING OIL 1.5L","PCS","CTN","3030000000569","101.2"
"6015132","TWIX CARAMEL 22.5GM","PCS","OUT","6221134010565","53.475"
"6015134","GALAXY FLUTES CREAM 22.5GM","PCS","OUT","6221134010527","40.1925"
"6015222","BABA CLASICS SELLA RICE 10KG","PCS","SIZE-1","3030000000377","21.5625"
"6015270","ALMARAI JUICE PLUS MANGO MIX 185ML","PCS","OUT","6281007060769","11.442499999999999"
"6015271","ALMARAI JUICE PLUS BERRY MIX 185ML","PCS","OUT","6281007060790","11.442499999999999"
"6015302","FACIAL SANITA CLUB ARABESQUE 170 PLY","PCS","OUT","6281017212875","27.3125"
"6015310","ALMARAI  MUTABAL SMOKY 250 GM","PCS","OUT","6281007062244","82.8"
"6015311","ALMARAI FARMS SELECT ORANGE PINEAPPLE 1L","PCS","OUT","6281007063258","113.85"
"6015312","ALMARAI FARMS SELECT ORANGE PINEA 250ML","PCS","OUT","6281007063241","74.175"
"6015313","7 DAYS CAKE BAR ENROBED CHOCO 200 GM","PCS","OUT","6281007071147","15.2375"
"6015317","KARAK TEA ZAFRAN 200GM","PCS","OUT","8908000339354","25.587500000000002"
"6015318","KARAK TEA ZAFRAN UNSWEETENED 140GM","PCS","OUT","8908000339361","25.587500000000002"
"6015319","KARAK TEA CARDAMOM 200GM","PCS","OUT","8908000339330","25.587500000000002"
"6015320","KARAK TEA GINGER 200 GM","PCS","OUT","8908000339477","25.587500000000002"
"6015321","KARAK TEA ORIGINAL 200 GM","PCS","OUT","8908000339484","25.587500000000002"
"6015322","KARAK TEA CINNAMON 200GM","PCS","OUT","8908000339859","25.587500000000002"
"6015323","KARAK TEA COFFEE 200GM","PCS","OUT","8908000339491","25.587500000000002"
"6015385","OASIS ZERO WATER 500ML","PCS","OUT","6291016006788","9.775"
"6015386","BELVITA BRAN DIGESTIVE BIS 56GM","PCS","OUT","7622201746650","16.674999999999997"
"6015386","BELVITA BRAN DIGESTIVE BIS 56GM","PCS","OFFER","7622202025242","33.062615"
"6015387","BELVITA KLEIJA DIGESTI BIS 56GM","PCS","OUT","7622201746698","14.950115"
"6015387","BELVITA KLEIJA DIGESTI BIS 56GM","PCS","OFFER","7622202025211","29.900000000000002"
"6015388","CADBURY FRUIT & NUT 35GM","PCS","OUT","7622201510749","40.25"
"6015389","CADBURY HAZEL NUT 35GR","PCS","OUT","7622201510626","40.25"
"6015390","CADBURY DAIRY MILK PLAIN 35GR","PCS","OUT","7622201508517","40.25"
"6015391","NABISCO OREO ENROBED BISCUIT 32.9GM","PCS","OUT","7622201699260","52.900000000000006"
"6015392","OASIS ZERO  SHRINK 1.5LTR","PCS","OUT","6291016006818","9.775"
"6015397","MAGGI CUBE BEEF STOCK  18GM","PCS","OUT","6294017116814","32.4875"
"6015398","MAGGI CUBE VEGITABLE 18GM","PCS","OUT","6294017116753","30.992500000000003"
"6015406","AQUA DE FONTE WATER 500 ML","PCS","OUT","6291107347745","3.4385000000000003"
"6015412","DUBAI RAISINS (MUMTAZ) GOLDEN IRAN","SIZE-1","KG","3030000000308","11.5"
"6015412","DUBAI RAISINS (MUMTAZ) GOLDEN IRAN","SIZE-1","KG","6015412","11.5"
"6015413","DUBAI ALMOND CAMPOS","SIZE-1","KG","3030000000307","27.5425"
"6015413","DUBAI ALMOND CAMPOS","SIZE-1","KG","6015413","27.5425"
"6015414","DUBAI PEANUT RAW UOO","SIZE-1","KG","3030000000309","10.2925"
"6015414","DUBAI PEANUT RAW UOO","SIZE-1","KG","6015414","10.2925"
"6015453","VICKS COUGH DROP BOTTLE 10 FREE DROP 1.8KG","PCS","SIZE-1","3030000000317","1.1500000000000001"
"6015468","AQFN PET 1.5LTR","PCS","OUT","12000012204","12.65"
"6015469","AQFN PET 500 ML","PCS","OUT","12000101564","12.65"
"6015470","AQFN PET 330ML","PCS","OUT","12000036736","13.799999999999999"
"6015470","AQFN PET 330ML","PCS","CTN","12000050299","28.175"
"6015471","GATORADE ORANGE 495ML","PCS","OUT","12000056086","75.6125"
"6015472","GATORADE LEMON 495ML","PCS","OUT","12000056116","75.6125"
"6015473","GATORADE COOL BLUE 495ML","PCS","OUT","12000056109","75.6125"
"6015474","GATORADE FRUIT PUNCH 495ML","PCS","OUT","12000056123","75.6125"
"6015509","CERES PASSION FRUIT  1LTR","PCS","CTN","6001240102121","149.7875"
"6015510","CERES MEDLEY OF FRUITS 1LTR","PCS","CTN","6001240102664","149.7875"
"6015511","CERES APPLE 200ML","PCS","OUT","6001240206010","17.825"
"6015511","CERES APPLE 200ML","PCS","CTN","6001240204016","70.725"
"6015512","CERES MANGO  200ML","PCS","OUT","6001240206256","17.825"
"6015512","CERES MANGO  200ML","PCS","CTN","6001240204252","70.725"
"6015513","CERES ORANGE 200ML","PCS","OUT","6001240206058","17.825"
"6015513","CERES ORANGE 200ML","PCS","CTN","6001240204054","70.725"
"6015514","CERES MEDLEY OF FRUITS  200ML","PCS","OUT","6001240206669","17.825"
"6015514","CERES MEDLEY OF FRUITS  200ML","PCS","CTN","6001240204665","70.725"
"6015617","KURKURE  MASALA MUNCH 16GM","PCS","OUT","6281036024015","12.65"
"6015618","KURKURE  RED CHILI CHATKA 16GM","PCS","OUT","6281036024060","18.1125"
"6015619","KURKURE  MASALA MUNCH 25GM","PCS","OUT","6281036024039","18.1125"
"6015620","KURKURE RED CHILI CHATKA 25GM","PCS","OUT","6281036024084","12.65"
"6015628","COSMO BEAUT BODY LOTION ROSE ENCHNTIN 1L","PCS","CTN","3030000000765","81.9375"
"6015629","COSMO BEAUT BODY LOTION LAVEND SOTHN  1L","PCS","CTN","3030000000762","81.9375"
"6015631","COSMO BEAUT BODY LOTION PAPAYA 1L","PCS","CTN","3030000000763","81.9375"
"6015633","COSMO BEAUTE BODY LOTION OUD 1L","PCS","CTN","3030000000764","81.9375"
"6015682","ARWA M/W 1.5 LTR","PCS","OUT","3030000000314","6.325"
"6015682","ARWA M/W 1.5 LTR","PCS","OUT","5449000083999","6.325"
"6015694","AL ALALI CHICKEN STOCK  POWD18GM OFFER","OFFER","PKT","617950190356","23"
"6015802","KNORR CREAM SOUP MUSHROOM 53 GM","PCS","OUT","8690637506291","89.125"
"6015805","KNORR CREAM OF CHICKEN SOUP 65 GM","PCS","OUT","8690637506420","89.125"
"6015807","JUST CHIL KARAK GINGER INST TEA 3IN1 17G","PCS","OUT","6291003621338","27.025115"
"6015808","TIFFANY ASTRO CREAM & COOKIES 36GM","PCS","OUT","6291003021244","14.375"
"6015819","SNICKERS ORIGINAL 45GM","PCS","OUT","7896423423839","81.9375"
"6015826","FINE FACIAL TISSUE PRESTIGE 3PLAY","PCS","OUT","6294018800057","37.95"
"6015885","CAPITAL WATER 250ML","PCS","OUT","6298524241106","6.8425"
"6015886","CAPITAL WATER 330ML","PCS","OUT","6298524241144","6.8425"
"6015887","CAPITAL WATER 500ML","PCS","OUT","6298524241120","6.8425"
"6015888","CAPITAL WATER 1.5ML","PCS","OUT","6298524241083","6.8999999999999995"
"6015890","ECO FRESH 2PLY FACIAL TISSUE 150SX5","PCS","OUT","6291103076946","16.674999999999997"
"6015897","CADBURY CDM 168G PLAIN MINIBAG DS","PCS","CTN","7622201730239","225.97500000000002"
"6015898","CADBURY FLAKE 15GR","PCS","OUT","7622201720575","83.95"
"6015917","LIPTON ICE TEA LEMON 290ML","OFFER","OUT","012000056000","17.273"
"6016000008","FALCON PLASTIC FORK 50PCS","PCS","CTN","2004000255499","155.25"
"6016000011","FALCON PLASTIC FORK SUPER 50PCS","PCS","CTN","2006000374804","92.675625"
"6016154","CJ BIBIGO SEASONED SEAWEED(SEASME) 5G","PCS","OUT","807176706107","11.2125"
"6016155","CJ BIBIGO SEASONED SEAWED(BULGOGI BBQ)5G","PCS","OUT","807176706428","11.2125"
"6016160","PALDO HWA RAMEN 120G","PCS","OUT","648436101382","26.7375"
"6016249","REXONA DEO WM POWDER DRY 150ML","PCS","OFFER","6281006612815","49.4385"
"6016258","ALOKOZAY CANOLA OIL 3 LITRES","OFFER","CTN","3030000000761","79.6375"
"6016285","KHALAS AL QASEM VIP 1KG","PCS","CTN","3030000000325","155.25"
"6016286","KHALAS AL QASEM VIP 1/2 KG","PCS","CTN","3030000000324","116.4375"
"6016287","KHALAS AL IHSA 1KG","PCS","CTN","3030000000323","93.43761500000001"
"6016288","KHALAS AL IHSA 1/2 KG","PCS","CTN","3030000000322","79.2925"
"6016289","IFTAR GREEN DATES","PCS","CTN","3030000000867","44.85"
"6016290","ARD PASTE DATES UAE 1KG","PCS","CTN","3030000000332","127.65"
"6016291","MAJDOOL PALESTINE 1KG","PCS","CTN","3030000000331","372.6"
"6016293","MAJDOOL PALESTINE 1/2 KG","PCS","CTN","3030000000330","372.6"
"6016295","SUKARI RUTTAB 1/2 KG","PCS","CTN","3030000000329","167.6125"
"6016297","SAGEI DATES 1KG","PCS","CTN","3030000000328","207"
"6016298","ARD AJWA DATES 1KG","PCS","CTN","3030000000321","379.5"
"6016300","ARD KHDARI DATES 1KG","PCS","CTN","3030000000327","215.05"
"6016307","SUKARI RUTTAB 1KG","PCS","CTN","3030000000326","211.025"
"6016419","BOLERO ADVANCED HYDRATION ACAI BERY 9GM","PCS","OUT","3800048226366","33.925"
"6016420","BOLERO ADVANCED HYDRATION APPLE 9GM","PCS","OUT","3800048226120","34.442499999999995"
"6016421","BOLERO ADVANCED HYDRATION BERY BLEND 9GM","PCS","OUT","3800048225543","34.442499999999995"
"6016422","BOLERO ADVANCED HYDRATION BLUEBEERY 9GM","PCS","OUT","3800048225581","34.442499999999995"
"6016423","BOLERO ADVANCED HYDRATION GUAVA 9GM","PCS","OUT","3800048225741","34.442499999999995"
"6016424","BOLERO ADVANCED HYDRATION KOLA 9GM","PCS","OUT","3800048225628","34.442499999999995"
"6016425","BOLERO ADVANCED HYDRATION LEMON 9GM","PCS","OUT","3800048225789","34.442499999999995"
"6016426","BOLERO ADVANCED HYDRATION LEMONDE 9GM","PCS","OUT","3800048227219","34.442499999999995"
"6016427","BOLERO ADVANCED HYDRATION MANDARIN 9GM","PCS","OUT","3800048225826","34.442499999999995"
"6016428","BOLERO ADVANCED HYDRATION PINEAPPLE 9GM","PCS","OUT","3800048225963","34.442499999999995"
"6016429","BOLERO ADVANCED HYDRATION POMEGRANAT 9GM","PCS","OUT","3800048226106","34.442499999999995"
"6016430","BOLERO ADVANCED HYDRATION RASPBERRY 9GM","PCS","OUT","3800048225987","33.925"
"6016591","SAMYANG  EXTREME SPICY 140GM","PCS","OUT","8801073141896","33.925"
"6016592","SAMYANG CARBONARA HOT CHICKEN 130GM","PCS","OUT","3030000000674","24.15"
"6016594","NUREEN FOUL MEDAMES 400GM","PCS","OFFER","9501101832183","8.912615"
"6016595","SAMYANG  HOT CHICKEN BLACK BULDOK 140GM","PCS","OUT","8801073140578","35.074999999999996"
"6016597","DUBAI SUNFLOWER SEED PLAIN","500GR","400GR","3030000000266","5.6925"
"6016597","DUBAI SUNFLOWER SEED PLAIN","500GR","KG","6016597","9.1885"
"6016598","DRY APRICOT","PCS","200GR","3030000000339","3.1625"
"6016598","DRY APRICOT","PCS","500GR","3030000000337","7.4750000000000005"
"6016599","DRY FIG","PCS","200GR","3030000000338","9.200000000000001"
"6016599","DRY FIG","PCS","500GR","3030000000336","21.7925"
"6016600","DUBAI ROASTED CASHEW","200GR","500GR","3030000000333","19.538615000000004"
"6016600","DUBAI ROASTED CASHEW","200GR","KG","6016600","38.237500000000004"
"6016619","NUREEN  GREEN PEAS 400GR","PCS","OFFER","9501101832190","8.912615"
"6016620","KIT KAT 4 FINGER 41.5GM","PCS","OUT","7613038638782","52.900000000000006"
"6016621","KIT KAT 2 FINGER 20.5GM","PCS","OUT","6294017103357","50.8875"
"6016626","DREAMWHIP WHIP VANILLA 2X144G","PCS-2","OFFER","6016626","25.3"
"6016883","WRIGLEYS BRAND 5 SPEARMINT (HP) 14GM","PCS","OUT","4009900543637","74.75"
"6016884","WRIGLEYS BRAND 5 WATERMELON (HP) 14GM","PCS","OUT","4009900543668","73.3125"
"6016923","MAGGI CREAM OF CHIKEN SOUP 71GM","PCS","OUT","6294017116913","92.8625"
"6016924","MAGGI VEGETABLE  SOUP 53 GM","PCS","OUT","6294017117002","92.8625"
"6016926","QUAKER CEREAL OASTS & HONEY 400GM@20%","OFFER","OUT","2020000517900","22.9885"
"6016933","WRIGLEYS EXTRA BUBBLEMINT SFP 60P","PCS","OUT","4009900543033","95.16250000000001"
"6016974","TAKIS MINI FUEGO 35 GM","PCS","OUT","757528009113","71.875"
"6016993","VATIKA SHAMPOO GARLIC 400ML 2PK","PCS-2","OFFER","6291069736700","24.47775"
"6016994","VATIKA SHAMPOO GARLIC 400ML 2PK","PCS-2","OFFER","6291069736717","24.4375"
"6016995","VATIKA SHAMPOOARGAN 400ML 2PK","PCS-2","OFFER","6291069736694","24.47775"
"6017011","DETTOL SOAP ORIGINAL 70GM","OFFER","OUT","3030000001181","13.5125"
"6017012","DETTOL SOAP FRESH 70GM","OFFER","OUT","3030000001182","13.5125"
"6017018","NESCAFE 2 IN 1 CLAS SUGAR FRE 11.7GM","PCS","OUT2","6294017130414","15.812500000000002"
"6017018","NESCAFE 2 IN 1 CLAS SUGAR FRE 11.7GM","PCS","OUT-3","6294017130377","28.175"
"6017018","NESCAFE 2 IN 1 CLAS SUGAR FRE 11.7GM","PCS","OUT","6294017120798","41.6875"
"6017026","M&M CRISPY 36GM","PCS","OUT","5000159561679","161"
"6017046","GODREJ CINTHOL LIME SOAP 4X175GM","PCS","OFFER","8901023028908","14.938500000000001"
"6017055","BLU LL LEMON 250ML","PCS","OUT","6291021000139","19.4925"
"6017056","BLU LL LEMON 500ML","PCS","OUT","6291021000559","31.9125"
"6017057","BLU LL LEMON MINT 500ML","PCS","OUT","6291021000597","30.1875"
"6017060","BLU LL PAPPLE 500ML","PCS","OUT","6291016007587","41.34250000000001"
"6017063","BLU LL PLAIN 500ML","PCS","OUT","6291021000511","23.575"
"6017081","KINDER CARDS 256GM-T2","PCS","PCS-2","3030000000905","3.7375000000000003"
"6017085","SHAMS SUNFLOWER OIL TWIN PACK 1.5LTR","PCS-2","OFFER","5023659210816","27.3125"
"6017106","ATLANTIS  SARDINES VEG 4X125G OFFER","PCS","OFFER","6111253462003","10.6375"
"6017108","ALOKOZAY TISSUE 170SHEETS X 2PLY","PCS","OUT","6290360351094","24.138499999999997"
"6017235","OREO ORIGINAL COOKIE 36.8GM","PCS","OUT","7622201765279","11.4885"
"6017235","OREO ORIGINAL COOKIE 36.8GM","PCS","OUT","7622202017759","11.4885"
"6017236","NONGSHIM SHIN RAMYUN (BUND) NOODLE 120GM","PCS","OUT","31146017744","28.4625"
"6017238","SARIMI FRIED NOODLES CHICKEN 75GM","PCS","OUT","8994963000691","7.4750000000000005"
"6017239","SARIMI  NOODLES VEG (SINGLE) 70GM","PCS","OUT","8994963000677","7.1875"
"6017240","SARIMI SPECIAL NOODLES CHICKEN 70GM","PCS","OUT","8994963000660","7.1875"
"6017253","SABAHOO MUFFIN 360GM","PCS","OUT","6281123054987","13.5125"
"6017254","SABAHOO MAAMOUL DATES COOKIE 50GM","PCS","OUT","6281123055014","25.3"
"6017286","BARBICAN NBR MALT 325ML","PCS","OUT","6281034910044","25.2885"
"6017289","BARBICAN NBR POMOGRENATE 325ML","PCS","OUT","6281034910075","40.824999999999996"
"6017292","HALAWA TAHINA CINNAMON","PCS","OUT","6290231007303","11.442499999999999"
"6017293","HALAWA TAHINA CINNAMON SUGER FREE 25GM","PCS","OUT","6290231004371","20.412499999999998"
"6017297","PEPSI BLACK CORE 330ML","PCS","OUT","012000054099","17.825"
"6017298","PEPSI BLACK RASPBERRY 330ML","PCS","OUT","012000054112","18.975"
"6017300","PEPSI BLACK LIME 330ML","PCS","OUT","012000054105","17.825"
"6017428","TAYYIB ATTAR FULL ROLL ON 6X6ML","PCS","OFFER","6294015126075","12.075"
"6017429","TAYYIB AL BAKHOOR  ROLL ON 6X6ML","PCS","OFFER","6294015126082","12.075"
"6017430","TAYYIB DEHN AL OUD ROLL ON 6X6ML","PCS","OFFER","6294015126099","12.075"
"6017431","TAYYIB JANNET AL FIRDAUS ROLL ON 6ML","PCS","OFFER","6294015126105","12.075"
"6017432","TAYYIB MAJMNA  ROLL ON 6X6ML","PCS","OFFER","6294015126112","12.075"
"6017433","TAYYIB MUKHALAT ZAFRAN  ROLL ON 6X6ML","PCS","OFFER","6294015126129","12.075"
"6017434","TAYYIB PROSPERITY  ROLL ON 6X6ML","PCS","OFFER","6294015126136","12.075"
"6017435","TAYYIB SHAMAMATUL AMBER ROLL ON 6X6ML","PCS","OFFER","6294015126143","12.075"
"6017436","TAYYIB SULTAN  ROLL ON 6X6ML","PCS","OFFER","6294015126150","12.075"
"6017437","TAYYIB TREE ROSE ROLL ON 6ML","PCS","OFFER","6294015126167","12.075"
"6017455","DULCESOL CHOCO FILLE CROISSANT 270GM","PCS","OUT","8410087129334","8.625"
"6017474","LUX D/W REG-TP BNJ  2X725ML @SPOFF","PCS-2","OFFER","6281006609303","18.3885"
"6017484","CLOSEUP TP  MNTHL FRS 4S KSA 75ML","PCS","OFFER","6281006529816","17.537499999999998"
"6017485","CLOSEUP TP RED HOT  4S KSA 75ML","PCS","OFFER","6281006529830","17.825"
"6017493","DOVE BARBEAUTY CRM 10% OFF(DENAIL) 125G","OFFER","OUT","6281006598362","24.724999999999998"
"6017528","HALAWA TAHINA SUGAR FREE BAR 25G","PCS","OUT","6290221004350","19.55"
"6017562","NV CRUNCHY OATS & CHOCOLATE 42 GM","PCS","OUT","8410076600479","23.2875"
"6017563","NV PROTEIN BAR SALTED CARAMEL & NUTS 40G","PCS","OUT","8410076610690","31.05"
"6017564","NV PROTEIN BAR PEANUT & CHOCOLATE 40GM","PCS","OUT","8410076610683","30.475"
"6017565","NV CRUNCHY OATS & CHOCOLATE 42 GM","PCS","OUT","8410076600486","23.2875"
"6017566","NV CRUNCHY ROASTED ALMOND 42GM","PCS","OUT","8410076601810","23.2875"
"6017604","TWIX  TWIN HAZELUNT 50G","PCS","OUT","6221134011579","108.9625"
"6017606","GALAXY SALTED CARAMEL 40G","PCS","OUT","6221134011357","113.5625"
"6017620","INDOMIE SUPERMI VEGETABLE 70GR OFF","OFFER","OUT","3030000000707","5.175"
"6017620","INDOMIE SUPERMI VEGETABLE 70GR OFF","OFFER","CTN","5285000395232","39.675"
"6017644","NYSSA PROCESSEDCREA JAR 500GM","PCS","OFFER","6291108341520","18.3885"
"6017810","SNICKERS30G","PCS","OUT","7896423476545","44.85"
"6018000018","AL BAYADER 50PCS PLATIC KNIFES","PCS","CTN","2004000167686","166.75"
"6018000019","AL BAYADER SPOONS WHITE 50PCS","PCS","CTN","2005000330452","138.8625"
"6018000022","DUBAI SILVER SPOON 1PC","PCS","OUT","2005000324680","10.867499999999998"
"6018000028","FALCON PLASTIC TEA SPOON 50PCS","PCS","CTN","2004000255475","100.05"
"6018000029","FALCON PLASTIC TABLE SPOON 50PCS","PCS","CTN","2004000255482","155.25"
"6018000051","FALCON PLASTIC SPOON SUPER 50PCS","PCS","CTN","2006000374798","98.61250000000001"
"6018026","EXTRA REFRESHERS TROPICAL SXC 15.6G","PCS","OUT","4009900537322","66.68849999999999"
"6018029","EXTRA REFRESHERS BUBBLE MINT15.6G","PCS","OUT","4009900545884","66.9875"
"6018031","EXTRA REFRESHERS SPEARMINT BOTTLE 67GM","PCS","OUT","4009900545815","96.6"
"6018033","EXTRA REFRESHERS TROPICAL BOTTLE 67GM","PCS","OUT","4009900545833","97.175"
"6018033","EXTRA REFRESHERS TROPICAL BOTTLE 67GM","PCS","OUT","4009900545853","97.175"
"6018034","EXTRA REFRESHERS BUBBLEMINT BOTTLE 67GM","PCS","OUT","4009900545785","96.6"
"6018035","SKITTLES DESERTS 38 G","PCS","CTN","4009900545174","47.724999999999994"
"6018037","SKITTLES TROPICAL 38G","PCS","CTN","4009900545419","48.012499999999996"
"6018088","CHEETOS PUFFS 18GM","PCS","OUT","6281036010186","10.2925"
"6018196","MAGGI 2MIN MIGORENG 72GM","PCS","OUT","9556001302861","13.799999999999999"
"6018199","MAGGI EXCELLENCE  SOUP MUSHROOM 54GM","PCS","OUT","6294017121610","81.9375"
"6018200","MAGGI EXCELLENCE SOUP BROCCOLI 48G","PCS","OUT","6294017121559","81.9375"
"6018204","KITKAT 4 FINGER 36.50G","PCS","OUT","6294003539061","94.0125"
"6018274","DETTOL SOAP COOL 70GM","PCS","OFFER","3030000000384","13.5125"
"6018314","POMA FLOUR NO 1 50KG","2KG","50KG","4820041520499","155.25"
"6018366","NEST CHEESE PUFFS CHEESE & POCORN 40G","PCS","OUT","3030000000703","12.075"
"6018369","HEAD & S SHAMPOO SUBZERO 2X400ML","PCS","PCS-2","3030000000638","16.3875"
"6018370","PANTENE ANTI FRIZZ SHAMPOO 2 X 400ML","PCS-2","OFFER","8001090161819","25.587500000000002"
"6018478","FELIX SALMON 85G","PCS","OUT","8850124082596","51.4625"
"6018594","YORUKOGLU CHOCOLATE MILK 180ML","PCS","OUT","8690931013341","7.7625"
"6018595","YORUKOGLU STRAWBERRY MILK 180ML","PCS","OUT","8690931013358","7.7625"
"6018596","YORUKOGLU BANANA MILK 180ML","PCS","OUT","8690931013365","7.7625"
"6018596","YORUKOGLU BANANA MILK 180ML","PCS","OUT","8960931013365","7.7625"
"6018639","LIPTON ICETEA PASSION FRUIT&MANGO 320ML","PCS","OUT","098000010105","21.8385"
"6018728","CROWN SEMOLINA 500G","PCS","OFFER","6419950088350","24.724999999999998"
"6018743","RONA BISCUIT WITH HAZELNUTS 30GR","PCS","OUT","6217000291572","10.2925"
"6018749","FAMILY JOY BISCUITS","PCS","OFFER","3030000000390","4.8875"
"6018750","UNO CHICEN CUBES PCS 20G","PCS","OUT","617950303152","8.337499999999999"
"6018779","MAGGI  CHICKEN SOUP WITH CORN 47GM","PCS","OUT","6294017121580","82.5125"
"6018810","HEM SANDAL ROSE HEXA  30GM","OFFER","OUT","8901810012431","12.362499999999999"
"6018811","ELMALKA SPAGHTTI MACARONI 400GM","OFFER","OUT","3030000000443","6.8425"
"6018921","HEM PRECIOUS 3 IN 1 HEXA 20S","OFFER","OUT","8901810001053","12.362499999999999"
"6018927","ELMALKA VERMICELI  PASTA 400GM","PCS","OFFER","3030000000444","6.8425"
"6018928","LUCKY ME NOODEL SWEET & SPICY 60GM","PCS","OUT","4087770272578","10.925"
"6018928","LUCKY ME NOODEL SWEET & SPICY 60GM","PCS","OUT","4807770272578","10.925"
"6018949","ELMALKA MACARONI PENNE 400GM","PCS","OFFER","3030000000397","6.8425"
"6018973","ELMALKA RICE MACARONI 400GM","PCS","OFFER","3030000000445","6.8425"
"6018974","ELMALKA SMALL RIGATONI MACARONI 400GM","PCS","OFFER","3030000000446","6.8425"
"6018975","ELMALKA ELBOW PASTA  400GM","PCS","OFFER","3030000000447","6.8425"
"6019080","BIRCH TREE PROBIOTIC MILK DRINK 325ML","PCS","OUT","748485401812","10.925"
"6019230","FELIX SENSTNL CHICKNSPINACHGIJ 85GM","PCS","OUT","8850124087836","51.75"
"6019231","POLO MINT ROLL 12GM","PCS","OUT","8901058905830","50.3125"
"6019232","KIT KAT 4 FINGER COFFEE 36.5GM","PCS","OUT","6294017117590","113.27499999999999"
"6019233","KIT KAT 4 FINGER DARK 41.5GM","PCS","OUT","8445290568052","110.975"
"6019301","AMERICANA CHICKEN FRIES  SPICY 2X400GM","PCS","OFFER","6281050214836","24.724999999999998"
"6019302","ELMALKA SPAGHITI 400GM PCS ASSORTED","OFFER","OUT","3030000000398","6.612500000000001"
"6019365","HAYATNA UHT FULL FAT MILK 1L","PCS","OUT","6297001135693","17.825"
"6019366","HAYATNA UHT LOW FAT MILK 1L","PCS","OUT","6297001135709","17.1925"
"6019367","HAYATNA STRAWBERRY UHT MILK 180ML","PCS","OUT","6297001274613","8.912615"
"6019368","HAYATNA CHOCOLATE UHT MILK 180ML","PCS","OUT","6297001274606","9.775"
"6019374","HAYATNA UHT APPLE JUICE 180ML","PCS","OUT","6290361530832","9.775"
"6019500","MCVITIES HOBNOBS  PORTION PACK 28.6 GM","PCS","OUT","6223003807580","25.875"
"6019502","SEARA SPICY CHIC MIXI STRIPS 2X750G+SACH","PCS","PCS-2","3030000000775","33.349999999999994"
"6019506","BOLERO  HYDRATION PASSIONFRUIT 9GM","PCS","OUT","3800048225901","33.925"
"6019625","JO SOAP LIME/ALOE VERA 6X125GM","OFFER","CTN","3030000000606","60.375"
"6019627","JO SOAP SEA MINERALS  6X125GM","OFFER","CTN","3030000000607","60.375"
"6019629","JO SOAP APRICOT  6X125GM","PCS-2","OFFER","6291100763771","10.2925"
"6019629","JO SOAP APRICOT  6X125GM","PCS-2","CTN","3030000000604","60.375"
"6019630","JO SOAP SOFT CREAM  6X125GM","PCS-2","OFFER","6291100763764","10.2925"
"6019630","JO SOAP SOFT CREAM  6X125GM","PCS-2","CTN","3030000000605","60.375"
"6019653","BOLERO ADVANCED HYDRATION MOJITO 9GM","PCS","OUT","3800048227318","33.925"
"6019654","BOLERO  HYDRATION HONEY MELON 9GM","PCS","OUT","3800048226168","33.925"
"6019655","BOLERO HYDRATION RED GRAPE  9GM","PCS","OUT","3800048226007","34.2125"
"6019656","BOLERO HYDRATION ORANGE  9GM","PCS","OUT","3800048225864","33.925"
"6019658","BOLERO  HYDRAT SPORT ORANGE  9GM","PCS","OUT","3800048226281","33.925"
"6019675","ABIDO CHICKEN SHAWARMA 50G","PCS","CTN","5283001124153","65.4925"
"6019675","ABIDO CHICKEN SHAWARMA 50G","PCS","CTN","5283001124158","65.4925"
"6019748","DELIGHT COOKING OIL 1.5L","PCS","CTN","3030000000570","88.55"
"6019774","UMABIBO SPICES 5GM","PCS","OUT","4903013278243","20.125"
"6019775","UMABIBO CHESSE 5GM","PCS","OUT","4903013278205","20.125"
"6019776","UMABIBO CORN 5GM","PCS","OUT","4903013278304","20.412499999999998"
"6019780","ABU WALAD BISCUIT 90GM","PCS","OUT","6281016905624","14.375"
"6019780","ABU WALAD BISCUIT 90GM","PCS","OUT","6291717863116","14.375"
"6019783","AL AIN FARMS ORGANIC UHT MILK 1L","PCS","OUT","6291056003464","36.225"
"6019783","AL AIN FARMS ORGANIC UHT MILK 1L","PCS","CTN","6291056003556","108.675"
"6019824","BARBICAN TURBO DRINK BERRY 240ML","PCS","OUT","6281034913779","19.538615000000004"
"6019824","BARBICAN TURBO DRINK BERRY 240ML","PCS","CTN","6281034913786","78.18849999999999"
"6019825","BARBICAN TURBO DRINK GINGER 240ML","PCS","OUT","6281034913717","13.5125"
"6019825","BARBICAN TURBO DRINK GINGER 240ML","PCS","CTN","6281034913724","52.8425"
"6019826","BARBICAN TURBO KIWI LIME CSD 240ML","PCS","OUT","6281034913748","19.538615000000004"
"6019826","BARBICAN TURBO KIWI LIME CSD 240ML","PCS","CTN","6281034913755","78.18849999999999"
"6019827","BARBICAN TURBO CLASSIC CSD 240ML","PCS","OUT","6281034913687","19.538615000000004"
"6019827","BARBICAN TURBO CLASSIC CSD 240ML","PCS","CTN","6281034913694","78.18849999999999"
"6019830","BARBICAN NBR STRAWBERRY 325ML","PCS","OUT","6281034910099","25.2885"
"6019831","BARBICAN NBR PINEAPPLE 325ML","PCS","OUT","6281034910068","25.2885"
"6020018","YORUKOGLN SKIMMED MILK 1L","PCS","OUT","8690931040422","10.0625"
"6020030","ALOKOZAY APPLE MINT DRINK 250ML","PCS","OUT","6291101139421","13.5125"
"6020031","ALOKOZAY POMEGRANATE FLAVOUR DRINK 250ML","PCS","OUT","6291101139391","13.5125"
"6020032","ALOKOZAY COLA LIGHT 250ML","PCS","OUT","6291101135799","12.362499999999999"
"6020035","ALOKOZAY BREEZE 250ML","PCS","OUT","6291101136277","13.5125"
"6020036","ALOKOZAY WOW 250ML","PCS","OUT","6291101136222","13.5125"
"6020185","PROMOLAC CHICKEN CUBE 20GM","PCS","OUT","8436000233049","19.8375"
"6020187","FELIX WITH CHICKEN  85GM","PCS","OUT","8850124081339","49.449999999999996"
"6020191","FLUFFY PANCAKE SANDWICH STRAW 37GM","PCS","OUT","6084012143058","12.362499999999999"
"6020191","FLUFFY PANCAKE SANDWICH STRAW 37GM","PCS","OUT2","6084012143027","29.8425"
"6020192","FLUFFY PANCAKE SANDWICH  CHOCOLATE  37GM","PCS","OUT","6084012143041","12.362499999999999"
"6020192","FLUFFY PANCAKE SANDWICH  CHOCOLATE  37GM","PCS","OUT2","6084012143010","29.8425"
"6020193","FLUFFY PANCAKE SANDWIC  BLUE BERRY  37GM","PCS","OUT","6084012140118","12.362499999999999"
"6020193","FLUFFY PANCAKE SANDWIC  BLUE BERRY  37GM","PCS","OUT2","6084012143072","29.8425"
"6020194","KANGAROO SAFETY MATCHES BIG","PCS","OUT","3030000000402","6.325"
"6020206","BAZOOKA MIX UPZBAG 120GM","PCS","OUT","5011053025334","107.525"
"6020207","BAZOOKA MIX UPZ BAG 45GM","PCS","OUT","5011053025426","97.69250000000001"
"6020214","CANDYLAND BURGER JELLY 14GM","PCS","OUT","8964001435853","14.0875"
"6020216","BISCONNI CRUX SALTED CRACKERS 100GM","PCS","OUT","8961102882487","13.225000000000001"
"6020220","DEEMAH FARFASHA CRUNCHY FLAMING HOT 20GM","PCS","OUT","776992029212","21.5625"
"6020221","DEEMAH CURVY CAKKE CHOCO 45GM","PCS","OUT","6285602012529","19.538615000000004"
"6020221","DEEMAH CURVY CAKKE CHOCO 45GM","PCS","OUT","776992022336","19.538615000000004"
"6020222","DEEMAH CURVY PLAIN CAKE 32GM","PCS","OUT","6285602012543","16.674999999999997"
"6020222","DEEMAH CURVY PLAIN CAKE 32GM","PCS","OUT","776992032335","16.674999999999997"
"6020223","DEEMAH TRIPLE DONUT CHOCO 40GM","PCS","OUT","6285602000465","22.9425"
"6020228","DEEMAH BROWNI CAKE CHO 37GM","PCS","OUT","6285602012635","22.1375"
"6020228","DEEMAH BROWNI CAKE CHO 37GM","PCS","OUT","776992059431","22.1375"
"6020231","DEEMAH DONUT CAKE CHO 40GM","PCS","OUT","776992062332","28.4625"
"6020232","DEEMAH MARMO CAKE CHOCO 40GM","PCS","OUT","6285602012741","22.712500000000002"
"6020232","DEEMAH MARMO CAKE CHOCO 40GM","PCS","OUT","776992091332","22.712500000000002"
"6020233","PUSAN MARBLE GUM OR/GR/STR/MIX","PCS","OUT","8992730992293","13.742615"
"6020238","SOLEN LUPPO CAKEBITE CHOC 25GM","PCS","OUT","8699141112073","19.8375"
"6020279","COLGATE EXTRA MINT 3X100ML SPE OFFER","PCS","PCS-2","6281001101246","3.4385000000000003"
"6020279","COLGATE EXTRA MINT 3X100ML SPE OFFER","PCS","OFFER","6281001820253","11.2125"
"6020282","SULTAN  NATURAL SPRING WATER 250ML","PCS","OUT","8699131520178","10.925"
"6020283","SULTAN  NATURAL SPRING WATER 330ML","PCS","OUT","8699131520161","11.5"
"6020284","SULTAN  NATURAL SPRING WATER 500ML","PCS","OUT","8699131520208","11.5"
"6020285","SULTAN  NATURAL SPRING WATER 1.5LTR","PCS","OUT","8699131520215","12.362499999999999"
"6020288","LIFEBUOY HAND SOAP SOFT ROSE 250ML","PCS","OFFER","6281006617216","22.712500000000002"
"6020289","LIFEBUOY HAND SOAP VELVET JASMINE 250ML","PCS","OFFER","6281006617223","21.8385"
"6020305","OMO ACTIVE HS SEMI AUTOMATIC 1.25KG","PCS","OFFER","6221155131935","30.1875"
"6020307","OMO ACTIVE LS KW AUTOMATIC 1.25KG","PCS","OFFER","6221155129352","30.1875"
"6020314","LUX FLAW LESS SKIN LILY 170GM","PCS","OUT","6281006584747","42.262499999999996"
"6020315","LUX RADIANT SKIN JASMINE 170 GM","PCS","OUT","6281006584808","51.6925"
"6020317","LUX BAR SOAP FLAW LESS SKIN LILY 120GM","PCS","OUT","6281006585294","22.9885"
"6020318","LUX BAR SOAP RADIANT SKIN JASMINE 120GM","PCS","OUT","6281006585379","22.9885"
"6020319","LUX BAR SOAP NOURSHED SKIN GARDENIA 120G","PCS","OUT","6281006585454","22.9885"
"6020325","DOVE WHITE BEAUTY CREAM BAR 125GM","PCS","OUT","6281006592421","44.85"
"6020326","DOVE SOAP PINK 125GM","PCS","OUT","6281006592544","25.587500000000002"
"6020357","GALAXYBRIX WAFER 25GM","PCS","OUT","6221134012347","19.55"
"6020530","AL ALALI CHICKEN STOCK POWDER 18GM","PCS","OUT","617950190332","23.2875"
"6020732","REIHAN  SEMOLINA 500GM","PCS","OUT","6291023140093","19.262500000000003"
"6020733","LUI TOMATO PASTE 70GM","PCS","OUT","6291061131190","11.327615"
"6020812","MUMTAZ VEG OIL 1.5L","PCS","CTN","3030000000572","71.875"
"6020818","OREO MILK COOKIE 36.8GM","PCS","OUT","7622201385507","13.5125"
"6020847","FLASH TOILET CLEANER 1L","PCS","OUT","3030000001009","15.812500000000002"
"6020859","AERO BAR MILK NCP 18GM","PCS","OUT","8593893788572","112.125"
"6020867","MAGGI 2 MIN VEG 77GM","PCS","OUT","9556001309037","11.7875"
"6020868","MAGGI 2 MIN CHICKEN 77GM","PCS","OUT","9556001308979","11.4885"
"6020872","FELIX ADULT MACKEREL 85GM","PCS","OUT","8850124079732","51.4625"
"6020873","FELIX WITH  KITTEN TUNA 85GM","PCS","OUT","8850124086068","51.4625"
"6020980","RITA  LEMON AND MINTSPARKLING DRINK 240M","PCS","OUT","6285572002223","15.812500000000002"
"6020981","THE FRUIT BASKET SAFERY MATCHES SMALL","PCS","OUT","5001304255481","4.588500000000001"
"6021003","DELTA PLAIN HALAWA 2X400GM","PCS-2","OFFER","6021003","16.9625"
"6021004","DELTA  HALAWA  PISTACHO 2X400GM","PCS-2","OFFER","6021004","19.262500000000003"
"6021005","STAR SODA 300ML","PCS","OUT","6291010903335","8.0385"
"6021029","SCHWEPPES PINK GRAPEFRUIT 253ML","PCS","OUT","5449000343291","32.775"
"6021030","BOOM BOOM  ENERGY DRINK 250ML","PCS","CTN","3030000000544","87.400115"
"6021049","C.GARDEN TAHINI 450GM","PCS","CTN","032894042187","262.1425"
"6021068","SCHWEPPES TONIC ZERO 250ML","PCS","OUT","5449000323507","28.175"
"6021069","SCHWEPPES ZESTY LEMON 253ML","PCS","OUT","5449000343253","32.775"
"6021093","ERKO TWIST MALLOW 13GM","PCS","OUT","6925925910538","8.625"
"6021186","ALHAMRA MILK 170ML","PCS","CTN","06281020106338","94.3"
"6021186","ALHAMRA MILK 170ML","PCS","CTN","6281020175303","94.3"
"6021190","AZZURRO PURE REFINED TABLE SALT 1KG","PCS","OUT","3030000000930","3.4385000000000003"
"6021190","AZZURRO PURE REFINED TABLE SALT 1KG","PCS","CTN","6294003698782","9.4875"
"6021193","PREMIER TISSUE 200PLY","PCS","OUT","3030000000442","12.592499999999998"
"6021396","RITA BLUE SPARKLING DRINK 240ML","PCS","OUT","6285572001332","15.812500000000002"
"6021397","RITA RED SPARKLING DRINK 240ML","PCS","OUT","6285572001325","15.812500000000002"
"6021398","RITA MOJITO SPARKLING DRINK 240ML","PCS","OUT","6285572001929","15.812500000000002"
"6021399","RITA BERRY SPARKLING DRINK 240ML","PCS","OUT","6285572001349","15.812500000000002"
"6021400","RITA CANDY SPARKLING DRINK 240ML","PCS","OUT","6285572002049","15.812500000000002"
"6021401","RITA PASSION FUIT 240ML","PCS","OUT","6287042953004","15.812270000000002"
"6021405","COAST EVAPORATED MILK 160GM","PCS","CTN","8716200673723","87.400115"
"6021407","LIFEBUOY B.WASH MILD CARE 2X300ML","PCS-2","OFFER","6281006519503","51.4625"
"6021490","AAKASH ASSORTED CHIPS 130G","PCS-2","OFFER","3173324152100","8.912615"
"6021501","TIFFANY WAFER  MILK & VANILLA 40GM","PCS","OUT","3030000000492","14.375"
"6021501","TIFFANY WAFER  MILK & VANILLA 40GM","PCS","OUT","6291003085949","14.375"
"6021502","TIFFANY WAFER  CHOCOLATE 40GM","PCS","OUT","3030000000493","14.375"
"6021502","TIFFANY WAFER  CHOCOLATE 40GM","PCS","OUT","6291003085871","14.375"
"6021519","KLEENEX DAILY CARE 2PLY 150S","PCS","OUT","6085015560712","33.637499999999996"
"6021522","KLEENEX DAILY CARE 2PLY 190S","PCS","OUT","6085015560903","43.4125"
"6021534","M.RECIPE NORTH INDIA MIXED PICKLE 300GM","OFFER","OUT","2020000559986","16.3875"
"6021543","M.RECIPE GINGER GARLIC PASTE 300GM","OFFER","OUT2","2020000559726","21.7925"
"6021563","3M SB METALIC SPIRAL BALL 6S 1+1 FREE","PCS-2","OFFER","6291108931226","29.6125"
"6021564","3M SB CLASSIC LAMINATES 8S 1+1 FREE","PCS-2","OFFER","6291108930960","31.625000000000004"
"6021576","APTAMIL ADVANCE 3 2X900G","PCS-2","OFFER","6291109987901","155.25"
"6021587","BOLERO ENERGY ORANGE 1.5L","PCS","OUT","3800048226687","33.925"
"6021691","MCV COOKIE MELTS CHOCO CREAM HAZEL 23GM","PCS","OUT","6222024100328","21.85"
"6021710","FANTASTIC RICE CRAKER ORIGINAL 100GM","OFFER","OUT","2020000030935","21.5625"
"6021712","FANTASTIC RICE CRAKER CHEESE 100GM","OFFER","OUT","2020000030959","19.8375"
"6021754","BAHAR FRESH BLOSSOM 100GM","PCS","CTN","9501030710361","63.5375"
"6021760","CUDY DRINK JUICE 200 ML","PCS","CTN","3030000000582","19.538615000000004"
"6021783","ALMARAI ICE LEAF TEA PEACH HIBISCU 240ML","PCS","OUT","6281007069717","13.7885"
"6021784","ALMARAI ICE LEAF TEA LEMON 240ML","PCS","OUT","6281007069724","13.7885"
"6021785","ALMARAI ICE LEAF GREEN TEA MOROCN 240ML","PCS","OUT","6281007069731","13.742615"
"6021924","AQUA FRESH WATER 330ML","PCS","OUT","6291016004593","4.3125"
"6021926","AQUA FRESH WATER 1.5L","PCS","OUT","6291016004616","4.3125"
"6021927","SUN ICE MANGO 200ML","PCS","OUT","3030000000558","9.775"
"6021928","SUN ICE COCKTAIL 200ML","PCS","OUT","3030000000557","9.775"
"6021929","SUN ICE APPLE  200ML","PCS","OUT","6224011866729","9.775"
"6021930","SUN ICE ORANGE  200ML","PCS","OUT","3030000000553","9.775"
"6021932","SUN ICE PINEAPPLE  200ML","PCS","OUT","3030000000556","9.775"
"6021956","SILK SOAP 120GM","PCS","OUT","3030000000511","7.992500000000001"
"6021958","DAMLA SOAP 120GM","PCS","OUT","3030000000509","7.992500000000001"
"6021959","LIMEX HANDWASH 500ML","PCS","OUT","3030000000510","7.992500000000001"
"6021967","NEO HAND WASH CHERRY ROSE 5L","PCS","PCS-2","0726597843577","8.0385"
"6021971","NEO GLASS CLEANER 750ML","PCS","OUT","3030000001088","8.0385"
"6022007","LUV SOAP AQUA COOL 125GM","PCS","OUT","6291004705709","10.0625"
"6022008","LUV SOAP CLASSIC SERENE 125GM","PCS","OUT","6291004705716","10.0625"
"6022008","LUV SOAP CLASSIC SERENE 125GM","PCS","CTN","3030000000601","49.392500000000005"
"6022009","LUV SOAP JASMINE BREEZE 125GM","PCS","OUT","6291004705723","10.2925"
"6022009","LUV SOAP JASMINE BREEZE 125GM","PCS","CTN","3030000000602","49.392500000000005"
"6022010","LUV SOAP LIME REFRESH 125GM","PCS","OUT","6291004705730","10.0625"
"6022010","LUV SOAP LIME REFRESH 125GM","PCS","CTN","3030000000603","49.392500000000005"
"6022011","LUV SOAP ROSE MIST 125GM","PCS","OUT","6291004705693","10.0625"
"6022014","LUV SHAMPO ANTIDAND+DAM&SPLIT HAIR 400ML","PCS","OUT","6291004705761","14.375"
"6022014","LUV SHAMPO ANTIDAND+DAM&SPLIT HAIR 400ML","PCS","CTN","3030000000618","80.4425"
"6022015","LUV SHAMPO ANTIDAND+HAIR FALL RES 400ML","PCS","OUT","6291004705747","14.375"
"6022015","LUV SHAMPO ANTIDAND+HAIR FALL RES 400ML","PCS","CTN","3030000000619","80.4425"
"6022016","LUV SHAM DAILY SHINE+HAIR FALL RES 400ML","PCS","OUT","6291004705754","14.375"
"6022017","LUV SHOWER GEL ALOVRA & YOGURT 250ML","PCS","OUT","3030000000512","8.625"
"6022017","LUV SHOWER GEL ALOVRA & YOGURT 250ML","PCS","CTN","3030000000599","98.8425"
"6022018","LUV SHOWER GEL ROSE EXTRACT 250ML","PCS","OUT","3030000000513","8.625"
"6022018","LUV SHOWER GEL ROSE EXTRACT 250ML","PCS","CTN","3030000000600","98.8425"
"6022025","VOLGA SALT 1KG","PCS","CTN","3030000000530","16.042499999999997"
"6022036","STYLE TOUCH FACIAL TISSUE 200X2PLY","PCS","OUT","6293634162228","12.075"
"6022042","VITAL SUNFLOWER OIL 5L","PCS","CTN","3030000000815","153.812615"
"6022065","RAYSUT LIGHT MEAT TUNA SUN. OIL 160G","PCS","OUT","5439312409457","12.362499999999999"
"6022139","IIY GOLD SUNFLOWER OIL 1.5L","PCS","CTN","3030000000574","68.94250000000001"
"6022140","IIY GOLD SUNFLOWER OIL 5L","PCS","CTN","3030000000576","143.75"
"6022144","SPIKE COOKING OIL 1.5L","PCS","CTN","3030000000571","86.25"
"6022144","SPIKE COOKING OIL 1.5L","PCS","CTN","6291104482814","86.25"
"6022151","MAHRA CHICK PEAS 400GM","PCS","CTN","3030000000980","54.038500000000006"
"6022160","KLEENEX DAILY CARE 2PLY 120SX5 50% OFFER","PCS","OFFER","6085015560699","10.338500000000002"
"6022161","NESCAFE 3 IN 1 ORIGINAL COFFE STICK 25S","PCS","OUT","9556001297860","19.538615000000004"
"6022163","ZAM ZAM COLA 310ML","PCS","CTN","3030000000562","25.2885"
"6022164","ZAM ZAM DEW 310ML","PCS","CTN","3030000000559","25.2885"
"6022165","ZAM ZAM LEMONADE 310ML","PCS","CTN","3030000000626","25.2885"
"6022166","ZAM ZAM UP 310ML","PCS","CTN","3030000000560","25.2885"
"6022167","ZAM ZAM ORANGE 310ML","PCS","CTN","3030000000561","25.2885"
"6022184","MASTER CHEF PASTA #02 SPEGHETTI 4X400GM","PCS-2","OUT","6291109852483","9.1885"
"6022193","MAS CHEF PASTA #27 CORN RIGATE 4X400G","PCS-2","OFFER","6291109852490","9.1885"
"6022194","MAS CHEF PASTA #49 PENNE RIGATE 4X400G","PCS-2","OFFER","6291109852506","9.1885"
"6022195","MATER CHEFF VINE LEAVES 2X960GM","PCS-2","OFFER","6291109852513","18.1125"
"6022196","TANIA EVAPORATED MILK 170GM","PCS","CTN","3030000000695","79.3385"
"6022201","TIGO POP LEMON CHILI 6GM","PCS","OUT","8683628930847","9.775"
"6022205","RINGO POTATO RINGS 15GM","PCS","OUT","9501100019226","13.799999999999999"
"6022213","TIGO POP SWEET CORN 6GM","PCS","OUT","8683628930533","9.775"
"6022214","TIGO POP HOT CHEESE 6GM","PCS","OUT","8683628930465","9.775"
"6022215","TIGO POP PIZZA 6GM","PCS","OUT","8683628930410","9.775"
"6022216","TIGO POP KETCHUP 6GM","PCS","OUT","8683628930922","9.775"
"6022217","ALDIVA PORLEO 10+2 FREE","PCS","OUT","8682718423801","9.775"
"6022222","MAGIX SUNFLOWER SEEDS 25S","PCS","PCS-2","6297000150574","1.1384999999999998"
"6022223","MAGIX SUNFLOWER SEEDS 80GM","PCS","OUT","6297000150659","36.800000000000004"
"6022247","DALLAS VITAMIN C 240ML","PCS","CTN","3030000000520","56.35"
"6022248","NADOO COCKTAIL FRUIT DRINK 200ML","PCS","CTN","3030000000515","20.688499999999998"
"6022249","NADOO GUAVA FRUIT DRINK 200ML","PCS","CTN","3030000000516","20.688499999999998"
"6022250","NADOO MANGO FRUIT DRINK 200ML","PCS","CTN","3030000000517","20.688499999999998"
"6022251","NADOO APPLE FRUIT DRINK 200ML","PCS","CTN","3030000000518","20.688499999999998"
"6022252","NADOO ORANGE FRUIT DRINK 200ML","PCS","CTN","3030000000519","20.688499999999998"
"6022254","10 UP ENERGY DRINK 500ML","PCS","CTN","3030000000542","74.46249999999999"
"6022255","FC ENERGY DRINK 250ML","PCS","CTN","3030000000624","55.199999999999996"
"6022256","BLACK BEAR ENERGY DRINK 250ML","PCS","CTN","8698720865867","57.5"
"6022257","GORILLA CARBONATED DRINK 270ML","PCS","CTN","3030000000540","31.038499999999996"
"6022259","RED BULL SPICED PEAR 250ML","PCS","OUT","3030000000528","86.25"
"6022260","RED BULL APRICOT STRAWBERRY 250ML","PCS","OUT","3030000000529","86.25"
"6022274","TIDE DETERGENT POWDER 2.5KG","PCS","CTN","3030000000563","86.25"
"6022275","ARIEL DETERGENT POWDER 2.5KG","PCS","CTN","3030000000564","85.1"
"6022276","HEAD & SHOULDER SHAMPOO CLASSIC CLEAN 400ML","PCS","CTN","3030000000589","101.14250000000001"
"6022277","VATIKA SHMP ANTI BREAKAGE SHAMPO 400ML","PCS","CTN","3030000000591","101.14250000000001"
"6022278","HEAD & SHOULDER SHAMPOO CITRUS 400ML","PCS","CTN","3030000000590","101.14250000000001"
"6022281","HEAD & SHOULDER SHAMPOO SMOOTH & SILK 400ML","PCS","CTN","3030000000588","101.14250000000001"
"6022284","VATIKA  SHAMPOO DANDRUFF GUARD 400ML","PCS","CTN","3030000000527","100.05"
"6022287","VATIKA  SHAMPOO VOLUME 400ML","PCS","CTN","3030000000595","101.14250000000001"
"6022289","PANTENE SHAMPOO ANTI DANDRUFF 400ML","PCS","CTN","3030000000586","101.14250000000001"
"6022291","MARIANO ROUND BUISCUIT","PCS","OUT","3030000000524","6.612500000000001"
"6022292","AHLAN MIXED FRUIT DRINK 180GM","PCS","CTN","3030000000521","16.674999999999997"
"6022295","HANIPERS LIGHT CAKE WITH VANILLA 36GM","PCS","OUT","3030000000660","24.724999999999998"
"6022296","BRITONA WITH BLUEBERRY 34GM","PCS","OUT","6260001134454","18.3885"
"6022297","BRITONA WITH RICH CHOCO 34GM","PCS","OUT","6260001134669","18.3885"
"6022306","HANA PREMIUM GRAPE LEAVES 1KG","PCS","PCS-2","6224008506140","8.625"
"6022307","TORY SUNFLOWER OIL 1.8L","PCS","CTN","3030000000575","77.05000000000001"
"6022308","MIHAN UHT MILK 1L","PCS","OUT","6260176831196","16.0885"
"6022308","MIHAN UHT MILK 1L","PCS","OUT","6260176870898","16.0885"
"6022309","GOLDEN MAX ORANGE FLV BASID SEED 290ML","PCS","CTN","3030000000554","83.9385"
"6022310","GOLDEN MAX MANGO FLV BASID SEED 290ML","PCS","CTN","3030000000710","83.9385"
"6022311","GOLDEN MAX POMEGRAN FLV BASID SEED 290ML","PCS","CTN","3030000000713","55.199999999999996"
"6022312","GOLDEN MAX PINEAPPL FLV BASID SEED 290ML","PCS","CTN","3030000000543","83.9385"
"6022313","GOLDEN MAX BLUEBERR FLV BASID SEED 290ML","PCS","CTN","3030000000696","83.9385"
"6022314","GOLDEN MAX APPLE FLV BASID SEED 290ML","PCS","CTN","3030000000712","83.9385"
"6022315","GOLDEN MAX SOUR CHER FLV BASI SEED 290ML","PCS","CTN","3030000000545","108.675"
"6022328","ALVIEN CHOCOTOP MARSHMELLOW BISCI 20G","PCS","OUT","8682718481849","10.2925"
"6022329","ALVIEN CHOCOTOP COCOA BISCUITS 20G","PCS","OUT","8682718481856","10.2925"
"6022331","VIMTO TETRA 125ML","PCS","CTN","3030000000522","20.125"
"6022332","MUMTAZ EVEPORATED MILK 170ML","PCS","OUT","3030000001095","10.338500000000002"
"6022332","MUMTAZ EVEPORATED MILK 170ML","PCS","CTN","3030000000750","74.75"
"6022332","MUMTAZ EVEPORATED MILK 170ML","PCS","CTN","6291113005301","74.75"
"6022333","AL SHAFAA EXTRA VIRGIN OLIVES OIL 1L","PCS","CTN","3030000000580","167.84249999999997"
"6022335","KARAK  EVEPORATED MILK 170ML","PCS","CTN","6291105419703","90.275"
"6022342","AL MUDHISH TEA MILK 170ML","PCS","CTN","3030000000773","84.8125"
"6022342","AL MUDHISH TEA MILK 170ML","PCS","CTN","9501033111042","84.8125"
"6022343","AL MUDHISH GOLD EVAPORATED MILK 170ML","PCS","CTN","9501033111066","99.1875"
"6022344","GOLDEN DUCK BIRIYANI RICE 35KG","PCS","2KG","3030000001125","11.5"
"6022344","GOLDEN DUCK BIRIYANI RICE 35KG","PCS","4KG","3030000001185","18.3885"
"6022347","GREEN SWISS GARD SLICE GREEN OLIVE 340G","PCS","CTN","3030000000526","64.4"
"6022348","NAWAR SUN FLOWER OIL 5LTR","PCS","CTN","3030000000577","138.57500000000002"
"6022349","NAWAR SUNFLOWER  OIL 1.5LTR","PCS","CTN","3030000000573","76.99249999999999"
"6022351","KIRI CHEESE PORTION 100GM","PCS","OUT","3030000000523","41.1125"
"6022386","TASALI POTATO CHIPS 12G","OFFER","OUT","6281036070234","12.075"
"6022387","TASALI POTATO CHIPS KETCHUP 12G","OFFER","OUT","6281036070135","12.075"
"6022388","TASALI POTATO CHIPS CUMIN & LEMON 12G","OFFER","OUT","6281036004420","12.075"
"6022439","NOLLA PENE MACARONI 400GM","PCS","OUT","3030000000699","6.325"
"6022440","NOLLA ELBOW MACARONI 400G","PCS","OUT","3030000000701","6.325"
"6022441","NOLLA ELBOW VERMICILI 400G","PCS","OUT","3030000000700","6.325"
"6022447","ZOOPY CHICKEN FLVR NOODLES 560GM","PCS","OUT","8908003452401","5.4625"
"6022448","ZOOPY MIRCH FLVR NOODLES 560GM","PCS","OUT","8908003452753","5.4625"
"6022449","ZOOPY SHRIMP FLVR NOODLES 560GM","PCS","OUT","8908003452418","5.4625"
"6022450","ZOOPY MASALA FLVR NOODLES 560GM","PCS","OUT","8908003452739","5.4625"
"6022451","ZOOPY MANCHURIAN FLVR NOODLES 560GM","PCS","OUT","8908003452746","5.4625"
"6022452","RIYA GOLDSPANISH OLIVE OIL","PCS","CTN","3030000000538","129.375"
"6022453","RIYA GOLD SWEET CORN 240GM","PCS","OUT","3030000000525","8.625"
"6022477","SNICKERS PEANUT 22GM","PCS","PCS-2","8902433030123","2.2885"
"6022482","PARLE MARIE 800GM","PCS","OUT","8901719129018","12.362499999999999"
"6022483","NESTLE KIT KAT FINGERS 18.5GM","PCS","OUT","8901058001839","38.8125"
"6022484","NESTLE KIT KAT 4 FINGERS 38.5GM","PCS","OUT","8901058903171","54.625"
"6022486","IQRA ALL PURPOSE CLEANER 5 LTR","PCS","CTN","3030000000736","34.442499999999995"
"6022488","IQRA HAND WASH ASSORTED 5LTR","PCS","CTN","3030000000745","34.442499999999995"
"6022496","IQRA HAND WASH MIX  ASSORTED  500ML","PCS","OUT","3030000000537","6.8885000000000005"
"6022497","DR.IQRA HAND WASH ASSORTED 900ML","PCS","OUT","3030000000551","11.385"
"6022501","ZAHARA OLIVE OIL 1LTR PET","PCS","CTN","3030000000535","255.875"
"6022502","POKKA VITAMIN C 240ML","PCS","CTN","3030000000533","56.637499999999996"
"6022503","KING LEGEND 250ML","PCS","CTN","3030000000531","83.9385"
"6022504","KING LEGEND 500ML","PCS","CTN","3030000000532","87.6875"
"6022506","GO UP ENERGY DRINK 250ML","PCS","CTN","8681528270001","45.9425"
"6022507","DR.IQRA HAND WASH LAVENDER  LIQUID 900ML","PCS","OUT","3030000000883","11.7875"
"6022511","IQRA FABRIC SOFTENER 3L","PCS","CTN","3030000000566","36.7425"
"6022514","RUKMI CHOCOLATE BISCUIT ASSORTED 80GM","PCS","OUT","3030000000536","3.1625"
"6022514","RUKMI CHOCOLATE BISCUIT ASSORTED 80GM","PCS","CTN","3030000000546","25.875"
"6022516","CUDDY PINEAPPLE JUICE 200ML","PCS","CTN","8681511320249","19.538615000000004"
"6022517","CUDDY MANGO JUICE 200ML","PCS","CTN","3030000000583","19.538615000000004"
"6022520","TRIXY BUISCUIT WITH CARAMEL COVERED 20G","PCS","OUT","3030000000539","12.592499999999998"
"6022520","TRIXY BUISCUIT WITH CARAMEL COVERED 20G","PCS","OUT","6281100720201","12.592499999999998"
"6022554","ZAAKY TOMATO CHIPSTIX 24X18G","PCS","OUT","9501100484321","14.950115"
"6022555","SUROOR TOMATO CHIPSTIX 24X18G","PCS","OUT","9501100484376","14.950115"
"6022556","CRYSPO SALTED POPCORN 12X20G","PCS","OUT","6297000191959","13.799999999999999"
"6022557","RAJA POTATO CRUNCHIES 25X15G","PCS","OUT","6291011001498","14.950115"
"6022582","DOVE MOISTURIZING 400ML","PCS","OUT","3030000000547","101.14250000000001"
"6022583","DOVE H/F RESCUE  HAIR FALL 400ML","PCS","CTN","3030000000596","101.14250000000001"
"6022584","PANTEEN SHEER VOLUME SHAMPOO 400ML","PCS","CTN","3030000000587","101.14250000000001"
"6022592","DOVE INTENSIVE REPAIR SHAMPOO 400ML","PCS","CTN","3030000000597","101.14250000000001"
"6022594","PEPSI SOFT DRINK  CAN 330ML","PCS","CTN","3030000000824","67.5625"
"6022597","SMITHS CORN RINGS 25X16G","PCS","OUT","60607675542","16.674999999999997"
"6022597","SMITHS CORN RINGS 25X16G","PCS","OUT","606076755426","16.674999999999997"
"6022598","SMITHS SALT & VINEGAR 25X25GR","PCS","OUT","606076754146","31.625000000000004"
"6022600","SMITHS CHIPSTIC TOMA CRUNCHY & POTA 25GM","PCS","OUT","606076240502","31.625000000000004"
"6022607","DOVE SHMP NOURISHING OIL CARE 400ML","PCS","CTN","3030000000598","101.14250000000001"
"6022609","STING BERRY BLAST ENERGY DRINK 250ML","PCS","OUT","3030000000552","34.442499999999995"
"6022611","ALMARAI UHT MILK FF ADDED VITAMINS 150ML","PCS","OUT","6281007049597","12.592499999999998"
"6022611","ALMARAI UHT MILK FF ADDED VITAMINS 150ML","PCS","CTN","6281007046244","37.375"
"6022615","FITNESS CHOCO BANANA CEREAL BAR 23.5GM","PCS","PCS-3","5900020042651","3.7375000000000003"
"6022624","BANARASI MINT 2X45 TWIN PACK","PCS","OUT","1000000216509","147.20000000000002"
"6022626","MOUNTAIN DEW M. DEW CAN 330ML","PCS","CTN","3030000000852","67.5625"
"6022644","DETTOL SOAP FRESH 4X110 GM OFFER","OFFER","CTN","3030000000609","86.25"
"6022645","DETTOL SOAP ORIGINAL 4X110 GM OFFER","OFFER","CTN","3030000000611","81.5925"
"6022646","DETTOL SOAP SKINCARE 4X110 GM OFFER","OFFER","CTN","3030000000610","82.225"
"6022650","LUX BODY WASH  ROMANS HIBISCUS 700ML","PCS","CTN","3030000000614","80.4425"
"6022652","LUX BW VELVET JASMINE 700ML","PCS","CTN","3030000000568","80.4425"
"6022653","LUX BW MAGICAL ORCHI 700ML","PCS","CTN","3030000000613","80.4425"
"6022654","LUX BW SWEET DAHLIA  700ML","PCS","CTN","3030000000612","80.4425"
"6022657","ENCHANTEUR TALC STUNNING  250GM","PCS","CTN","3030000000615","67.27499999999999"
"6022659","ENCHANTEUR TALC ALLURINA  250GM","PCS","CTN","3030000000617","68.1375"
"6022662","VATIKA  SHAMPOO HYDTRAE & NOURIS 400ML","PCS","CTN","3030000000592","101.14250000000001"
"6022663","VATIKA  SHAMPOO REUIDALIZE  400ML","PCS","CTN","3030000000594","101.14250000000001"
"6022664","ENCHANTEUR TALC CHARMING  250GM","PCS","CTN","3030000000616","68.1375"
"6022759","ARABIAN NIGHT FACIAL TISSUE  STYLE 200S","PCS","OUT","3030000000555","12.362499999999999"
"6022774","REIHAN VANILLA POWDER 20GM","PCS","OUT","6281102101664","16.674999999999997"
"6022833","CORNETTO CROSSAINT CHOCOLATE 40G","PCS","OUT","8050705434459","9.775"
"6022840","KINZA CARBONATED COLA DRINK 250ML","PCS","CTN","3030000001084","60.95"
"6022882","CORNETTO CROSSAINT RED FRUITS 40G","PCS","OUT","8050705434466","9.4875"
"6022883","LIKE HOME CROSSAINT CHOCOLATE 40G","PCS","OUT","024354210700","9.775"
"6022884","LIKE HOME CROSSAINT CHOCOLATE 40G","PCS","OUT","024354210267","9.775"
"6022906","SUNNY OFFER CLEAR TAPE 2""MEDIUM X 6","PCS","OUT","7806723195459","13.225000000000001"
"6022907","SUNNY OFFER BROWN TAPE 2""MEDIUM X 6","PCS","OUT","7806723195442","13.225000000000001"
"6022908","SUNNY OFFER TAPE 2""MEDIUM X 4","PCS","OUT","7806723198214","13.5125"
"6022919","SUNNY OFFER PLASTIC TABLE SPOONS 50SX5","PCS","OUT","7806723196555","11.2125"
"6022920","SUNNY PLASTIC TABLE SPOON BLACK 50SX5","PCS","OUT","7806723204779","13.7885"
"6022942","NESCAFE RTD MOCHA 225ML","PCS","OUT","6294017144480","33.925"
"6022943","NESCAFE RTD CAPPUCCINO 225ML","PCS","OUT","6294017144466","33.925"
"6022945","NESCAFE RTD SPANISH LATE 225ML","PCS","OUT","6294017144503","33.925"
"6022982","JO SOAP ROSE & CREAM  SOAP 125GM","PCS","OUT","6291100761104","9.4875"
"6022982","JO SOAP ROSE & CREAM  SOAP 125GM","PCS","CTN","3030000000623","50.5425"
"6022988","HANIPERS LIGHT CAKE WITH VANILLA 36GM","PCS","OUT","6260001382473","12.6385"
"6022997","MARINO ROUNDY ATC CREAM BISCUITS CHOCOLO","PCS","OUT","3030000000667","5.6925"
"6023002","MAHRA PURE SALT FINE 1KG","PCS","CTN","6290361442036","17.25"
"6023023","SUNNY CAMPING GAS 3X190GM","PCS","SIZE-1","6260025509016","4.8875"
"6023026","SUNNY ALUMINUM TAPE 2""LARGE","PCS","PCS-2","2961643720831","6.8999999999999995"
"6023056","ENCHANTEUR SOAP 125GM","PCS","OUT","8888256987458","9.775"
"6023084","LUX TEMPING MUSK FLOWER 170GM","PCS","OUT","6281006584600","46.575"
"6023100","GODREJ CINTHOL SOAP SANDAL 125GM","PCS","OUT","3030000000620","14.0875"
"6023101","GODREJ CINTHOL SOAP HERBAL 125GM","PCS","OUT","3030000000621","14.375"
"6023156","GOLDEN MAX VITAMIN C 240ML","PCS","CTN","3030000000622","56.35"
"6023176","AL NABULSI PURE SUNFLOER OIL 1.8L","PCS","CTN","3030000000751","75.9"
"6023180","BLACK BRUIN 250ML","PCS","CTN","3030000000632","57.44250000000001"
"6023201","TIDE HS ORIGINAL 120G","PCS","CTN","8700216401487","141.45"
"6023212","LARAIX WATER 250ML","PCS","OUT","6299000099174","7.7625"
"6023213","LARAIX WATER 200ML","PCS","OUT","6291107341828","7.7625"
"6023214","LARAIX WATER 500ML","PCS","OUT","6291107341880","4.3125"
"6023218","MM  PLUM CAKE CHOCLATE 10PCS MEGA 450GM","PCS","OUT","8050705432257","13.225000000000001"
"6023232","POLO MINT HOLE 12GM","PCS","OUT","8901058002249","17.1925"
"6023244","DETTOL SOAP SIKN CARE 70GM","PCS","OUT","3030000001183","13.5125"
"6023263","SUPERMAN VITAMIN C 240ML","PCS","PCS-2","6260693903581","2.875115"
"6023263","SUPERMAN VITAMIN C 240ML","PCS","OUT","3030000000675","16.0885"
"6023263","SUPERMAN VITAMIN C 240ML","PCS","OUT2","3030000000973","33.338499999999996"
"6023263","SUPERMAN VITAMIN C 240ML","PCS","CTN","3030000000627","64.38850000000001"
"6023264","LIFEBUOY BAR 3+1 MILD CARE 160GM","PCS","OUT","6281006510449","31.9125"
"6023268","JOHNSON TP BABY SHAMPOO 500ML","PCS","OUT","9717890897986","33.925"
"6023284","DR ALVIN KOJIC ACID SOAP  65GM","PCS","OUT","4806533720769","19.8375"
"6023318","KOJIC SAN PROMO SKIN LIGHTENI SOAP 100GM","PCS","OUT","4809014128337","21.275"
"6023320","SANITA FAICLA BLACK 150SHEET","OFFER","OUT","3030000000634","14.0875"
"6023321","DOVE MOISTUR SOAP BAR ORIGINAL 135GM","PCS","OUT","3030000000643","24.15"
"6023322","DOVE MOISTUR SOAP BAR PINK ROSE 135GM","PCS","OUT","3030000000644","24.15"
"6023371","BLACK BRUIN ENERGY DRINK 500ML","PCS","CTN","3030000000633","73.5425"
"6023372","OLKOM SUNFLOWER OIL 3L","PCS","CTN","3030000000656","58.3625"
"6023372","OLKOM SUNFLOWER OIL 3L","PCS","CTN2","3030000000746","113.85"
"6023373","SANITA FAICLA BLUE 150 SHEET","OFFER","OUT","3030000000635","14.0875"
"6023380","NEW PACK CROISSANT CREAM 50GM","PCS","CTN","6211421101021","30.1875"
"6023381","NEW PACK CROISSANT STRAWBERRY JAM 50G","PCS","CTN","6211421102028","30.1875"
"6023386","COSMO BLACK TIGER+WHITE TIGER 100ML","PCS-2","OFFER","6085010042800","17.825"
"6023392","RIYA BUTTER COOKIES 2X400GM","PCS","PCS-2","3030000000659","8.337499999999999"
"6023394","SAFA LABAN UP SPICY CHIPS 200ML","PCS","OUT","6291016008089","11.4885"
"6023400","CADBURYS DAIRY MILK SWIRL MULT 90ML","PCS","PCS-2","3030000000909","8.625"
"6023402","LUX SOAP GLOWING SKIN ROSE 120GM","PCS","OUT","6281006586918","19.538615000000004"
"6023405","LUX SOAP FLAW LESS SKIN  120GM","PCS","OUT","6281006586888","25.2425"
"6023408","OMO COMFORT AUTOMATIC 2.5KG","PCS","OUT","6221155129536","62.387499999999996"
"6023411","MONSTER THE DECTO VR 46 ENER DRINK 500ML","PCS","CTN","3030000000645","195.44249999999997"
"6023412","MONSTER AUSSIE LEMON STYLE ENERGY 500ML","PCS","CTN","3030000000646","195.44249999999997"
"6023413","MONSTER ASSAULT ENERGY DRINK 500ML","PCS","CTN","3030000000647","195.44249999999997"
"6023414","MONSTER MONASTER ENERGY DRINK 500ML","PCS","CTN","3030000000648","195.44249999999997"
"6023415","MONSTER ULTRA PARADIS ENERGY DRINK 500ML","PCS","CTN","3030000000649","195.44249999999997"
"6023416","MONSTER PACIFIC PUNCH ENERGY DRINK 500ML","PCS","CTN","3030000000650","195.44249999999997"
"6023417","MONSTER PIPELINEPUNCH ENERGY DRINK 500ML","PCS","CTN","3030000000651","195.44249999999997"
"6023418","MONSTER MARIPOSA ENERGY DRINK 500ML","PCS","CTN","3030000000652","195.44249999999997"
"6023419","MONSTER WATERMELON ENERGY DRINK 500ML","PCS","CTN","3030000000653","195.44249999999997"
"6023420","MONSTER MOCHO LOCO ENERGY DRINK 500ML","PCS","CTN","3030000000654","195.44249999999997"
"6023421","MONSTER KHAOTIC ENERGY DRINK 500ML","PCS","CTN","3030000000655","195.44249999999997"
"6023433","FUTURE CLUB (FC) ENERGY DRINK 500ML","PCS","CTN","3030000000662","74.73849999999999"
"6023434","GO UP ENERGY DRINK 500ML","PCS","CTN","3030000000661","74.73849999999999"
"6023445","MISS PARIS RADIANCE SOAP  120GM","PCS","OUT","3030000000923","12.075"
"6023446","MISS PARIS ROMANCE SOAP 120GM","PCS","OUT","3030000000918","12.075"
"6023447","MISS PARIS PASSION SOAP 120GM","PCS","OUT","3030000000922","12.075"
"6023448","MISS PARIS GLAMOUR SOAP 120GM","PCS","OUT","3030000000683","12.075"
"6023449","MISS PARIS MAJESTY SOAP 120GM","PCS","OUT","3030000000676","12.075"
"6023450","SILK SOAP MIDNIGHT ORCHID 170GM","PCS","OUT","3030000000678","17.825"
"6023451","SILK SOAP SEA BUTTER 170GM","PCS","OUT","3030000000682","17.825"
"6023452","SILK SOAP NATURAL OLIVES 170GM","PCS","OUT","3030000000680","17.825"
"6023453","SILK SOAP SEA MINERALS 170GM","PCS","OUT","3030000000677","17.825"
"6023454","SILK SOAP VELVETY ROSE 170GM","PCS","OUT","3030000000679","17.825"
"6023455","SILK SOAP PEARL GLOW 170GM","PCS","OUT","3030000000681","17.825"
"6023457","AIWAA BLUE 250ML","PCS","CTN","3030000000664","68.94250000000001"
"6023462","AIWAA RED 250ML","PCS","CTN","3030000000663","68.94250000000001"
"6023487","MELCO ORANGE 180ML","PCS","OUT","3030000001114","7.4750000000000005"
"6023487","MELCO ORANGE 180ML","PCS","CTN","6291016004821","31.625000000000004"
"6023488","MELCO MANGO 180ML","PCS","OUT","3030000001115","7.4750000000000005"
"6023488","MELCO MANGO 180ML","PCS","CTN","6291016004845","31.625000000000004"
"6023489","MELCO COCKTAIL 180ML","PCS","OUT","3030000001116","7.4750000000000005"
"6023489","MELCO COCKTAIL 180ML","PCS","CTN","6291016004838","31.625000000000004"
"6023490","CRISPO CORN STICKS KETCHUP 15GM","PCS","OUT","6297000191805","24.15"
"6023494","CRISPO BAG POPCORN CHILLI FLAVOUR 20GM","PCS","OUT","6297000191737","13.225000000000001"
"6023495","CRISPO CORN CARAAREY 30GM","PCS","OUT","6297000191881","14.6625"
"6023496","CRISPO CORN CHEESE BALL 15GM","PCS","OUT","6297000191744","14.0875"
"6023498","HAYATNA 150X2PLY SHEETS","PCS","OUT","6290361530573","8.625"
"6023499","CRISPO CORN STICKS SALT&VENGR 15GM","PCS","OUT","6297000191768","14.938500000000001"
"6023500","CRISPO POTATO RING KETCHUP 14GM","PCS","OUT","6297000191836","14.938500000000001"
"6023501","CRISPO POTATO TWISTER MASALA 14GM","PCS","OUT","6297000191829","14.938500000000001"
"6023502","EMAN CORN STICKS SALT&VINIGAR 15GM","PCS","OUT","805627255037","12.6385"
"6023503","EMAN CORN STICKS TOMATO CHILLI 15GM","PCS","OUT","805627255020","12.6385"
"6023504","EMIRATES POFAK CHILLI SMALL 15GM","PCS","OUT","6291028005342","14.6625"
"6023505","EMIRATES POFAK SPICY HPT CAN 80GM","PCS","OUT","6291028017048","102.35000000000001"
"6023506","EMIRATES POFAK CHEESE CAN 80GM","PCS","OUT","6291028016119","91.42500000000001"
"6023508","HALA SNACKS 15GM","PCS","OUT","9501100019851","13.5125"
"6023509","LULU SNACKS 15GM","PCS","OUT","9501100019837","12.6385"
"6023510","MAJID CHIPS 12GM","PCS","OUT","3030000000669","16.0885"
"6023511","MAJID FAMILY 20GM","PCS","OUT","9501100010353","14.375"
"6023512","MAZOON CHIPS  20GM","PCS","OUT","9501100010308","14.6625"
"6023513","MINOMAN CHEESE CHIPS 22GM","PCS","OUT","9501100484475","7.7625"
"6023514","MINOMAN CHILLI CHIPS 22GM","PCS","OUT","9501100484499","7.1875"
"6023515","MR.KRISPS CHEESE BALL CAN 80GM","PCS","OUT","6291028000118","40.2385"
"6023516","MR.KRISPS CHEESE SPICY CAN 80GM","PCS","OUT","6291028870049","91.42500000000001"
"6023517","MR.KRISPS JALAPENO CAN 80GM","PCS","OUT","6291028007100","91.42500000000001"
"6023518","MR.KRISPS POTATO STICKS 45GM","PCS","OUT","629102804136","19.538615000000004"
"6023519","MR.KRISPS RING CAN NATURAL 80GM","PCS","OUT","6291028005021","91.42500000000001"
"6023520","MR.KRISPS TORTILLA PIZZA CAN 80GM","PCS","OUT","291028002150","91.42500000000001"
"6023521","MR.KRISPS TWISTS CAN 80GM","PCS","OUT","6291028006028","91.42500000000001"
"6023522","QARMOOSH CHIPS 15GM","PCS","OUT","9501100014344","14.375"
"6023523","SMITHS QRAKERS CHEESE 20GM","PCS","OUT","606076652053","48.5875"
"6023524","SMITHS SQUARE READY SALTED 20GM","PCS","OUT","0606076240311","48.5875"
"6023526","CODE RED ENERGY DRINK 250ML","PCS","CTN","3030000000673","108.0425"
"6023527","VIVA ORANGE NECTAR JUICE 200ML","PCS","OUT","3030000001094","5.7385"
"6023527","VIVA ORANGE NECTAR JUICE 200ML","PCS","CTN","3030000000671","25.2885"
"6023528","VIVA MANGO NECTAR JUICE 200ML","PCS","CTN","3030000000672","25.2885"
"6023575","SUNNY BUTANE GAS 1X4","PCS-2","OFFER","7806723189014","19.262500000000003"
"6023584","MONSTER ULTA FIESTA 500ML","PCS","CTN","3030000001072","183.98850000000002"
"6023624","SAMYANG  CARBONARA HOT CHICKEN 130GM","PCS","OUT","8801073142312","33.925"
"6023625","SAMYANG JIAJANG HOT CHICKEN 140GM","PCS","OUT","8801073142367","33.925"
"6023626","SAMYANG CHEESE HOT CHICKEN 140GM","PCS","OUT","8801073141780","33.925"
"6023627","SAMYANG STEW HOT CHICKEN 140GM","PCS","OUT","8801073141858","33.925"
"6023628","BULDAK KIMCHI 135GM","PCS","OUT","8801073142961","30.475"
"6023629","SAMYANG CREAMY CARBO HOT CHICKEN 140GM","PCS","OUT","8801073143203","33.925"
"6023630","SAMYANG EXTREME 3X HOT CHICKEN 140GM","PCS","OUT","8801073142978","33.925"
"6023631","SAMYANG BULDAK RAMEN QUATTRO CHEESE 145G","PCS","OUT","8801073143463","33.925"
"6023632","SAMYANG BULDAK HABANERO LIME 140GM","PCS","OUT","8801073143777","33.925"
"6023633","SAMYANG HOT CHICKFLAV RAM HALF SPIC 140G","PCS","OUT","8801073240032","30.475"
"6023634","SAMYANG HOT CHIC FLAV RAM TOMAT PAS 140G","PCS","OUT","8801073143074","30.475"
"6023635","SAMYANG BULGOGI SOUP NOODLE 140G","PCS","OUT","8801073143876","30.475"
"6023636","SAMYANG SPICY 120GM","PCS","OUT","8801073142220","30.475"
"6023637","SAMYANG SKIMCHI 120GM","PCS","OUT","4710145211037","30.475"
"6023639","SAMYANG CHAHARONI RAMEN 140GM","PCS","OUT","8801073101531","24.4375"
"6023640","SUTAH RAMEN 120GM","PCS","OUT","8801073104150","24.4375"
"6023642","SAMYANG POTATO RAMEN 120GM","PCS","OUT","8801073140622","24.4375"
"6023643","SAMYANG VEGETASTY NOODLE SOAP 115GM","PCS","OUT","8801073140530","24.4375"
"6023644","SAMYANG HOT PEPPER STIR-FRIED RAMEN 120G","PCS","OUT","8801073143432","24.4375"
"6023645","SAMYANG U-DONG 120GM","PCS","OUT","4710145710028","24.4375"
"6023691","ARACA CHICKEN GRILLER 800GM","PCS","CTN","3722476711514","118.45"
"6023696","TIFFANY WAFER BREAK  25GM","PCS","OUT","6291003205187","16.674999999999997"
"6023698","TIFFANY BREAK DELIGHTS 21GM","PCS","OUT","6291003204586","16.3875"
"6023714","BONTIME STROOPWAFELS CARAMEL 36GM","PCS","OUT-3","6298042782556","12.075"
"6023791","GTA CHICKEN 900GM","PCS","CTN","7798016100410","135.6425"
"6023798","7DAYS CAKE BAR ENBORED CARAMEL 40GM","PCS","OUT","6281007065283","18.400000000000002"
"6023798","7DAYS CAKE BAR ENBORED CARAMEL 40GM","PCS","OUT2","6281007065290","37.375"
"6023802","ZAM ZAM TUTTI FRUITTI 310ML","PCS","CTN","3030000000697","25.2885"
"6023803","ZAM ZAM STRWBERRY 310ML","PCS","CTN","3030000000698","25.2885"
"6023821","AVIA FROZEN CHICKEN GRILLER 900GM","PCS","CTN","17898506324634","136.85"
"6023823","NEST CHEE CORN PUFFS WITH CHEDD CHEE 40G","PCS","OUT","3030000000702","8.625"
"6023824","NEST POP CORN WITH CHEESE FLVR 40GM","PCS","OUT","3030000000704","8.625"
"6023825","NEST CHIPS WITH PIZZA FLVR 40GM","PCS","OUT","3030000000705","8.625"
"6023828","SADIA CHICKEN THIGHS 900G","PCS","CTN","3722476177792","150.65"
"6023829","SADIA CHICKEN LEG 900GM","PCS","CTN","3722476177815","154.96249999999998"
"6023834","DOUX CHICKEN FROZEN 800GM","PCS","CTN","3280316007802","134.54999999999998"
"6023846","OREO CHOCO CREAM 36.8GM","PCS","OUT","7622201764548","18.6875"
"6023848","LIKE HOME DONUT CAKE MULTIPA COCA  40GM","PCS","OUT","024354211578","6.325"
"6023862","LIKE HOME DONUT CAKE MULTIPA CARAMEL 40G","PCS","OUT","024354211691","6.325"
"6023963","BASMAH PUFAK FLAMING HOT 14GM","PCS","OUT","6084000110093","17.25"
"6023964","BASMAH PUFAK CHEESE 14GM","PCS","OUT","6084000110017","17.25"
"6023965","BASMAH PUFAK VEGETABLE & CHEESE 14GM","PCS","OUT","6084000110321","17.25"
"6023966","BASMAH PUFAK TOTAMTO KETCHUP 14GM","PCS","OUT","6084000110246","17.25"
"6023967","BASMAH PUFAK VEGGIE STRAWS 18GM","PCS","OUT","6084000119997","25.875"
"6023976","ZEEKO BALLES CHEESE 12GM","PCS","OUT","5033876051154","14.375"
"6023977","FANTAZEE CHEESE CURLS JALAPENO 22GM","PCS","OUT","5333876054682","14.375"
"6023978","FANTAZEE POTATO KETCHUP 15GM","PCS","OUT","5033876050485","18.1125"
"6023979","FANTAZEE POTATO CHIPS CHILLI 15GM","PCS","OUT","5033876050454","17.25"
"6023980","FANTAZEE POTATO CHIPS S&V 15GM","PCS","OUT","5033876050478","17.25"
"6023981","FANTAZEE POTATO CHIPS BARBECUE 15GM","PCS","OUT","5333876408720","17.25"
"6023982","FANTAZEE POTATO CHIPS CHEESE 15GM","PCS","OUT","5033876048963","17.25"
"6023984","KELLO COCO POPS CHO COS 330GM","PCS-3","OFFER","6290050427399","41.1125"
"6024046","DELI THINK 1.5-5MM BLUE","PCS","OUT","6921734941152","16.674999999999997"
"6024077","CANADA DRY CREAM SODA 250ML","PCS","OUT","5449000178671","16.042499999999997"
"6024078","CANADA DRY DANA 250ML","PCS","OUT","5449000178701","16.042499999999997"
"6024079","COCA COLA SPRITE ZERO CALORIES 500ML","PCS","CTN","5449000104342","109.25"
"6024080","EKON VANILA FLV BISCUITS 140GM","PCS","OUT","3030000000732","6.0375"
"6024082","EKON STRAWBRY FLVR BISCUITS 140GM","PCS","OUT","3030000000733","6.0375"
"6024084","EKON CHOCOLATE FLVR BISCUITS 140GM","PCS","OUT","3030000000734","6.0375"
"6024085","EKON BANANA FLV BISCUITS 140GM","PCS","OUT","3030000000735","6.0375"
"6024097","KD DYNAMIC  VANILLA WAFER 100GM","PCS","OUT","3030000000726","10.0625"
"6024097","KD DYNAMIC  VANILLA WAFER 100GM","PCS","CTN","18901972070413","90.8385"
"6024100","KD DIGESTIVE BISCUITS 130GM","PCS","OUT","3030000000716","8.912615"
"6024100","KD DIGESTIVE BISCUITS 130GM","PCS","CTN","18901972076156","106.93849999999999"
"6024102","KD DYNAMIC VANILLA BISCUIT 150GM","PCS","OUT","3030000000718","8.912615"
"6024102","KD DYNAMIC VANILLA BISCUIT 150GM","PCS","CTN","3030000001108","106.93849999999999"
"6024104","KD DYNAMIC ORANGE WAFER 100GM","PCS","OUT","3030000000720","7.4750000000000005"
"6024105","KD DYNAMIC STRAWBERRY WAFER 100GM","PCS","OUT","3030000000721","7.4750000000000005"
"6024105","KD DYNAMIC STRAWBERRY WAFER 100GM","PCS","CTN","3030000000979","91.988615"
"6024106","KD DYNAMIC STRAWBERY  BISCUIT  150GM","PCS","OUT","3030000000722","8.912615"
"6024106","KD DYNAMIC STRAWBERY  BISCUIT  150GM","PCS","CTN","3030000001103","108.3875"
"6024107","KD DYNAMIC PINEAPPLE CREAM BISCUITS 150G","PCS","OUT","3030000000723","8.912615"
"6024107","KD DYNAMIC PINEAPPLE CREAM BISCUITS 150G","PCS","CTN","3030000001105","106.93849999999999"
"6024108","KD DYNAMIC MANGO CREAM BISCUITS 150GM","PCS","OUT","3030000000709","8.912615"
"6024108","KD DYNAMIC MANGO CREAM BISCUITS 150GM","PCS","CTN","3030000001106","106.93849999999999"
"6024109","KD DYNAMIC CHOCOLATE CREAM BISCUITS 150G","PCS","OUT","3030000000724","8.912615"
"6024109","KD DYNAMIC CHOCOLATE CREAM BISCUITS 150G","PCS","CTN","3030000001107","106.93849999999999"
"6024110","KD DYNAMIC ORANGE CREAM BISCUITS 150GM","PCS","OUT","3030000000725","8.912615"
"6024110","KD DYNAMIC ORANGE CREAM BISCUITS 150GM","PCS","CTN","3030000001104","106.93849999999999"
"6024113","IMPERIAL LEATHER CLASSIC SOAP 125G","PCS","OUT","3030000000727","12.362499999999999"
"6024117","ARABIAN BEE HONEY 500GM","PCS","OUT","8906091723519","12.9375"
"6024118","CUSSONS I/L ELEGANCE SOAP 125GM","PCS","OUT","3030000000728","12.362499999999999"
"6024119","CUSSONS I/L ACTIVE SOAP 125GM","PCS","OUT","3030000000729","12.362499999999999"
"6024120","IMPERIAL LEATHER GOLD SOAP 125 GM","PCS","OUT","3030000000730","12.362499999999999"
"6024121","IMPERIAL LEATHER EXTRA CARE SOAP 125G","PCS","OUT","3030000000731","12.362499999999999"
"6024142","CARE BABY SOAP 150GM","PCS","OUT","3030000000737","9.1425"
"6024143","ARABIAN BEE HONEY 400GM","PCS","OUT","8906091723571","12.075"
"6024147","TRUE CHOICE GAR ROLL 46X52","PCS","OUT","7841101102407","12.362499999999999"
"6024148","TRUE CHOICE GAR ROLL 54X60","PCS","OUT","7841101102414","13.742615"
"6024149","TRUE CHOICE GAR ROLL 60X90","PCS","OUT","7841101102421","14.950115"
"6024150","TRUE CHOICE GAR ROLL 75X103","PCS","OUT","7841101102438","16.042499999999997"
"6024151","TRUE CHOICE GAR ROLL 80X110","PCS","OUT","7841101102445","13.742615"
"6024152","TRUE CHOICE GAR ROLL 90X110","PCS","OUT","7841101102452","22.425"
"6024153","TRUE CHOICE GAR ROLL 105X125","PCS","OUT","7841101102469","13.742615"
"6024154","TRUE CHOICE GAR ROLL 120X140","PCS","OUT","7841101102476","19.4925"
"6024156","FREYA JASMINE SOAP75 GM","PCS","OUT","3030000000739","5.4625"
"6024158","FREYA HONEY SOAP75 GM","PCS","OUT","3030000000740","5.4625"
"6024163","PANADOL ACTIFAST 2 TABLETS","SET","PKT","08816504","16.042499999999997"
"6024163","PANADOL ACTIFAST 2 TABLETS","SET","PKT","6291109120452","16.042499999999997"
"6024164","PANADOL GREEN 2 TABLETS","SET","CARD","3030000000744","10.35"
"6024164","PANADOL GREEN 2 TABLETS","SET","PKT","008811509","19.55"
"6024164","PANADOL GREEN 2 TABLETS","SET","PKT","08811509","19.55"
"6024187","TENSIL DECORATION 9CM X 2M","PCS","PCS-2","0801138135615","4.025"
"6024227","PARTY POPPER ROLL 50CM","PCS","PCS-2","840013135616","10.0625"
"6024257","ZWAN LUNCHEON MEAT BEEF 200GR PROMO.","OFFER","OUT","6291058159015","27.025115"
"6024262","ZWAN LUNCHEON MEATBEEF H&S 200GR","OFFER","OUT","6291058159022","27.025115"
"6024263","ZWAN CHICKEN L/M 200GR PROMO.","OFFER","OUT","6291058159039","30.1875"
"6024264","ZWAN LUNCHEON MEAT CHICKEN H&S 200G PROM","OFFER","OUT","6291058159046","27.025115"
"6024265","ZWAN LUNCHEON MEAT TURKEY 200 GR PROMO.","OFFER","OUT","6291058159053","27.025115"
"6024266","SNIPS SHIPS ASSTD TWIN PACK 150G PROMO","OFFER","OUT","2020000520177","17.1925"
"6024294","STING ENERGY DRINK BLUE 250ML","PCS","OUT","3030000000747","37.938500000000005"
"6024295","BEATS ENERGY DRINK 250ML","PCS","OUT2","3030000000776","6.612500000000001"
"6024295","BEATS ENERGY DRINK 250ML","PCS","OUT","3030000000748","17.25"
"6024295","BEATS ENERGY DRINK 250ML","PCS","CTN","3030000000752","33.338499999999996"
"6024448","CAPRISUN ORANGE 40X200ML","PCS","PCS-2","6281101260096","2.3000000000000003"
"6024449","CAPRISUN MIX FRUIT 40X200ML","PCS","PCS-2","6281101260119","2.3000000000000003"
"6024461","ALMARAI UHT JUICE MIXFRUIT ORANGE 180ML","PCS","OUT","6281007069625","11.0975"
"6024461","ALMARAI UHT JUICE MIXFRUIT ORANGE 180ML","PCS","CTN","6281007069649","33.062615"
"6024470","PURE PLUS FACIAL TISSUE 2 PLY X 300","PCS","OUT","6290360086569","10.338500000000002"
"6024470","PURE PLUS FACIAL TISSUE 2 PLY X 300","PCS","OUT","6298044202878","10.338500000000002"
"6024486","NOOR SUNFLOWER OIL 3X1.5L","PCS","PCS-2","3030000000799","16.3875"
"6024487","MIHAN DOOGH MINT LABAN 270ML","PCS","OUT","6260176808397","6.8999999999999995"
"6024501","SUROOR SPIRAL SALT & VINEGAR 14G","PCS","OUT","9501100484833","14.375"
"6024502","TAHA CHIPS 15GM","PCS","OUT","9501100019844","14.375"
"6024503","SARA CHIPS 15GM","PCS","OUT","9501100018199","14.375"
"6024524","VITAMIN C BOOM BOOM 240ML","PCS","OUT","3030000000772","14.375"
"6024524","VITAMIN C BOOM BOOM 240ML","PCS","CTN","3030000000755","131.1"
"6024531","FRANGOSUL CHICKEN 800GM","PCS","CTN","17894904041821","104.5925"
"6024563","PECH PECH CLASSIC COCOA CREAM 50GM","PCS","OUT","6263041004350","7.1875"
"6024564","NIHMA SUNFLOWER SEED 25G","PCS","OUT","0174872038963","21.5625"
"6024568","NUJOOM SPANISH TOMATO 25GM","PCS","OUT","8906060181708","13.742615"
"6024569","NUJOOM POPCORN CHEESE 25GM","PCS","OUT","8906684877339","13.742615"
"6024570","NUJOOM POPCORN SALTED 25GM","PCS","OUT","9510002478291","13.742615"
"6024571","NUJOOM CHILLI POPCORN 25GM","PCS","OUT","8906060181739","13.742615"
"6024579","MIGLOR SALMON CAT WET FOOD 100GM","PCS","OFFER","80075200130174","16.9625"
"6024580","MIGLOR CHUNKS CHICK/TURKEY CAN WET 405G","PCS","OFFER","8007520014137","23.862499999999997"
"6024581","MIGLOR CHUNKS SALMON 405GM","PCS","OFFER","8007520014144","23.862499999999997"
"6024582","MIGLOR CHUNKS BEEF CAT WET FOOD 405GM","PCS","OFFER","8007520014120","23.862499999999997"
"6024584","REFLEX ADULT CAT FOOD GOURMENT CHICK 2KG","PCS","OFFER","86989950288372","102.63749999999999"
"6024585","REFLEX KITTEN FOOD CHICKEN & RICE 2KG","PCS","OFFER","86989950288518","108.675"
"6024586","REFLEX ADUL CAT STERIL SALMON & RICE 2KG","PCS","OFFER","86989950288440","119.8875"
"6024595","PETALS FACIAL TISUE 150 SHET","PCS","OUT","6291106520941","9.4875"
"6024595","PETALS FACIAL TISUE 150 SHET","PCS","OUT","6291106523171","9.4875"
"6024596","SOFTCARE BABY WIPES 72 SHEET","PCS","OUT","6291106522365","12.075"
"6024597","SOFTCARE BABY WIPES 80 SHEET","PCS","OUT","6291106522341","12.362499999999999"
"6024598","SOFTCARE BABY WIPES 100 SHEET","PCS","OUT","6291106522396","12.075"
"6024649","SADIA CHICKEN GRILLER 1300GM","PCS","CTN","7893000075771","151.8"
"6024651","BELLA SARDINE IN VEGITABLE OIL  125GM","PCS","OUT2","3030000000927","9.1885"
"6024651","BELLA SARDINE IN VEGITABLE OIL  125GM","PCS","OUT","3030000000759","10.925"
"6024652","DENISE SARDINE IN CHILLI  125GM","PCS","OUT","3030000000760","10.925"
"6024764","DARK FANTASY VANILLA FILS 75GM","PCS","OUT","6291079237839","14.375"
"6024765","DARK FANTASY CHOCOC FILLS 75GM","PCS","OUT","6291079227816","14.375"
"6024765","DARK FANTASY CHOCOC FILLS 75GM","PCS","OUT","6291079227823","14.375"
"6024788","GEEN MAPLE PENNE PASTA 400GM","PCS","OUT","3030000000774","6.0375"
"6024791","COLGATE TP HERBAL 4 PACK 100ML OFFER","PCS","OFFER","8718951617827","18.975"
"6024833","FAIRY ROSE BLOOM 2X600ML","PCS-2","OFFER","8700216450652","21.5625"
"6024843","LOTTE CHOCO PIE REAL ORANGE","PCS","OUT","8901123001559","12.9375"
"6024959","KAKAJI  POTATO CHIPS CHILLI 12G","PCS","OUT","8906135621290","12.9375"
"6024960","KAKAJI  POTATO CHIPS CHEESE 12G","PCS","OUT","8906135621276","12.9375"
"6024961","KAKAJI  POTATO CHIPS CREAM ONION 12G","PCS","OUT","8906135621283","12.9375"
"6024962","KAKAJI  POTATO CHIPS KETCHUP 12 GM","PCS","OUT","8906135621306","12.9375"
"6025083","SEBAMED BABY BUBBLE BATH 200ML","PCS","OUT","4103040148339","43.125"
"6025084","SEBAMED BABY CLEANSING BAR 150GM","PCS","OUT","4103040016720","44.792500000000004"
"6025095","PALMARY HAPPY CHOCO KID WAFER CLASSC 42G","PCS","CTN","26133414006936","34.442499999999995"
"6025096","PALMARY HAPPY CHOCO KID WAFER WHITE 42G","PCS","CTN","16133414008216","34.7875"
"6025110","COUNTRY SWEETS BANARASI MINT","PCS","OUT","1000000210118","64.4"
"6025111","COUNTRY SWEETS ROSE MINT","PCS","OUT","1000000211290","64.4"
"6025131","LARAIX WATER 330ML","PCS","OUT","6299000099132","4.3125"
"6025132","KD MARIE MUNCH BISCUITS 150G","PCS","CTN","18901972083505","107.8125"
"6025137","MAGGI CHICKEN STOCK BOUILLON MP18G","PCS","OUT","6294017130537","12.362499999999999"
"6025138","MAHRA MASAL ASOR.(CHIC+MEAT+FISH ) 100GM","PCS-2","OFFER","55523470101192","14.0875"
"6025139","MAHRA MASALA ASOR (TUR+CORIA+CHIL) 200GM","PCS-2","OFFER","55523470101219","15.2375"
"6025140","MAHRA MASALA ASOR. (TUR+CORIA+CURR) 200G","PCS-2","OFFER","555234700999264","13.742615"
"6025140","MAHRA MASALA ASOR. (TUR+CORIA+CURR) 200G","PCS-2","OFFER","6291104481299","13.742615"
"6025146","COCA COLA SPRITE 10X155ML","PCS","OFFER","5449000331717","23"
"6025148","COCA COLA  REGULAR 10X155ML","PCS","OFFER","5449000331663","23"
"6025149","COCA COLA LIGHT 10X155ML","PCS","OFFER","5449000331687","23"
"6025151","COCA COLA FANTA ORANGE 10X155ML","PCS","OFFER","5449000331694","23"
"6025163","SANDO WAFER CHOC 32GM","PCS","OUT","8850580200381","35.6385"
"6025186","MF MILD SPECIAL DYNAMITE SAUCE  500ML","PCS","OFFER","0726529976946","31.9125"
"6025191","MF FRITES SAUCE 500ML","PCS","OFFER","0726529976236","31.9125"
"6025195","MF CHEESE TD 500ML","PCS","OFFER","0726529976953","31.9125"
"6025240","CRUNCHOS CHIPS NP 13GM CHEESE","OFFER","OUT","3030000000812","16.674999999999997"
"6025240","CRUNCHOS CHIPS NP 13GM CHEESE","OFFER","OUT","5038572102360","16.674999999999997"
"6025242","MONSTER ENERGY DRINK 500ML","PCS","CTN","3030000000808","136.5625"
"6025243","JUST POWER ENERGY DRINK 500ML","PCS","CTN","3030000000807","79.0625"
"6025244","JUST POWER ENERGY DRINK 250ML","PCS","CTN","3030000000806","60.375"
"6025260","PURINA FELIX WITH TUNA  IN JELLY 85 GM","PCS","OUT","9300605098602","48.5875"
"6025261","PURINA FELIX PARTY MIX SEAFOOD MIX 60GM","PCS","OUT","08850127008258","62.9625"
"6025266","NESTLE MILKY BAR 12GM","PCS","OUT","8000300431377","148.35"
"6025270","ALVITA PICCOLI 400GM","PCS","OUT","3030000000809","6.612500000000001"
"6025272","BOZO SPECIAL SHRIMPS 17G","PCS","OUT","3030000000811","12.075"
"6025272","BOZO SPECIAL SHRIMPS 17G","PCS","OUT","6224000582746","12.075"
"6025273","BOZO SPECIAL CHICKEN FLAVOURS CHIPS 17G","PCS","OUT","3030000000810","12.075"
"6025280","QHUSH HAVANA JUICY 500ML","PCS","CTN","3030000000821","78.775"
"6025281","QHUSH EXTREME ENERGY FOCUS 500ML","PCS","CTN","3030000000820","78.775"
"6025282","QHUSH EXTREME ENERGY 500ML","PCS","CTN","3030000000822","78.775"
"6025283","QHUSH GLACIER NOOTROPIC 500ML","PCS","CTN","3030000000818","78.775"
"6025284","QHUSH RED RUSH ENERGY 500ML","PCS","CTN","3030000000817","78.775"
"6025285","SPIKE ENERGY ORIGINAL FLAVOUR 500ML","PCS","CTN","3030000000823","78.775"
"6025286","STAR SODA LEMON 295ML","PCS","OUT","6290360331546","11.7875"
"6025286","STAR SODA LEMON 295ML","PCS","OUT","6291010914072","11.7875"
"6025293","SLOOPY VEGITABLE FLAVOUR 70G","PCS","OUT","8908006936717","6.8425"
"6025294","SLOOPY CHICKEN FLAVOUR 70G","PCS","OUT","8908006936694","6.8425"
"6025295","SLOOPY SPICY CHICKEN FLAVOUR 70G","PCS","OUT","8908006936687","6.8425"
"6025296","SLOOPY SPICY BEEF  FLAVOUR 70G","PCS","OUT","8908006936212","6.8425"
"6025297","SLOOPY SPICY SHRIMP FLAVOUR 70G","PCS","OUT","8908006936342","6.8425"
"6025298","SLOOPY SPICY CURRY FLAVOUR 70G","PCS","OUT","8908006936700","6.8425"
"6025300","MARBELLA EXTRA VIRGIN OLIVES OIL 1L","PCS","OFFER","0726529977219","10.338500000000002"
"6025301","MAROUF TOMATO PASTE  660GM","PCS","OUT","0769503447869","28.7385"
"6025335","SNICKERS 50G","PCS","OUT","5000159558891","74.175"
"6025339","CLASSIC MIX  PICKLES 400GM","PCS","PCS-2","641995002022","4.025"
"6025356","MF BURGER SAUCE 500ML","PCS","OFFER","0726529976243","31.9125"
"6025390","SMINT S/FREE WILD BERRY 8GMS","PCS","OUT","8410031921991","86.25"
"6025392","SMINT TIN PEPPER  2HR CLN BREATH TIN 35G","PCS-2","OFFER","8410031945713","130.2375"
"6025415","NIGHT TIGER ENERGY DRINK","PCS","CTN","3030000000819","78.775"
"6025422","HEAVENS WITH EXTRA VIRGIN  OLIVES OIL 1L","PCS","CTN","3030000000814","150.59249999999997"
"6025425","AHVAN TOMATO PASTE 400GM","PCS","OUT","3030000000932","4.8875"
"6025426","CHOCO TATTO BANANA 18GM","PCS","OUT","8697416413375","12.6385"
"6025427","CHOCO TATTO CHOCOLATE 18GM","PCS","OUT","8697416413351","12.075"
"6025428","CHOCO TATTO MILK  18GM","PCS","OUT","8697416413368","12.075"
"6025429","7DAYS CAKE BAR ENBORED MILK  40GM","PCS","OUT","6281007065313","17.825"
"6025429","7DAYS CAKE BAR ENBORED MILK  40GM","PCS","OUT2","6281007065320","37.375"
"6025431","AMAR INDIAN SONA MASOORI RICE 18KG","PCS","2KG","3030000001091","9.1885"
"6025432","CARTOLLI MILK PLUS BISCUIT 600GM","PCS","PCS-2","8906073540981","0.5750000000000001"
"6025435","HEALTY LEMON MINT COLA 250ML","PCS","OUT","725765694058","16.3875"
"6025438","HEALTY PINEAPPLE COLA 250ML","PCS","OUT","725765694065","16.3875"
"6025439","HEALTY COLA ZERO SUGAR 250ML","PCS","OUT","725765694041","16.3875"
"6025440","ULTRON 2X BLISTER BLUE","PCS","BOX","0787790802853","7.7625"
"6025441","GIGIS G4 HITZ MIX","PCS","BOX","0644216956203","8.625"
"6025442","GIGIS G4 0.7 MM BOX BLUE","PCS","OUT","8907430050679","7.992500000000001"
"6025443","GIGIS G4 0.7 MM BOX BLACK","PCS","OUT","8907430050686","7.992500000000001"
"6025444","UNIMAX G-GOLD BLUE","PCS","OUT","644216931200","18.1125"
"6025445","GIGIS MARGO 0.5MM BLUE","PCS","OUT","0787790862154","10.925"
"6025446","GIGIS G-6000 BLUE","PCS","OUT","0691835326528","9.1425"
"6025447","NEXT G.7 MM","PCS","OUT","0691835331324","13.742615"
"6025448","TRIO DC BLUE 1.00 MM MIX JAR BLUE","PCS","OUT","8907430050280","14.0875"
"6025449","G 8055 BLUE","PCS","OUT","0644216959907","14.0875"
"6025450","GIGIS G-GOLD JAR BLUE","PCS","OUT","0644216959303","35.6385"
"6025451","GIGIS POINT - 0.7 MM JAR","PCS","OUT","0691835000244","23.862499999999997"
"6025452","TOPTEK FUSION RTO.7MM+QUARTZ BLUE","PCS","OUT","0644216969302","97.75"
"6025453","G-WAVE BLUE","PCS","OUT","0644216961405","14.0875"
"6025454","GIGIS G-4 0.7 MM BOX RED","PCS","OUT","8907430050709","29.8425"
"6025455","GIGIS G-4 0.7 MM BOX GREEN","PCS","OUT","8907430063891","29.8425"
"6025456","7-RACE BLUE","PCS","OUT","8907430026155","17.537499999999998"
"6025457","GIGIS G-GOLD  BLCK","PCS","OUT","0644216949908","57.44250000000001"
"6025458","GIGIS G-GOLD  RED","PCS","OUT","0644216950201","57.44250000000001"
"6025459","GIGIS G-9 MIX","PCS","OUT","0644216947003","44.792500000000004"
"6025460","GIGIS G-9 BLUE","PCS","OUT","0644216946709","44.792500000000004"
"6025461","GIGIS GLUE STICK 8GM","PCS","OUT","644216952908","40.824999999999996"
"6025462","GIGIS GLUE STICK 35GM","PCS","OUT","644216953202","53.1875"
"6025466","GIGIS COLOR PENCIL 7""12 PCS","PCS","OUT","6251592294412","8.0385"
"6025467","GIGIS COLOR PENCIL 7""24PCS","PCS","OUT","6251592294719","12.075"
"6025468","GIGI HB TRAINGULAR PENCIL BLK","PCS","OUT","6251592293415","4.3125"
"6025469","GIGI HB TRAINGULAR PENCIL YLW","PCS","OUT","6251592293613","4.3125"
"6025470","VIGO BLACK WOOD PENCIL V-110","PCS","OUT","6937777153094","6.325"
"6025471","VIGO ANIMAL PENCIL PENCIL V-11","PCS","OUT","6937777188881","5.175"
"6025472","GIGIS HB PENCIL TRIA JAR YELLOW","PCS","OUT","0787790842453","13.742615"
"6025475","GIGIS PERMANET MARKER BULL BLACK","PCS","PCS-2","0691835010748","2.5875"
"6025482","GIGIS PASTEL HIGHLIGHTERS MIX","PCS","OUT","0787790822158","6.612500000000001"
"6025483","GIGIS NEON-HIGHLIGHTER BLUE","PCS","OUT","0787790821557","13.742615"
"6025485","GIGIS NEON-HIGHLIGHTER GREEN","PCS","OUT","0787790819950","13.742615"
"6025486","GIGIS NEON-HIGHLIGHTER PINK","PCS","OUT","0787790819653","13.742615"
"6025489","GIGIS G.DUAL MARKER (0.5+1.2M)","PCS","OUT","0691835053646","18.3425"
"6025499","ORYX DATE FILLED COOKIES 20GM","PCS","OUT","9501025253316","8.912615"
"6025500","COFFEE JOY 39GM","PCS","OUT","8996001301852","31.337500000000002"
"6025501","BULL RAMEN HOT CHICKEN 137.8GM","PCS","OUT","6297001346433","39.675"
"6025502","BULL RAMEN CARBONARA HOT CHICKEN 137.8GM","PCS","OUT","6297001346426","39.675"
"6025503","A.GARDEN BBQ SAUCE ORIGINAL 2X510GR","PCS","PCS-2","717273508828","17.825"
"6025513","HILWA CHICKEN STOCK 20GM","PCS","OUT","6223001856603","14.8925"
"6025558","AMERICANA CUPCAKE VANILLA 1 PIECE 25GM","PCS","OUT","6281033216710","22.425"
"6025559","PINAR PREM PROCESSD CREAM CHEESE 2X500GM","PCS-2","OFFER","6291108342565","29.888499999999997"
"6025560","PINAR PREM PROCESSD CHDR CHEESE 2X500GM","PCS-2","OFFER","6291108342572","29.888499999999997"
"6025565","AMERICANA C.CAKE STRAWBRY FILD 1 PI 28GM","PCS","OUT","6281033297634","22.425"
"6025566","AMERICANA C.CAKE CHOCLATE FILD 1 PI 28GM","PCS","OUT","6281033291205","22.425"
"6025582","REIHAN  CREAM CARAMEL 70GM","PCS","OUT","3030000000826","24.724999999999998"
"6025591","AMERICANA CUPCAKE VANILLA 2 PIECES 55GM","PCS","OUT","6281033209415","59.74250000000001"
"6025592","AMERICNA UNCOTD CAKE BAR VANILA CRM 20GM","PCS","OUT","6281033155149","22.1375"
"6025593","AMRICANA UNC. CAKE BAR CHOCOLT CRM 20GM","PCS","OUT","6281033152506","22.1375"
"6025594","AMRICANA UNC.CAKE BAR STRWBERY CRM 20GM","PCS","OUT","6281033337491","22.1375"
"6025597","REIHAN LIME FLVR JELLY 75G","PCS","OUT","3030000000828","19.262500000000003"
"6025598","REIHAN MIXD FRUIT FLVR JELLY 75G","PCS","OUT","3030000000829","19.262500000000003"
"6025599","REIHAN RASPBERRY FLVR JELLY 75G","PCS","OUT","3030000000830","19.262500000000003"
"6025600","REIHAN STRAWBERRY FLVR JELLY 75G","PCS","OUT","3030000000831","19.262500000000003"
"6025601","REIHAN LEMON FLVR JELLY 75G","PCS","OUT","3030000000832","19.262500000000003"
"6025602","REIHAN PINEAPPLE FLVR JELLY  75G","PCS","OUT","3030000000833","19.262500000000003"
"6025603","REIHAN ORANGE FLVR JELLY 75G","PCS","OUT","3030000000834","19.262500000000003"
"6025604","REIHAN CHERRY FLVR JELLY 75G","PCS","OUT","3030000000835","19.262500000000003"
"6025605","REIHAN CORN FLOUR  400G","PCS","OUT","3030000000836","8.912615"
"6025606","REIHAN DUMPLING MIX 500G","PCS","OUT","3030000000837","18.6875"
"6025609","AZZURRO TABLE SALT 700G","PCS","OFFER","3030000000931","5.7385"
"6025620","AL ISLAMI  MALABAR PARATHA 400GM","PCS","OFFER","6291002713287","11.4885"
"6025621","AL ISLAMI  CHAPATTI 600GM","PCS","OFFER","6291002713850","27.025115"
"6025625","AL ISLAMI EXTRA LARGE SHRIMPS (B)  900GM","PCS","OFFER","6291002713959","86.192615"
"6025626","AL ISLAMI EXTRA LARGE SHRIMPS (B)  800GM","PCS","OFFER","6291002713966","79.0625"
"6025639","MOUNTAIN DEW 250ML","PCS","CTN","3030000000838","60.375"
"6025642","AJEEB CREAM CARAMEL 80G","PCS","OUT","6294010704285","14.938500000000001"
"6025643","AJEEB CHERRY JELLY 72G","PCS","OUT","6294010706180","14.375"
"6025644","AJEEB STRAWBERRY JELLY 72G","PCS","OUT","6294010706203","14.375"
"6025645","AJEEB ORANGE CAKE MIX 500G","PCS","OUT","6294010706296","21.275"
"6025647","AJEEB DUMPLING MIX  500G","PCS","OUT","6294010704292","12.9375"
"6025648","AJEEB CHOCOLATE MUHALLABIA 85G","PCS","OUT","6294010706357","25.2425"
"6025649","AJEEB BANANA MUHALLABIA 85G","PCS","OUT","6294010706364","25.2425"
"6025650","AJEEB APRICOT MUHALLABIA 85G","PCS","OUT","6294010706371","25.2425"
"6025653","MAGGI 2 MIN CURRY 79GM","PCS","OUT","9556001309051","14.6625"
"6025655","MAGGI 2 MIN HOT&SPICY 78GM","PCS","OUT","6294017131169","11.7875"
"6025657","NESTLE CREAM SWEET CONDENSED CREAM 370GM","PCS","OUT","6294017131602","21.7925"
"6025684","GOOBYE KNOOR SPICES AND HERBS 72GM","PCS","CTN","6111026104161","128.8"
"6025691","DAMTI FOOD COLOUR 40GM","PCS","OUT","6111180006653","125.35000000000001"
"6025703","CARTOLLI DIGESTIVE BISCUITS 130GM","PCS","OUT","3030000000877","10.925"
"6025706","DROP BOTTLED DRINKING WATER 500ML","PCS","OUT","3030000000840","3.7375000000000003"
"6025726","FRESHCO STRAAWBERRY  CREAM 170GM","PCS","OUT","3030000000974","8.337499999999999"
"6025727","FRESHCO BANANA CREAM 170GM","PCS","OUT","3030000000975","8.337499999999999"
"6025732","LOVETELLA HAZELUT COCOA CREAM 350GM","PCS","OUT","6260176819171","18.3425"
"6025733","MIHAN UHT MILK STRWBERRY 200ML","PCS","OUT","6260176871032","8.337499999999999"
"6025734","MIHAN UHT MILK WITH MELON 200ML","PCS","OUT","6260176871049","8.337499999999999"
"6025735","MIHAN DATES UHT MILK 200ML","PCS","OUT","6260176890286","8.337499999999999"
"6025736","MIHAN SLIM FRESH CREAM 200ML","PCS","OUT","6260176830015","9.775"
"6025737","MIHAN DOOGH PLAIN LABAN 270ML","PCS","OUT","6260176808366","6.8999999999999995"
"6025738","MIHAN LABNEH CHEESE 120GM","PCS","OUT","6260176825899","7.1875"
"6025739","MIHAN CREAM CHEESE 120GM","PCS","OUT","6260176825905","7.1875"
"6025740","FLASH WONDERMINT PEPPERMINT GUM 12GM","PCS","OUT","6111199001649","18.1125"
"6025785","NESCAFE ORIGINAL 3 IN 1","PCS","OUT","8992696427587","19.538615000000004"
"6025816","MASTER CHEF CREME CARAMEL VANILA 80GM","PCS","OUT","6291109851912","18.1125"
"6025816","MASTER CHEF CREME CARAMEL VANILA 80GM","PCS","OUT","6291109852773","18.1125"
"6025817","MASTER CHEF DUMPLING MIX 400GM","PCS","OUT","6291109852728","19.4925"
"6025819","MASTER CHEF JELLY LEMON 85GM","PCS","OUT","6291109852766","14.6625"
"6025820","MASTER CHEF JELLY RASPBERRY 85GM","PCS","OUT","6291109852742","14.6625"
"6025821","MASTER CHEF JELLY STRAWBERRY 85GM","PCS","OUT","6291109852735","14.6625"
"6025822","MASTER CHEF FAVA BEANS CUMIN 400GM","PCS","OUT","6291109852834","12.362499999999999"
"6025823","MASTER CHEF FAVA BEANS PLAIN 400GM","PCS","OUT","6291109852827","15.2375"
"6025824","MASTER CHEF FAVA BEANS SPICY 400GM","PCS","OUT","6291109852841","12.362499999999999"
"6025849","MAI DUBAI FACIAL TISSUE 130X2PLY","PCS","OUT","6297000611891","8.0385"
"6025853","LIFE DRINKING WATER 250ML","PCS","OUT","6291108102114","8.625"
"6025854","LIFE DRINKING WATER 500ML","PCS","OUT","6291108102121","4.588500000000001"
"6025857","LOS PINOS PEANUT SALTED 13GM","PCS","OUT","6223009623559","11.4885"
"6025858","LOS PI COATED PEANUT BUTTERY CHED 20GM","PCS","OUT","6224010770966","11.4885"
"6025859","LOS PI COATE PEANUT BBQ 20GM","PCS","OUT","6224010770935","11.4885"
"6025860","LOS PI COAT PEANUT PERI PERI 20GM","PCS","OUT","6224010770973","11.4885"
"6025861","LOS PI COAT PEANT PIZA 20GM","PCS","OUT","6224010770942","11.4885"
"6025862","LOS PI COAT PEANT SWEET CHILI 20GM","PCS","OUT","6224010770959","11.4885"
"6025863","LOS PI SALTED SUNFLOWER SEEDS 25GM","PCS","OUT","6224010770980","16.674999999999997"
"6025867","TARTINA CREAM CHEESE 6 SQUARES 100GM","PCS","OFFER","5283013315902","20.987614999999998"
"6025935","PLEIN SOLE CANED LIGHT MEAT TUNA IN VEGE","PCS","OFFER","5283013322412","17.238500000000002"
"6025936","PLEIN SOLE CANED LIGHT MEAT TUNA IN WATE","PCS","OUT","5283013322429","17.238500000000002"
"6025937","PLEIN SOLE CANED LIGHT MEAT TUNA IN CHIL","PCS","OFFER","5283013322436","17.238500000000002"
"6025941","TUMUH SUFRA ROLL","PCS","OUT","0503503705897","7.7625"
"6025941","TUMUH SUFRA ROLL","PCS","OUT","0503505886129","7.7625"
"6025944","TUMUH L 30SHEET 600","PCS","OUT","0735745783948","19.262500000000003"
"6025944","TUMUH L 30SHEET 600","PCS","OUT","735745783948","19.262500000000003"
"6025944","TUMUH L 30SHEET 600","PCS","OUT","783948","19.262500000000003"
"6025945","TUMUH L TISSUE SHEET 600","PCS","OUT","0735745953266","12.075"
"6025945","TUMUH L TISSUE SHEET 600","PCS","OUT","735745953259","12.075"
"6025945","TUMUH L TISSUE SHEET 600","PCS","OUT","953266","12.075"
"6025947","ALMUGHERA TISSUE 500SHEET","PCS","OUT","3030000000847","15.2375"
"6025948","TUMUH L 130X2PLY FACIAL TISSUE","PCS","OUT","3030000000848","10.338500000000002"
"6025949","AL DANA FACIAL TISSUE 200X2 PLY","PCS","OUT","3030000000874","12.075"
"6025950","TALA SOFT FAICAL TISSUE 300 SHEET","PCS","OUT","3030000000873","10.6375"
"6025951","TUMUH BOXEWS 150X2PLY WHITE TISSUE","PCS","OUT","3030000000875","12.075"
"6025952","DELI SUN PLAIN FLOUR WRAPS 360GM","PCS","OFFER","84307011502624","28.75"
"6025952","DELI SUN PLAIN FLOUR WRAPS 360GM","PCS","OFFER","8437011502624","28.75"
"6025952","DELI SUN PLAIN FLOUR WRAPS 360GM","PCS","OFFER","8437011502629","28.75"
"6025953","DELI SUN PLAIN FLOUR WRAPS 320GM","PCS","OFFER","8437011501615","27.3125"
"6025954","PANZANI PENNE RIGATE 400GM","PCS","OFFER","3038487051854","13.225000000000001"
"6025955","PANZANI SPAGHETTI 500GM","PCS","OFFER","3038466588661","13.225000000000001"
"6025956","MAGGI CHIKEN NOODEL SOUP 60GM","PCS","OUT","6294017125342","43.6425"
"6025957","PEPSI 250ML","PCS","CTN","3030000000849","60.375"
"6025958","7 UP 250ML","PCS","CTN","3030000000850","60.375"
"6025959","7 UP 330ML","PCS","CTN","3030000000851","67.5625"
"6025960","CC STRAWBERRY STICKS 30S","PCS","OUT","6920344802228","5.4625"
"6025962","CC GRAPES  STICKS 30S","PCS","OUT","6920344800200","5.4625"
"6025966","MARKATI CHICKEN BOUILLON 20 GM","PCS","OUT","8684000851057","11.4885"
"6025995","SPOOTA UHT MILK 1L","PCS","OUT","3030000000853","12.6385"
"6025995","SPOOTA UHT MILK 1L","PCS","CTN","3030000000854","39.0885"
"6025998","FIGS DRIED TURKISH  SIZE 200GM","SIZE-2","SIZE-1","6025998","26.3925"
"6025998","FIGS DRIED TURKISH  SIZE 200GM","SIZE-2","KG","3030000000861","126.50000000000001"
"6026006","A LA LAVANDER SOAP 125GM","PCS","OUT","6111024000076","14.6625"
"6026022","BAULI CROISSANT /CHOCO CREAM 50GM","PCS","OUT","8906159410757","10.925"
"6026023","BAULI CROISSANT /STRAWBERRY CREAM 50GM","PCS","OUT","8906159410764","10.338500000000002"
"6026027","DRIED APRICOT JUMBO 200GM","SIZE-1","SIZE-2","3030000000858","14.375"
"6026027","DRIED APRICOT JUMBO 200GM","SIZE-1","KG","3030000000860","43.125"
"6026029","JUBILEE SUNFLOWER OIL 1.5L","PCS","CTN","3030000000862","74.175"
"6026030","MASTER COOKING OIL 1.5L","PCS","CTN","3030000000863","74.175"
"6026032","MIRACLE DISP PAPER CUP 6OZ","PCS","OUT2","3030000001132","9.775"
"6026032","MIRACLE DISP PAPER CUP 6OZ","PCS","OUT","3030000000864","13.225000000000001"
"6026032","MIRACLE DISP PAPER CUP 6OZ","PCS","CTN2","3030000001118","68.9885"
"6026047","WADIMA SALT TABLE 1KG","PCS","OUT","3030000000929","3.3925"
"6026048","8:AM CORN FLAKES 500GM","PCS","OUT","3030000000868","32.4875"
"6026053","WADIMA HOT SAUCE AMERICAN TASTE 88GM","PCS","OUT2","3030000000928","3.4385000000000003"
"6026053","WADIMA HOT SAUCE AMERICAN TASTE 88GM","PCS","OUT","3030000000869","7.7625"
"6026053","WADIMA HOT SAUCE AMERICAN TASTE 88GM","PCS","OUT","6291104923980","7.7625"
"6026053","WADIMA HOT SAUCE AMERICAN TASTE 88GM","PCS","CTN","3030000000870","46"
"6026079","PERSIL POWER GEL/LAVENDER ASSOR 2.9L","PCS","OFFER","6281031291320","67.85"
"6026120","ROLLANA COCONUT 10GM 1024","PCS","OUT","6218710403033","18.3425"
"6026121","ROLLANA COCONUT 30G  1031","PCS","OUT","6218710406126","18.3425"
"6026122","SUBWAY HAZELNUTS G87 25GM","PCS","OUT","6219990152017","14.6625"
"6026123","ROLLANA SOFT CREAM CHOC 10GM","PCS","OUT","6218710405051","26.450000000000003"
"6026124","TOKAN GOADKO 10GM","PCS","OUT","6219990101268","31.625000000000004"
"6026125","CARREDOR HAZELNUT CREAM 35G","PCS","OUT","6219990171728","15.2375"
"6026175","A.GARDEN RANCH DRESSING 16OZ 10%","PCS","OFFER","6514747041195","47.4375"
"6026181","DEEMAH MINI BEAR CHOCO 30GM","PCS","OUT","6285602012765","15.525"
"6026182","DEEMAH DOUBLE CHOC MUFFIN 27GM","PCS","OUT2","6285602000519","17.238500000000002"
"6026182","DEEMAH DOUBLE CHOC MUFFIN 27GM","PCS","OUT","3030000001017","19.538615000000004"
"6026183","DEEMAH FANTASY CAKE 40G","PCS","OUT","6285602012710","18.1125"
"6026280","COLGATE MW PLAX PERRERMI BLUE 250ML","PCS-2","OFFER","8718951667891","46.575"
"6026281","COLGATE MW PLAX FRESHMI GREEN 250ML 2PK","PCS-2","OFFER","8718951667914","34.5"
"6026282","COLGATE MW PLAX FRESH TEA 250ML 2PK","PCS-2","OFFER","8718951667938","34.5"
"6026283","COLGATE MW PLAX FRESH TEA  500ML","PCS-2","OFFER","8718951350649","58.65"
"6026321","GANDOUR SAFARI  22G","PCS","OUT","6281004135927","28.175"
"6026334","TAMIRA FOOD SOFT DATE ROLLS 63G","PCS","OUT","8682442250131","29.325"
"6026337","STAR FOOD XL FLAMI HOT BOX 20GM","PCS","OUT","6291011011176","14.950115"
"6026338","STAR FOOD XL RED CHILI PEPER 20GM","PCS","OUT","6291011011145","14.950115"
"6026339","RAJA VEG BOX SF-RJ0759 18GM","PCS","OUT","6291011013095","17.238500000000002"
"6026340","RAJA HOT POTATO CRUNCHIES 18GM","PCS","OUT","6291011013118","17.1925"
"6026350","BEBETO 80GRM ASSORTED 3X80GRM","PCS","PCS-2","8690146097327","4.6000000000000005"
"6026350","BEBETO 80GRM ASSORTED 3X80GRM","PCS","PCS-2","8690146658412","4.6000000000000005"
"6026350","BEBETO 80GRM ASSORTED 3X80GRM","PCS","PCS-2","8690146659112","4.6000000000000005"
"6026351","BEBETO 30GRM ASSORTED 9X30GRM","PCS","PCS-2","8690146120575","2.3000000000000003"
"6026351","BEBETO 30GRM ASSORTED 9X30GRM","PCS","PCS-2","8690146680215","2.3000000000000003"
"6026351","BEBETO 30GRM ASSORTED 9X30GRM","PCS","PCS-2","8690146680314","2.3000000000000003"
"6026383","FAKHR AL SHAB TABLE SALT 1KG","PCS","OUT","3030000000951","4.8875"
"6026383","FAKHR AL SHAB TABLE SALT 1KG","PCS","CTN","3030000000958","27.588499999999996"
"6026393","LARAIX CUP WATER 200ML","PCS","CTN","6291107341897","4.588500000000001"
"6026399","AMIGO MULTIVITA DRINK 200ML","PCS","OUT","5319990227362","8.0385"
"6026400","AMIGO VERY BERRY  DRINK 200ML","PCS","OUT","5319990227270","8.0385"
"6026401","AMIGO STRAWBERRY DRINK 200ML","PCS","OUT","5319990227935","8.0385"
"6026402","AMIGO APPLE  DRINK 200ML","PCS","OUT","5319990227393","8.0385"
"6026404","MAROUF LEMON JUICE 1L","PCS","OUT","0769503646848","14.375"
"6026406","RIYA GOLD COCONUT MILK 400GM","PCS","OUT2","3030000000878","10.0625"
"6026429","GHALIA SPAGHETTI MACARONI 350GM","PCS","PCS-2","6225000030336","1.7249999999999999"
"6026432","DETTOL SOAP COOL PROMO 4X110GM","PCS-2","OFFER","6295120056103","12.6385"
"6026433","SAMBO CHOCOLATE 25G","PCS","OUT","6254000048423","17.1925"
"6026437","AJWA  LUXURY DATES 100GM","100GR","SIZE-1","3030000000882","21.5625"
"6026437","AJWA  LUXURY DATES 100GM","100GR","PKT","6297506797525","129.95"
"6026441","TUTU 35GM","PCS","OUT","6253501558943","19.4925"
"6026468","DINO MINO TOYS 60GM","PCS","OUT","8697422658159","43.125"
"6026501","QABALAN SMEDIAH W DATES SUGER FRE 40G","PCS","OUT","6253805511316","25.587500000000002"
"6026514","SNIPS MULTIPACK CHILLI 14GM","PCS","OUT","5281128106286","24.4375"
"6026525","SNIPS MULTIPACK CHEESE 14GM","PCS","OUT","5281128104749","24.4375"
"6026526","SNIPS MULTIPACK SALT 14GM","PCS","OUT","5281128104725","24.4375"
"6026527","SNIPS MULTIPACK SALT VINEGAR 14GM","PCS","OUT","5281128104732","24.4375"
"6026528","SNIPS MULTIPACK KETCHUP 14GM","PCS","OUT","5281128104763","24.4375"
"6026529","SNIPS MULTIPACK HONEY MUSTARD 14GM","PCS","OUT","5281128104756","24.4375"
"6026531","LIPTON ICE TEA MIXED BERRIES 290ML","PCS","OUT","012000056024","17.26725"
"6026538","JIA JIA STEEL SCOURER 3PCS","PCS","PCS-2","6975420090020","3.7375000000000003"
"6026572","ABU SHIRA SELLA RICE 1KG","1KG","3KG","3030000000891","14.938500000000001"
"6026572","ABU SHIRA SELLA RICE 1KG","1KG","6KG","3030000000956","29.8425"
"6026572","ABU SHIRA SELLA RICE 1KG","1KG","BAG","6291104923836","156.38850000000002"
"6026604","ZAJEL NAIL CUTTER 430 CLR","PCS","OUT","6956457854304","28.75"
"6026606","JIXIN-STONE  TALLY COUNTER CLEAR BOX","PCS","OUT","6973390716926","81.5925"
"6026611","MM-02 QUALITY NAIL CUTTER","PCS","OUT","6957779872052","37.0875"
"6026618","TIP TOP MARKER BLACK","PCS","OUT","6912194785028","18.975"
"6026619","GAS PRO BUTANE GAS 220GM","PCS","OUT","7216881100002","26.1625"
"6026621","XLF-15029-4-12-2 (8PCS CANDLE WHITE)","PCS","OUT","3030000000886","9.1425"
"6026621","XLF-15029-4-12-2 (8PCS CANDLE WHITE)","PCS","PKT","202011111182","70.725"
"6026622","ROYAL NAIL CLIPPER T6841-3","PCS","OUT","3030000000888","35.074999999999996"
"6026623","CLEANING TOWEL (B0 3040","PCS","OUT","6954448071099","16.674999999999997"
"6026630","GIFY BOX FINGER COUNTER BLUE","PCS","OUT","6973390716032","80.4425"
"6026703","FASHION DOLL 8066B","PCS","OUT","6953338668340","34.442499999999995"
"6026719","SEVEN ELEVEN DISH WASHING 1LT","PCS","OFFER","8690710140374","27.025115"
"6026734","SPRITE LEMON & MINT 330ML CAN","PCS","OUT","5449000339867","17.25"
"6026737","SPRITE LEMON & MINT 1.49L PET","PCS","OUT","5449000340924","24.15"
"6026751","BLACK BEAR ENERGY DRINK 500ML","PCS","CTN","3030000000899","79.3385"
"6026764","ALWORO RISONE 400GM","PCS","OUT","6297000056777","16.3875"
"6026834","MEDIMIX SOAP PROMO  15GM","PCS","OUT","8904018300362","21.275"
"6026836","CANSIN BANT FIRST AID STRIPS","PCS","OUT","8699721300302","25.2425"
"6026851","LILIOM PISTACHIO CHCOLATE 38GM","PCS","OUT","6214961209264","43.125"
"6026887","DAIRY MILK SILK FRIU & NUT CHOCO BAR 55G","PCS","OUT","7622202290381","365.70000000000005"
"6026890","DAIRY DAIRY MILK CRACKLE 36GM","PCS","OUT","7622201149536","230"
"6026891","DAIRY DAIRY MILK CRACKLE 75GM","PCS","OUT","7622202238710","172.44249999999997"
"6026892","DAIRY MILK SILK OREO 60GM","PCS","OUT","7622202290565","366.84999999999997"
"6026893","DAIRY MILK SILK WHOLE HAZELNUT 58GM","PCS","OUT","7622201761721","343.85"
"6026915","FARM FRESH  CHICKEN NUGGETS 400GM","PCS","OFFER","6291079372820","16.042499999999997"
"6026917","FARM FRESH CHEESE CHICKEN 400GM","PCS","OFFER","6291079363897","15.812500000000002"
"6026918","FARM FRESH  CHICKEN FRANKS 340GM","PCS","OFFER","6291079255086","14.6625"
"6026919","NESCAFE DOUBLE CHOCO MOCHA 23.5GM","PCS","OUT","6294017132067","50.025"
"6026933","NESCAFE CARAMEL LATTE 17GM","PCS","OUT","6294017132128","50.025"
"6026951","PERFECT POMEGRANATE DRINK 250ML","PCS","CTN","3030000000887","67.838615"
"6026960","HAPPY BUBLE MANGO JUICE 200ML","PCS","OUT","3030000000963","5.7385"
"6026960","HAPPY BUBLE MANGO JUICE 200ML","PCS","CTN","3030000000900","20.688499999999998"
"6026962","HAPPY BUBLE ORANGE JUICE 200ML","PCS","OUT","3030000000964","5.175"
"6026962","HAPPY BUBLE ORANGE JUICE 200ML","PCS","CTN","3030000000901","22.9885"
"6026963","HAPPY BUBLE PEACH JUICE 200ML","PCS","OUT","3030000000965","5.7385"
"6026963","HAPPY BUBLE PEACH JUICE 200ML","PCS","CTN","3030000000902","22.9885"
"6026964","HAPPY BUBLE PINEAPPLE JUICE 200ML","PCS","OUT","3030000000962","5.7385"
"6026964","HAPPY BUBLE PINEAPPLE JUICE 200ML","PCS","CTN","3030000000903","22.9885"
"6026980","LOOK ME BISCUIT 100GM","PCS","OUT","8680201349164","18.3425"
"6026981","MALIKA BISCUIT 100GM","PCS","OUT","8680201349263","18.3425"
"6026982","VIVIANA RED CHOCOLATE","PCS","OUT","8680201349805","18.3885"
"6026983","VIVIANA BLUE CHOCOLATE","PCS","OUT","8680201349836","18.3425"
"6026984","VIVIANA GREEN CHOCOLATE","PCS","OUT","8680201349829","18.3425"
"6026985","VIVIANA CHOCOLATE","PCS","OUT","8680201349812","18.3425"
"6026989","SCOTT FACIAL TISSUE 190S","PCS","OFFER","60805015561078","13.225000000000001"
"6026989","SCOTT FACIAL TISSUE 190S","PCS","OFFER","6085015561078","13.225000000000001"
"6026989","SCOTT FACIAL TISSUE 190S","PCS","OUT","6085015561061","27.3125"
"6026997","SCOTT FACIAL TISSUE 140 SHEET","PCS","OUT","6085015561047","20.412499999999998"
"6027010","YUMMY ROLLO MILK STRAWBERRY STICKS 13GM","PCS","OUT","8901448901480","21.5625"
"6027012","YUMMY ROLLO MILK  CHOCOLATE TICKS 13GM","PCS","OUT","8901448903477","21.5625"
"6027013","YUMMY ROLLO BIG KAT CHOCOLATE TICKS 13G","PCS","OUT","8901448903507","21.5625"
"6027014","YUMMY MILK MORE MILK WAFER 15GM","PCS","OUT","8901448903354","21.5625"
"6027028","BAHLOL CHEESE CHIPS 15GM","PCS","OUT","6281100805854","21.5625"
"6027029","BAHLOL CHEESE CHIPS PEPPER 15GM","PCS","OUT","6281100805830","21.5625"
"6027067","PERRIER S.WATER PET BOTTLE 1L","PCS","OUT","3179732348944","18.975"
"6027084","ALASKA  NEW CHOCOLATE 10GM","PCS","OUT","6224001923111","34.4885"
"6027109","TEASHOP GLUCOSE 40 GM","PCS","OUT2","6281016083452","6.8885000000000005"
"6027115","TEASHOP RINGO WAFER (HAZELNUT)  16 GM","PCS","OUT2","6281016901220","18.3425"
"6027116","TEASHOP RINGO WAFER (CHOCOLATE) 16 GM","PCS","OUT2","6281016310220","18.3425"
"6027117","NUREEN EVAPORATED MILK 170 GM","PCS","OFFER","9501101832350","19.262500000000003"
"6027121","NUREEN BEANS IN TOMATO SAUCE 400GM","PCS","OFFER","9501101832176","9.775"
"6027128","ABU WALAD SANDWICH BISCUITS","PCS","OUT2","3030000000910","9.775"
"6027136","EISBERG RIRI CHOCO WAFER 25GM","PCS","OUT","6253501265438","10.35"
"6027142","EISBERG WAFER HIT STRAWBERRY 50GM","PCS","OUT","6253501264912","17.1925"
"6027145","EISBERG WAFER HIT BANANA 50GM","PCS","OUT","6253501264929","17.1925"
"6027146","EISBERG HALF WAY STRAWBERRY 30GM","PCS","OUT","6253501264226","10.35"
"6027147","EISBERG NANO MARSHMALLOW SAN. 32GM","PCS","OUT","6253501264554","18.3425"
"6027149","EISBERG ANY TIME MARSHMALLOW SAN. 32GM","PCS","OUT","6253501264196","10.35"
"6027150","EISBERG SPIRO BISCUIT 50GM","PCS","OUT","6253501263434","10.35"
"6027151","EISBERG GTI WAFER 30GM","PCS","OUT","6253501264936","10.35"
"6027152","EISBERG BAR CAKE CHOCOLATE","PCS","OUT","6253501267296","10.35"
"6027153","EISBERG BERRY BOAT 30GM","PCS","OUT","6253501267630","10.35"
"6027154","EISBERG ORANGE  BOAT 30GM","PCS","OUT","6253501267937","10.35"
"6027155","EISBERG CHOCO CAKE 30GM","PCS","OUT","6253501267203","10.35"
"6027156","EISBERG CUP CAKE STRAWBERRY 35GM","PCS","OUT","6253501267265","10.35"
"6027157","EISBERG CUP CAKE CHOCOLATE 35GM","PCS","OUT","6253501267241","10.35"
"6027158","EISBERG CUP CAKE DOUBLE CHOCOLATE 35GM","PCS","OUT","6253501267272","10.35"
"6027160","EISBERG FRUITY DONUT 30GM","PCS","OUT","6253501268224","10.35"
"6027161","EISBERG CHOCOLATE DONUT 30GM","PCS","OUT","6253501267579","10.35"
"6027162","ZAD TAMRIYA TAHINA & SESAME 112G","PCS","OUT","0721688909095","11.442499999999999"
"6027177","ALSA LEVURE NATURELLE 125GM","PCS","OUT","6111270630034","113.85"
"6027193","QUICK SNACK MAAMOUL  DATES ORIGINAL 320G","PCS","OUT2","6291109854197","15.2375"
"6027194","ZAD TAMRIYA TAHINA & COCONUT 112G","PCS","OUT","0721688909170","11.442499999999999"
"6027195","ZAD DUBAI TAMRIYA KUNAFA 14GM","PCS","OUT","0721688909637","16.042499999999997"
"6027196","ZAD TAMRIYA NUTELLA & HAZELNUT 14GM","PCS","OUT","0721688909811","13.742615"
"6027197","ZAD EMIRATI COKIES WITH DATE 12.5GM","PCS","OUT","0721688909118","11.442499999999999"
"6027198","ZAD EMIRATI COKIES WITH THYMEE 12GM","PCS","OUT","0721688909125","11.442499999999999"
"6027199","ZAD EMIRATI COKIES WITH THYMEE & CH 17GM","PCS","OUT","0721688909101","11.442499999999999"
"6027200","ZAD MAMOUL W DATES 15GM","PCS","OUT","0721688909576","22.9425"
"6027201","ZAD MAMOUL UM SULTAN 19.5GM","PCS","OUT","0721688909583","25.2425"
"6027202","ZAD MAMOUL W DATE & CHOCOLATE","PCS","OUT","6297000592084","28.6925"
"6027203","ZAD DUBAI TAMRIYA KUNAFA","PCS","OUT","0721688909620","80.4425"
"6027204","ZAD TAMRIYA TAHINA & SESAME 42GM","PCS","OUT","0721688909156","65.8375"
"6027205","ZAD TAMRIYA TAHINA & SESAME 14GM","PCS","OUT","6297000592725","28.6925"
"6027206","ZAD TAMRIYA TAHINA & COCONUT 14GM","PCS","OUT","6297000592282","28.6925"
"6027207","ZAD EMIRATI COKIES WITH DATES 13GM","PCS","OUT","6297000592473","28.6925"
"6027217","TEA SHOP CUSTARD CREAM BISCUITS 25G","PCS","OUT","6281016002453","29.325"
"6027219","NUREEN ANALOUGE CREAM 170G","PCS","OUT","9501101832046","9.1425"
"6027220","NUREEN CHICK PEAS 400GM","PCS","OFFER","9501101832169","12.9375"
"6027221","NUREEN RED KIDNEYBEANS 400GM","PCS","OFFER","9501101832145","9.775"
"6027222","NUREEN SWEET CORN 400GM","PCS","OFFER","9501101832152","9.775"
"6027228","NUREEN TUNA CHUNKS IN SF OIL 170G","PCS","OFFER","9501101832367","21.5625"
"6027229","NUREEN TUNA CHUNKS IN SOYA OIL 170G","PCS","OFFER","9501101832374","18.6875"
"6027230","NUREEN TUNA SHREDDED IN SOYA OIL 170G","PCS","OFFER","9501101832381","12.6385"
"6027231","AROMATIC  DISH WASH LIQUID 1L","PCS","OUT","2200008320035","10.338500000000002"
"6027232","QUICK SNACK MAAMOUL WHOLE WHEAT 320GM","PCS","OUT2","6291109854203","15.2375"
"6027233","QUICK SNACK MAAMOU DATES SUGAR-FREE 320G","PCS","OUT2","6291109854210","15.2375"
"6027234","QUICK SNACK MAAMOU DATES CINNAMON 320GM","PCS","OUT2","6291109854227","15.2375"
"6027235","QUICK SNACK MAAMOU DATE ANIS 320GM","PCS","OUT2","6291109854234","15.2375"
"6027236","QUICK SNACK MAAMOU DATES FENNEL 320GM","PCS","OUT2","6291109854241","15.2375"
"6027241","AROMATIC FLOOR CLEANER ASSORTED 1000ML","PCS","OUT","2200008320039","10.35"
"6027242","SCHWEPPES MAJITO 253ML CAN","PCS","OUT","5449000343307","32.775"
"6027245","CALIFORNIA GARDEN FOUL MEDAMMES 400G","PCS","CTN","3030000000911","64.38850000000001"
"6027246","AROMATIC PERFUMED HAND SOAP 300ML","PCS","OUT","2200008320038","5.6925"
"6027247","AROMATIC HAND SANITIZER 300ML","PCS","OUT","2200008320037","5.6925"
"6027248","AROMATIC HAND SOAP ASSORTED 500ML","PCS","OUT","2200008320029","7.1875"
"6027252","SCHWEPPES POMEGRANTE 253ML CAN","PCS","OUT","5449000343284","32.775"
"6027254","TREK PROTEN BAR RASBERRY 9GM","PCS","OUT","5060088709283","43.125"
"6027256","TREK PROTEN BAR COCOA 9GM","PCS","OUT","5060088704097","43.125"
"6027257","TREK PROTEN BAR SALTED CARAMEL 9GM","PCS","OUT","5060088709047","43.125"
"6027260","LAYS CRISPZ CHL 12GM","PCS","OUT","6281036003966","12.592499999999998"
"6027261","SEAHATH SARDINES IN VEG OIL 125G","PCS","OUT","3030000000924","9.1885"
"6027261","SEAHATH SARDINES IN VEG OIL 125G","PCS","CTN","3030000000912","149.48850000000002"
"6027262","LAYS CRISPZ KET 12GM","PCS","OUT","6281036003973","12.592499999999998"
"6027263","LAYS CRISPZ CHZ 12GM","PCS","OUT","6281036003980","12.592499999999998"
"6027264","LAYS WAVY  CHI 11GM","PCS","OUT","6281036028150","16.042499999999997"
"6027265","LAYS WAVY  KET 11GM","PCS","OUT","6281036028181","16.042499999999997"
"6027266","LAYS WAVY  CHZ 11GM","PCS","OUT","6281036028129","12.9375"
"6027289","TWQ TAHINA 300GM","PCS","OFFER","6290201379638","28.75"
"6027304","KIT KAT 2 FINGER UK 20.7G","PCS","OUT","8445290238351","79.3385"
"6027307","KIT KAT 2 FINGER UK 20.7G","PCS","OUT","7613036099387","19.538615000000004"
"6027307","KIT KAT 2 FINGER UK 20.7G","PCS","OUT-3","7613036099363","19.538615000000004"
"6027307","KIT KAT 2 FINGER UK 20.7G","PCS","OUT2","7613036099400","19.538615000000004"
"6027307","KIT KAT 2 FINGER UK 20.7G","PCS","PKT","8445291455719","19.538615000000004"
"6027307","KIT KAT 2 FINGER UK 20.7G","PCS","SET","7613036099325","19.538615000000004"
"6027309","DESIGNED LIGHTER (P6A EZZ)","PCS","OUT","3030000000913","120.75"
"6027311","DESIGNED LIGHTER (EZZ A828)","PCS","OUT","3030000000915","60.95"
"6027312","DESIGNED LIGHTER (FX A03)","PCS","OUT","3030000000916","60.95"
"6027314","TAYYAB MILK PLUS BISCUITS 10X80G","PCS","PKT","8904344637477","0.5750000000000001"
"6027314","TAYYAB MILK PLUS BISCUITS 10X80G","PCS","CTN","3030000000917","86.25"
"6027432","SNICKERS DARK MEA 42GM","PCS","OUT","7896423438314","103.5"
"6027444","ALICE COFFEE STICKS 45G","PCS","PCS-2","8885013130485","4.025"
"6027480","SNICKERS PEANUT ROLLED WAFER 24GM","PCS","OUT","6221134010589","38.8125"
"6027482","BOUNTY COCONUT RW 23.4GM","PCS","OUT","6221134013634","10.338500000000002"
"6027484","SNICKERPEANUT BUTTER 36.5GM","PCS","OUT","5900951312342","108.1"
"6027485","RED QUEEN VITAMIN C 240ML","PCS","OUT","3030000000919","37.938500000000005"
"6027567","MOUNTAIN DEW 245ML","PCS","OFFER","3030000000904","11.5115"
"6027567","MOUNTAIN DEW 245ML","PCS","OFFER","6297000806235","11.5115"
"6027572","GODIVA LAVIVA BARS 35GM CARAMEL CHOC 35G","PCS","OFFER","6514747051026","18.3885"
"6027589","GA GOZA SODA","PCS","OUT","8690327632224","10.338500000000002"
"6027591","BIRRR TEA","PCS","OUT","8690327062731","10.2925"
"6027608","CADBURY FLAKE 28GM","PCS","OUT","7622202296956","57.44250000000001"
"6027609","CADBURY FLAKE DIPPED 28GM","PCS","OUT","7622202297458","57.44250000000001"
"6027617","PURE PLUS FACIAL TISSUE 200SHEETS 2PLY","PCS","OUT","6298044202762","12.362499999999999"
"6027618","NESTLE SWEET COND MILK TUBE 170GM","PCS","CTN","8445291560130","102.925"
"6027631","LOS PI CUMIN AND LEMON DRINK 2G","PCS","OUT","6223009623436","17.192384999999998"
"6027673","NESTLE FRUITA VITALS GUAVA 200ML","PCS","OUT","8961008500805","10.0625"
"6027674","NESTLE FRUITA VITALS PEACH 200ML","PCS","OUT","8961008501116","10.0625"
"6027675","NESTLE FRUITA VITALS MANGO 200ML","PCS","OUT","8961008016573","10.0625"
"6027676","NESTLE FRUITA VITALS MANGO 200ML","PCS","OUT","8961008500812","10.0625"
"6027682","OREO ORIGINAL COOKIE 36.8GM","PCS","OUT","3030000000921","14.6625"
"6027684","ASTOE MINI STICKS 20G","PCS","OUT","8996001356074","29.8425"
"6027709","PURE PLUS FACIAL TISSUE 2 PLY X 500","PCS","OUT","6290360086583","13.7885"
"6027710","PURE PLUS TISSUE NYLON 600 SHEET","PCS","OUT","6298044202946","14.375"
"6027739","STAR MANGO NAS DRINK 225ML","PCS","OUT","6290360332628","14.938500000000001"
"6027739","STAR MANGO NAS DRINK 225ML","PCS","OUT","6290360332635","14.938500000000001"
"6027793","INDIAN SUGAR 1KG","SIZE-1","1KG","6027793","4.3125"
"6027793","INDIAN SUGAR 1KG","SIZE-1","2KG","3030000000941","6.612500000000001"
"6027793","INDIAN SUGAR 1KG","SIZE-1","3KG","3030000000942","8.912615"
"6027793","INDIAN SUGAR 1KG","SIZE-1","5KG","3030000000943","16.0885"
"6027799","RIYA GOLD SUNFLOWER OIL 1.5LT","PCS","OUT","6298762243429","27.588499999999996"
"6027805","WTEEN KIWI BASIL SEED 240ML","PCS","PCS-2","6211238808014","3.1625"
"6027862","MAISON PERRIER PEACH SLIM CAN 250ML","PCS","OUT","8445291047167","65.55"
"6027864","MAISON PERRIER CHIC ROSELLINI SLIM 250ML","PCS","OUT","8445291045897","10.925"
"6027865","MAISON PERRIR M JUICE LEMON+GUAVA 250ML","PCS","OUT","8445291047600","35.5925"
"6027868","MAISON PERRIR M JUICE STRAW+KIWI 250ML","PCS","OUT","8445291047723","33.2925"
"6027899","ALOKOZAY GINSENG ENERGY DRINK 250ML","PCS","OUT","6291101136765","37.375"
"6027900","ALOKOZAY ENERGY DRINK TROPICAL 250ML","PCS","OUT","6290360353098","37.375"
"6027905","BABYFOX MILK CHOCOLATE 45G","PCS","OUT","6297001627617","33.925"
"6027908","AONE HAND WASH 500ML","PCS","OFFER","8690710006489","5.4625"
"6027928","MARIO INSTANT BEEF(SIRLOIN) NOODS 85G","PCS","OUT","8904300201261","7.1875"
"6027929","MARIO INSTANT CHICKEN NOODLES 70GM","PCS","OUT","8904300200004","6.612500000000001"
"6027930","MARIO INSTANT MASALA NOODLES 70GM","PCS","OUT","8904300200035","6.612500000000001"
"6027931","MARIO INSTANT SHRIMP NOODLES 70GM","PCS","OUT","8904300200011","6.612500000000001"
"6027932","MARIO INSTANT VEGETABLE NOODLES 70G","PCS","OUT","8904300200028","6.612500000000001"
"6027933","MARIO TEZ TAD EXT SPICY MASALA NOOD 85GM","PCS","OUT","8904300201667","7.1875"
"6027944","AL MAS EVAPORATED MILK 170ML","PCS","OUT","3030000000957","10.338500000000002"
"6027944","AL MAS EVAPORATED MILK 170ML","PCS","CTN","8859349203816","75.8885"
"6027946","WHITE F TISSUES DUPLEX 100 PULLS X 2 PLY","PCS","OUT","6223014651271","31.05"
"6027969","KIRI GLASS JAR 500GM","PCS","OFFER","3073781194753","39.675"
"6027976","COSMO T/PASTE HERBAL 100GM","PCS","OFFER","3587925428340","13.5125"
"6027977","COSMO T/PASTE MISWAK 100GM","PCS","OFFER","3587925429941","13.225000000000001"
"6027978","COSMO T/PASTE  NEEM 100GM","PCS","OFFER","3587925428357","13.225000000000001"
"6027979","COSMO T/PASTE CHARCOAL 100GM","PCS","OFFER","3587925429958","13.5125"
"6027980","COSMO T/PASTE SENSITIVE 100GM","PCS","OFFER","3587925429965","13.5125"
"6027991","WHITE F TISSUES DUPLEX 150 PULLS X 2 PLY","PCS","OUT","6223014651295","30.1875"
"6027992","WHITE F TISSUES DUPLEX 200 PULLS X 2 PLY","PCS","OUT","6223014651318","39.675"
"6027993","WHITE EXT SOFT TISSUE 100 PULLS X 3 PLY","PCS","OUT","6223014651332","45.425000000000004"
"6027998","WHITE COTTON PADS 80 ROUND","PCS","OUT","6223014650526","36.225"
"6027999","WHITE WET WIPES SHOES 20 PULLS","PCS","OUT","6223014651394","52.900000000000006"
"6028000","WHITE WET WIPES PET 54 PULLS","PCS","OUT","6223014651424","88.83749999999999"
"6028002","WHITE WET WIPES WOOD 48 PULLS","PCS","OUT","6223014651462","106.08749999999999"
"6028003","WHITE WET WIPE OCEAN BREEZE SWIFT 30 PUL","PCS","OUT","6223014651486","88.83749999999999"
"6028005","S SOFT WHIT ANTI-B WET WIPES W LEMN  10P","PCS","OUT","6223014651509","25.0125"
"6028010","S SOFT WHT ANT-B WET WIPE L.AND V. 10PLS","PCS","OUT","6223014651516","24.4375"
"6028012","AMERICAN HARVEST SQEEZE SAUCE 315ML","PCS","OFFER","5160933551309","12.9375"
"6028013","AMERICAN HARVEST ROLLED OATS 400GM","PCS","OFFER","8901037011125","14.375"
"6028059","SNICKERS 23GM","PCS","OUT","6221134012934","95.44999999999999"
"6028060","BOUNTY MINIS POUCH 375GM","PCS","OUT","6221134014549","31.625000000000004"
"6028061","BOUNTY MINIS POUCH 275GM","PCS","OUT","6221134014365","24.724999999999998"
"6028062","BOUNTY STANDARD 50GM","PCS","OUT","6221134014433","106.95"
"6028063","BOUNTY SNACK 25GM","PCS","OUT","6221134014389","55.199999999999996"
"6028064","SNICKERS 40GM","PCS","OUT","6221134013047","92.2875"
"6028074","IVORY DINNER PLATE 19CM 20S","PCS","PCS-2","8000112266006","10.338500000000002"
"6028077","BAYARA PAPRIKA 330ML(150GM)","PCS","OFFER","6291107614328","37.95"
"6028084","NESCAFE CAPP UNSWT TASTE 14.2GM","PCS","OUT","6294017130810","51.175115000000005"
"6028086","NESCAFE VANILLA LATTE 18.5GM","PCS","OUT","6294017132098","50.025"
"6028099","PURINA FELIX SALMON & SARDN IN JELY 85GM","PCS","OUT","6294017126127","48.5875"
"6028099","PURINA FELIX SALMON & SARDN IN JELY 85GM","PCS","OUT","9300605145634","48.5875"
"6028100","PURINA FELIX WITH SALMON  IN JELY 85GM","PCS","OUT","6294017126103","44.792500000000004"
"6028100","PURINA FELIX WITH SALMON  IN JELY 85GM","PCS","OUT","9300605098626","44.792500000000004"
"6028100","PURINA FELIX WITH SALMON  IN JELY 85GM","PCS","OUT","9300605098640","44.792500000000004"
"6028101","PURINA FELIX WITH LAMB & TRKY JLY 85GM","PCS","OUT","6294017126080","44.792500000000004"
"6028101","PURINA FELIX WITH LAMB & TRKY JLY 85GM","PCS","OUT","9300605118218","44.792500000000004"
"6028107","IVORY DINNER PLATE 23CM 20S","PCS","PCS-2","8000112266433","12.6385"
"6028108","IVORY DINNER PLATE 26CM 20S","PCS","PCS-2","8000112266426","14.938500000000001"
"6028130","TURBO TIP PIPE FILTER","PCS","OUT","559910193222","86.25"
"6028160","TORA BIKA CAPPACCINO  13.7GM","PCS","OUT","8996001414026","29.325"
"6028161","SUPER SPONGE NAIL SAVE SCOURER LRG 12 PC","PCS","SET","3030000001097","4.025"
"6028161","SUPER SPONGE NAIL SAVE SCOURER LRG 12 PC","PCS","SIZE-1","3030000001168","4.025"
"6028161","SUPER SPONGE NAIL SAVE SCOURER LRG 12 PC","PCS","PCS-2","3030000001092","153.812615"
"6028161","SUPER SPONGE NAIL SAVE SCOURER LRG 12 PC","PCS","PCS-2","3030000001093","153.812615"
"6028259","G4 BLUE JAR","PCS","OUT","8907430053700","16.1"
"6028283","NESTLE NESQUICK CEREAL 30GR","PCS","OUT","3030000000981","9.1885"
"6028293","MISTER POTATO 100GM","PCS","OFFER","6291109470793","12.6385"
"6028302","PURE PLUS TISSUE 150 SHEET","PCS","OUT","6290360086552","5.7385"
"6028305","HEALTY GRREN APPLE 250ML","PCS","OUT","725765693464","16.3875"
"6028306","HEALTY COLA MIX BERRIES 250ML","PCS","OUT","725765693457","16.3875"
"6028307","HEALTY COLA OARANGE FLAVOUR 250ML","PCS","OUT","725765693440","16.3875"
"6028317","MIRINDA 245ML","PCS","OUT","012000051005","12.9375"
"6028377","GIGIS INDIA PENCIL","PCS","OFFER","0787790810452","12.075"
"6028499","DUBAI MINO CHEESE 13GM","PCS","OUT","647409780807","13.7885"
"6028500","DUBAI MINO HOT CHILLI 13GM","PCS","OUT","647409780777","13.7885"
"6028501","DUBAI MINO SALAD 13GM","PCS","OUT","647409780821","13.7885"
"6028502","MR.KRISPS CHEESE BALL 15GM","PCS","OUT","6291028009012","19.538615000000004"
"6028503","MR.KRISPS CHEESE BALL 15GM","PCS","OUT","9501100019868","14.375"
"6028522","BARNI MILK 30GM","PCS","OUT","7622202292798","34.4885"
"6028525","ALMARAI UHT MILK ALPHONSO MANGO 200ML","PCS","OUT","6281007073332","19.8375"
"6028544","LIXIR FRUIT DRINK 220ML","PCS","OUT","3030000000986","4.025"
"6028544","LIXIR FRUIT DRINK 220ML","PCS","CTN","3030000000987","17.238500000000002"
"6028567","SUNGEEL CEYLON BLACK TEA 100 TEA BAGS","PCS","PKT","4796005763625","18.6875"
"6028593","WRIGLEYS AIRWAVES SF BLACK CURRANT F 64G","PCS","OUT","4009900580847","73.3125"
"6028600","WRIGLEYS AIRWAVES SF MENTHO & EUCALY 64G","PCS","OUT","4009900580915","73.025"
"6028602","WRIGLEYS AIRWAVES SF BLACK CURRANT 14G","PCS","OUT","4009900580939","82.8"
"6028604","WRIGLEYS AIRWAVES SF MENTHOL& EUCALY 14G","PCS","OUT","4009900580953","81.07499999999999"
"6028605","SKITTLES GUMMIES 60GM","PCS","OUT","6294001850069","88.55"
"6028608","SKITTLES SOURS TUBE 30.6G","PCS","OUT","6221134013900","136.85"
"6028609","SKITTLES WILD BERRIES TUBE 30.6G","PCS","OUT","6221134013931","136.85"
"6028614","LIPTON ICE TEA RED FRUIT 320ML","PCS","OUT","6281168001366","22.9885"
"6028628","UNIKAI UHT MANGO MILK SHAKE 180ML","PCS","OUT","3030000001002","6.612500000000001"
"6028629","UNIKAI UHT DATE MILK SHAKE 180ML","PCS","OUT","3030000001003","6.612500000000001"
"6028660","EXTRA REFRESH WATERMELON RASBER 67G","PCS","OUT","4009900552141","97.175"
"6028665","EXTRA REFRESH WATERMELON RASBER 15.6G","PCS","OUT","4009900552097","66.69999999999999"
"6028674","BAHRAMAN SAFRON 0.5G","PCS","OUT","6260242021377","169.9125"
"6028683","BAHRAMAN SAFRON 1GM","PCS","OUT","6260242021360","318.2625"
"6028684","BAHRAMAN SAFRON 3G","PCS","OUT","6260242020912","790.9125"
"6028701","RIYA GOLD SWEET CORN 400G","PCS","OUT","3030000000999","9.4875"
"6028702","RIYA GOLD MUSHROOM 400G","PCS","OUT","3030000001000","10.0625"
"6028712","NEO DISH WASH LEMON 3X1L","PCS","PCS-2","0726597843591","2.3000000000000003"
"6028712","NEO DISH WASH LEMON 3X1L","PCS","PCS-2","3030000001004","2.3000000000000003"
"6028712","NEO DISH WASH LEMON 3X1L","PCS","OUT","3030000001175","8.0385"
"6028720","YAKUZA VITAMIN C 240ML","PCS","CTN","6262105300698","56.292500000000004"
"6028761","777 RED LENTIL 1KG","1KG","OFFER","3030000001006","8.0385"
"6028761","777 RED LENTIL 1KG","1KG","BAG","3030000001005","50.5885"
"6028787","CHARM EAR PAPER 200 BUDS","PCS","OUT","6281017410998","30.1875"
"6028838","SNICKERS PEANUT BROWNIE 45G","PCS","PCS-2","8902433008160","5.75"
"6028842","MANGALDEEP MOGRA AGARBATTI","PCS","PCS-2","8901725014391","1.4375"
"6028849","NADEC JAR CHEESE CREAM 2X500G","PCS-2","OFFER","6028849","22.712500000000002"
"6028855","MCVITES CREAM D. COKIES VENILA 12X480GM","PCS","PCS-2","6281100355922","1.7249999999999999"
"6028859","MAXI PERMANENT MARKER","PCS","OUT","0746856742472","18.975"
"6028911","RANNAN LARGE POPCORN CHIPS 15GM","PCS","OUT","6253503860624","11.442499999999999"
"6028920","FRUIT AND FLOWER MATCHES SMALL","PCS","OUT","3030000001015","5.175"
"6028921","AMERICAN GOURMET YELLOW MUSTARD 396G","PCS","PCS-2","0750258491739","10.338500000000002"
"6028927","HELLO PANDA 22G","PCS","OUT","8888077109725","22.425"
"6028928","KOUKOU ROUKOU 25G","PCS","OUT","5201008618975","37.938500000000005"
"6028929","APOLLO WAFER CREAM 12G","PCS","OUT","3030000001016","12.362499999999999"
"6028930","PARTY POPPER ROLL 60CM","PCS","PCS-2","840014135615","8.912615"
"6029043","MCVITIES BARS ORANGE CHOCO 154G","PCS","OFFER","3030000001043","3.4385000000000003"
"6029043","MCVITIES BARS ORANGE CHOCO 154G","PCS","OFFER","5000168210421","3.4385000000000003"
"6029119","KD ELEGANTE MILK WAFER 30 GM","PCS","OUT","8901972082556","16.674999999999997"
"6029130","KIT KAT 2F MP SPOFFER 20.5GM","PCS","OUT","6294017130933","26.1625"
"6029137","WADIMA  FLOUR NO.1 1KG","1KG","BAG","3030000001020","109.25"
"6029163","QARSHI JOHAR JOSANDA HERBAL TEA 5G","PCS","OUT","855434000023","13.799999999999999"
"6029167","PANTENE SH DC HVS 390 ML","PCS","OFFER","8700216649933","25.0125"
"6029169","PANTENE SH AHF HVS 390 ML","PCS","OFFER","8700216649919","25.0125"
"6029170","PANTENE SM MDR DC HVS 390 ML","PCS","OFFER","8700216649865","25.0125"
"6029171","PANTENE SM. S&S DC HVS 390 ML","PCS","OFFER","8700216649834","25.0125"
"6029173","CHUPA CHUPS EXTRDED SOUR COLA MPK 57 GM","PCS","OUT","8901393027136","51.75"
"6029174","MENTOS PF FRESHMINT","PCS","OUT","8935001729587","93.15"
"6029176","3M SB MICROFIBRE CLEANING WIPES 1PCS","PCS","SIZE-1","8690734392858","9.4875"
"6029176","3M SB MICROFIBRE CLEANING WIPES 1PCS","PCS","SIZE-2","8887862963009","31.05"
"6029176","3M SB MICROFIBRE CLEANING WIPES 1PCS","PCS","OFFER","6291108932469","40.824999999999996"
"6029207","MULTIPACK HOTI NODLE BEEF FLAVOR 5X70GM","PCS","PCS-2","6262092000601","1.1384999999999998"
"6029240","ICEDAY DRIZZ WAFFLE CHOCOLATE 25GM","PCS","OUT","6251954001351","15.812500000000002"
"6029253","SABLE COCO BISCUIT 42 GM","PCS","OUT","6111261411406","10.6375"
"6029268","PRIDER WINDOW & GLASS CLEANER 650 ML","PCS","OFFER","6290360241890","14.0875"
"6029270","WOW COMFORT FACIAL TISSUE 130 SHITS","PCS","OFFER","6290360241463","11.4885"
"6029275","BEST DAY EVAPORATED MILK 170ML","PCS","OUT","732068844745","10.0625"
"6029278","ORYX BISCUITS 82G","PCS","PCS-2","813388000414","1.4375"
"6029278","ORYX BISCUITS 82G","PCS","PCS-3","813388000117","1.4375"
"6029297","COCA COLA ASSORTD 1L","PCS","OFFER","3030000001039","11.4885"
"6029297","COCA COLA ASSORTD 1L","PCS","OFFER","5000112607598","11.4885"
"6029297","COCA COLA ASSORTD 1L","PCS","OFFER","5000112697896","11.4885"
"6029306","LOACKER PATIS CREME NOISETTE 21 GM","PCS","OUT","8000380201525","28.7385"
"6029313","LOACKER PATIS SNACK COCONUT  21 GM","PCS","OUT","8000380201549","28.7385"
"6029314","EVIAN KIDS N. MINAREL WATER 330 ML","PCS","OUT","3068320133140","67.27499999999999"
"6029325","KRIT CRACKES 100 GM","PCS","OFFER","8434165446588","10.338500000000002"
"6029348","RICHOOS POPCORN-SALT FLAV 30GM","PCS","OUT","6291102274855","17.238500000000002"
"6029349","RICHOOS POPCORN-CHILLI FLAV 30GM","PCS","OUT","6291102274862","17.238500000000002"
"6029350","RICHOOS CORN PUFAK-TOMATO FLAV 30GM","PCS","OUT","6291102274831","17.238500000000002"
"6029351","RICHOOS CORN POFAK-CHILLI FLAV 30GM","PCS","OUT","6291102274848","17.238500000000002"
"6029352","RICHOOS CORN BALLS-REAL CHEESE FLAV 30GM","PCS","OUT","6291102274886","17.238500000000002"
"6029353","RICHOOS CORN RINGS-REAL CHEESE FLAV 30GM","PCS","OUT","6291102274879","17.238500000000002"
"6029355","RICHOOS FACIAL TISSUES 190X170 2PLY 140S","PCS","OUT","3051010159735","11.4885"
"6029423","STAR PINAPPLE NAS DRIN TETRA PACK  225ML","PCS","OUT","6290360332741","14.938500000000001"
"6029423","STAR PINAPPLE NAS DRIN TETRA PACK  225ML","PCS","OUT","6290360332758","14.938500000000001"
"6029487","CINAR STARWBERRY JAM 350GM","PCS","PCS-2","5065000265618","5.4625"
"6029509","KINDER PLUS VALUE BAG 56BLUE","PCS","OUT","0793420219946","16.0885"
"6029515","KINDER PLUS VALUE BAG 56 RED","PCS","OUT","0639114306960","16.0885"
"6029540","STRIKE SOUR BELTS STAWBERRY 70 GM","PCS","OUT","6298042780699","53.475"
"6029541","STRIKE SOUR ROPE BITES MIX FRUIT 140 GM","PCS","OUT","6298042780729","35.5925"
"6029542","STRIKE SOUR BELT BITES FRUIT RAINBOW 70G","PCS","OUT","6298042780736","21.275"
"6029543","MONSTER ULTRA ROSA ENERGY DRINK 500ML","PCS","CTN","3030000001071","183.98850000000002"
"6029552","JOHNSONS SOFT OIL SPRAY 150ML","PCS","OFFER","6290362052807","53.1875"
"6029554","ZAMA STERILIZED CREAM 170GM","PCS","OUT","6295151095935","12.6385"
"6029571","MONSTER ZERO ENERGY DRINK 500ML","PCS","CTN","3030000001073","183.98850000000002"
"6029607","MIRCATA MILK KUNAFA PISTACO 20 GM","PCS","OUT2","610655698950","24.138499999999997"
"6029607","MIRCATA MILK KUNAFA PISTACO 20 GM","PCS","OUT","0610655620876","52.8885"
"6029610","MIRCATA MILK KUNAFA PISTACO 36 GM","PCS","OUT","0610655663132","91.988615"
"6029702","HTH STAINLESS STEAMER SINGLE SET","PCS","SIZE-1","3030000001079","67.85"
"6029702","HTH STAINLESS STEAMER SINGLE SET","PCS","SIZE-2","3030000001080","102.35000000000001"
"6029702","HTH STAINLESS STEAMER SINGLE SET","PCS","SIZE-3","3030000001081","135.6885"
"6029702","HTH STAINLESS STEAMER SINGLE SET","PCS","SIZE-4","3030000001082","198.9385"
"6029702","HTH STAINLESS STEAMER SINGLE SET","PCS","OUT","3030000001083","512.325"
"6029759","MAROUF POMEGRANATE MOLASSES 700GM","PCS","OFFER","0769503647159","37.375"
"6029763","MAROUF HONEY 400 G","PCS","OFFER","0726529977189","25.875"
"6029763","MAROUF HONEY 400 G","PCS","OFFER","0769503646800","25.875"
"6029766","MAROUF TOMATO KETCHUP 340 GM","PCS","OFFER","0726529977172","12.362499999999999"
"6029769","MAROUF GRAPE LEAVES  1900G","PCS","OFFER","0726529977202","39.675"
"6029770","MAROUF FINEST TAHINA  450G","PCS","OFFER","0726529977165","33.637499999999996"
"6029773","MAROUF EGYPTIAN RICE  5KG","PCS","OFFER","0726529977196","25.2885"
"6029787","MARBELLA TAHINA 400GM","PCS","OFFER","0726529977233","17.537499999999998"
"6029810","WHIPY CREAM   152GM","PCS","OFFER","0726529977134","24.724999999999998"
"6029811","RIYADH FOOD CREAM CARAMEL 70GM","PCS","OFFER","0726529977028","31.625000000000004"
"6029811","RIYADH FOOD CREAM CARAMEL 70GM","PCS","OFFER","6281100615286","31.625000000000004"
"6029816","RIYADH FOOD DUMPLING MIX 500 G","PCS","OFFER","0710497026710","10.338500000000002"
"6029817","ZIDNEE JELLY STRAWBERRY 85G","PCS","OFFER","0726529976991","13.7885"
"6029817","ZIDNEE JELLY STRAWBERRY 85G","PCS","OUT","6281100612186","13.7885"
"6029883","REFLEX ADLT CAT FOOD CHICKN AND RICE 2KG","PCS","OFFER","86989950288686","110.975"
"6029891","ULKER LAVIVA DARK CHOCOLATE 35G","PCS","OUT","8690504960553","34.4885"
"6029902","MIGLIO STERIL POLLO/AGN.ORT 100GM","PCS","OFFER","80075200145260","19.538615000000004"
"6029915","MIGLIOR CHUNKS /TURKEY DOG WET 150GM","PCS","OFFER","80075200112668","25.587500000000002"
"6029935","GIMCAT SHINYCAT JELLY CHICKEN 70 GM","PCS","OFFER","615629844296","30.475"
"6029936","GIMCAT SHINYCAT JELY KITEN CHICKEN 70 GM","PCS","OFFER","615629679492","32.775"
"6029937","GIMCAT SHINYCAT JELLY TUNA W CHI 70 GM","PCS","OFFER","723633446341","35.9375"
"6029938","GIMCAT SHINYCAT JELLY TUNA 70 GM","PCS","OFFER","723633446310","35.9375"
"6030021","REXONA DEO SHOWER FRESH 150ML","PCS","OFFER","6281006606432","49.4385"
"6030047","NESTLE TRIX CEREALS 300G","PCS","CTN","6294017135052","211.3125"
"6030048","ARIEL DETERGENT POWDER ASSORTED 2.5KG","PCS","CTN","3030000001087","90.5625"
"6030049","TIDE DETERGENT POWDER ASSORTED 2.5KG","PCS","CTN","3030000001086","90.5625"
"6030050","STRIKE SOUR BELT FRUIT RAINBOW 10G","PCS","OUT","6298042780712","15.812500000000002"
"6030053","ULKER HOBBY 6G","PCS","OUT","8690504127208","4.3125"
"6030124","KOPIKO BLANCA CREAMY COFFEE MIX 30G","PCS","OUT","8996001414316","21.8385"
"6030126","NESCAFE ITALIANO CAPPUCCINO 19.3G","PCS","OUT","6294017138304","29.6125"
"6030156","AMERICANA KUNAFA BAR 35GM","PCS","OUT","6281033283057","31.038499999999996"
"6030164","AJEEB CHOCOLATE CAKE MIX 500G","PCS","OUT","6294010706265","20.125"
"6030191","DUBAI DR /C NAIL CUTER NO-211-2","PCS","OUT","6951114075191","32.775"
"6030196","DUBAI LIGHTER EZZ-P6A","PCS","OUT","6925284416917","55.199999999999996"
"6030199","DUBAI PEEL KNIFE","PCS","OUT","3030000001090","9.1885"
"6030201","AJEEB COCONUT CAKE MIX 500G","PCS","OUT","6294010706302","20.125"
"6030202","AJEEB STRAWBERRY CAKE MIX 500G","PCS","OUT","6294010706289","20.125"
"6030203","AJEEB RASPBERRY JELLY 72G","PCS","OUT","6294010706197","14.375"
"6030215","FESTIVA HOT SAUCE 88ML","PCS","OUT","3030000001089","4.025"
"6030217","ALIF GARLIC PASTE WITH GINGER 350G","PCS","OUT","612477479199","25.875"
"6030218","ALIF GARLIC PASTE 350G","PCS","OUT","612477479212","25.875"
"6030219","AJEEB PANCAKE 460G","PCS","OUT","6294010706319","20.125"
"6030220","AJEEB VANILLA FANCY MUHALLABIA 85G","PCS","OUT","6294010706333","19.538615000000004"
"6030267","AL MUDHISH TOMATO PASTE 70G","PCS","OUT","9501033113053","51.7385"
"6030287","FEM SANDAL HAIR REMOVER 120GM","OFFER","OUT","6291069731521","17.825"
"6030290","HIMALAYA ANTI DANDRUFF SHAMPOO 200ML","PCS","OUT","6291107900162","24.4375"
"6030332","PEARS SOFT & FRESH SOAP 125G","PCS","OUT","6514747034784","21.275"
"6030334","PEARS PURE & GENTLE SOAP 125G","PCS","OUT","6514747034760","21.275"
"6030371","PANADOL NIGHT 2PCS","PCS","OUT","6291109120674","29.888499999999997"
"6030372","PANADOL COLD & FLU 2 CAPLETS","PCS","OUT","3030000001096","29.888499999999997"
"6030383","TORBO PIPE DOUBLE FILTER","PCS","OUT","5959100892150","79.35"
"6030385","BIG D ANTI STATIC CLOTH SPRAY 350ML","PCS","OUT","6666666646231","30.1875"
"6030411","TIDE TRIPLE POWERLAVENDER GEL 2X1.8L","PCS","OFFER","8700216574792","71.875"
"6030437","BARAKAH SANABEL SPAGHETTI 450GM","PCS","OFFER","0726529977035","8.0385"
"6030437","BARAKAH SANABEL SPAGHETTI 450GM","PCS","OFFER","0726529978919","8.0385"
"6030447","BARAKAH SANABEL VERMICELLI 450GM","PCS","OFFER","0726529977042","11.4885"
"6030448","BARAKAH SANABEL SEDANI PASTA 450GM","PCS","OFFER","0726529977059","8.0385"
"6030449","BARAKAH SANABEL PENNE RIGATE PASTA 450GM","PCS","OFFER","0726529977066","8.0385"
"6030450","BARAKAH SANABEL FUSILLI PASTA 450GM","PCS","OFFER","0726529977073","8.0385"
"6030451","BARAKAH SANABEL CHIFFARI RIG PASTA 450GM","PCS","OFFER","0726529977080","12.6385"
"6030452","AL RAI TOMATO PURE 135GM","PCS","OFFER","0726529977097","8.625"
"6030452","AL RAI TOMATO PURE 135GM","PCS","OFFER","6288002910044","8.625"
"6030477","YUPI GUMMI PIZZA 14G","PCS","OUT","8992741900416","19.262500000000003"
"6030480","NABIL CREMORE 6X82G","PCS","PCS-2","9501025276513","6.325"
"6030480","NABIL CREMORE 6X82G","PCS","OUT","9501025194718","12.075"
"6030485","ORYX GLUCOSE BISCUITS 400G","PCS","PCS-2","9501025267115","6.8885000000000005"
"6030494","CARAMEO CHCOLATE 40G","PCS","OUT","6298042781764","21.8385"
"6030502","HIBA ULTRA SOFT FACIAL 200SHEET","PCS","OUT","6294000100448","16.0885"
"6030505","GALAXY  ULTRA SOFT 150 SHEET","PCS","OUT","6294000100141","11.7875"
"6030506","HIBA SOFT PACK 300 2PLY","PCS","OUT","6294000100639","14.375"
"6030509","ALIF GINGER PASTE WITH GINGER 350G","PCS","OUT","0612477479205","13.225000000000001"
"6030516","PURE PLUS TISSUE 100 SHEET","PCS","OUT","6298044202786","4.588500000000001"
"6030533","ALI CAFE INDULGENCE CAPPUCCINO 18G","PCS","OUT","9555021517606","17.825"
"6030552","PARTY PALACE H/B GIFT C. NO-9447","PCS","OUT","0809447135616","56.35"
"6030554","AL SHAEB DATES","PCS","CTN","3030000001100","39.0885"
"6030605","TIC TAC DRAGON FRUIT 18GM","PCS","OUT","08000500455838","30.762500000000003"
"6030614","KD GLUCOSE BISCUITS 60G","PCS","OUT","3030000001101","6.8425"
"6030614","KD GLUCOSE BISCUITS 60G","PCS","CTN","3030000001102","67.838615"
"6030646","SIMSEK INVITE WAFFLE CAKE","PCS","OUT","8692806825738","13.5125"
"6030650","SIMSEK DOUBLE UP BIG CAKE","PCS","OUT","8692806022373","13.5125"
"6030651","SIMSEK INVITE CAKE WITH FRUIT","PCS","OUT","8692806823772","12.362499999999999"
"6030656","ASTOR SNACK CHEESE CHUCKLES 22G","PCS","OUT","3030000001113","13.225000000000001"
"6030657","ASTOR SNACK HOT CHUCKLES 22G","PCS","OUT","3030000001110","13.225000000000001"
"6030658","BAM WHITE VITAMIN C 240ML","PCS","OUT","3030000001112","29.888499999999997"
"6030658","BAM WHITE VITAMIN C 240ML","PCS","CTN","3030000001111","57.4885"
"6030673","MENTOS WHITE GUM FTB SWEETMINT 10P","PCS","OUT","8682790004417","34.5"
"6030674","MENTOS WHITE GUM FTB TUTTI FRUITTI 10P","PCS","OUT","8682790004448","34.5"
"6030675","MENTOS WHITE GUM FTB SPEARMINT 10P","PCS","OUT","8682790004479","34.5"
"6030703","DERBY CHIPS 20GM","PCS","OUT","3002546215422","13.799999999999999"
"6030707","HAYATNA COLLAGEN PINA COLADA 250ML","PCS","OFFER","6290361531792","11.4885"
"6030740","HAYATNA GREEN APPLE  VITAMIN C 250ML","PCS","OFFER","6290361531778","11.4885"
"6030748","TORKU NO.1 FINDIK KREMALI GOFRET 26GM","PCS","OUT","8690120160177","34.5"
"6030755","BISKREM COCOA COOKIE 36G","PCS","OUT","6281100356790","15.525"
"6030759","TORKU NO.1 CHOCO WAFER WI COCOA MILK 32G","PCS","OUT","8690120160405","34.5"
"6030760","TORKU NO.1 MORE CARAMEL WAFER 32GM","PCS","OUT","8690120560823","34.5"
"6030784","HAYATNA COLAGN H & POMEGRANT 250ML","PCS","OFFER","6290361532409","11.4885"
"6030785","HAYATNA VIATM D P&P FRUT 250ML","PCS","OFFER","6290361531785","11.4885"
"6030855","KNORR CHICKN SOUP 65GM","PCS","OUT","6281006874367","29.900000000000002"
"6030856","KNORR QUACK PASTA 275GM","PCS","OFFER","6281006874381","24.138499999999997"
"6030857","KNORR CHICKEN STOCK 80GM","PCS","OUT","6281006874688","13.7885"
"6030861","MUSCAT CHIP SALT & VINEGR 12GM","PCS","OUT","6283700172947","18.1125"
"6030862","MUSCAT CHIP SALT 12GM","PCS","OUT","6283700172916","18.1125"
"6030863","MUSCAT CHIP CHILLI 12GM","PCS","OUT","6283700172886","18.1125"
"6030864","MUSCAT CHIP FRENCH CHESE 12GM","PCS","OUT","6283700172978","18.1125"
"6030865","MUSCAT CHIP FTANGY TOMATO 12GM","PCS","OUT","6283700173036","18.1125"
"6030866","MUSCAT CHIP CRINKLZ SIZLIN HOT 12GM","PCS","OUT","6283700174071","18.1125"
"6030867","MUSCAT CHIP CRINKLZ HOT SAUSE 12GM","PCS","OUT","6283700174040","18.1125"
"6030868","MUSCAT CHIP CRINKLZ CHILY PAPER 12GM","PCS","OUT","6283700173951","18.1125"
"6030869","MUSCAT CHIP CRINKLZCUMIN LIME 12GM","PCS","OUT","6283700174101","18.1125"
"6030870","MUSCAT CHIP CREM & ONION 12GM","PCS","OUT","6283700173982","18.1125"
"6030878","ARD MAJDOOL FELESTINE DATE 100GM","100GR","SIZE-1","3030000001119","20.125"
"6030878","ARD MAJDOOL FELESTINE DATE 100GM","100GR","PKT","3030000001120","111.550115"
"6030879","IZAKI WATER 250ML","PCS","OUT","6283700170080","7.7625"
"6030905","TAYYAB MILK COOKIES 80G","PCS","OUT","8964001085911","10.338500000000002"
"6030908","SOUQ AL FAJR FACIAL TISSUE  200 SHEET","PCS","OUT","6296057142839","13.7885"
"6030928","LUX LEMON DISH WASH LIQUID 725ML","PCS","CTN","3030000001122","104.65"
"6030929","FAIRY LEMON DISH WASHING LIQUID 600ML","PCS","OUT","3030000001123","11.4885"
"6030929","FAIRY LEMON DISH WASHING LIQUID 600ML","PCS","CTN","3030000001124","103.48849999999999"
"6030944","EXPERT 3 IN 1 COFFEE 18G","PCS","OUT","8681072009249","14.938500000000001"
"6030953","MEZAJ CARDAMOM SAFRON 400GM","PCS","SIZE-1","0634240418129","1.7249999999999999"
"6030954","MEZAJ CARDAMOM CARAMEL 400GM","PCS","SIZE-1","0634240418105","1.7249999999999999"
"6030955","MEZAJ CARDAMOM MASALA 400GM","PCS","SIZE-1","0634240418112","1.7249999999999999"
"6030956","MEZAJ CARDAMOM MILK 400GM","PCS","SIZE-1","0634240418136","1.7249999999999999"
"6030957","MEZAJ CARDAMOM KARAK 400GM","PCS","SIZE-1","0634240418099","1.7249999999999999"
"6031051","MAGGI AIR FRYR SOUP GARLIC 65GM","PCS","OUT","6294017137086","80.2125"
"6031060","EXPERT MILKY 3 IN 1 COFFEE 18G","PCS","OUT","8681072009256","13.7885"
"6031061","EXPERT CAPPUCCINO WITH COCOA 25G","PCS","OUT","8684207676248","18.1125"
"6031062","EXPERT CAPPUCCINO W COCOA SUGAR FREE 25G","PCS","OUT","8684207676255","18.1125"
"6031070","MAGGI AIR FRYR SOUP FAZITA MIX 65GM","PCS","OUT","6294017137116","80.2125"
"6031071","MAGGI AIR FRYR SOUP BBQ MIX 65GM","PCS","OUT","6294017137147","80.2125"
"6031073","MINIS CHOCOLATE BAR SINGLE","PCS","OUT","6294017134917","41.1125"
"6031113","PHOENIX ULTRA SOFT FACIAL TISSU 200X2PLY","PCS","OUT","3030000001134","11.4885"
"6031113","PHOENIX ULTRA SOFT FACIAL TISSU 200X2PLY","PCS","OUT","6294000100462","11.4885"
"6031122","NUTBAY DRY MIXED VEGETABLE 1KG","SIZE-1","SIZE-2","3030000001164","14.6625"
"6031122","NUTBAY DRY MIXED VEGETABLE 1KG","SIZE-1","KG","31122","56.925"
"6031125","NUTSCO DRY MIXED FRUITS 1KG","SIZE-1","SIZE-2","3030000001165","11.4885"
"6031125","NUTSCO DRY MIXED FRUITS 1KG","SIZE-1","KG","31125","36.225"
"6031127","TAPIOCA CHIPS SPICY 1KG","SIZE-1","KG","31127","23.575"
"6031148","CLOROX BLEACH 3.78L","PCS","OUT","3030000001173","38.237500000000004"
"6031152","DUBAI ZAJEL NAIL CUTER NO-G-439","PCS","OUT","6954562669660","26.450000000000003"
"6031168","HUNGRAY BEAR CHOCOLATE 40GM","PCS","OUT","6298042781788","19.538615000000004"
"6031233","HUNGRAY BEAR CHOCOLATE 13.16GM","PCS","OUT","6298042781726","9.775"
"6031241","PRINGLES CHIPS ASSORTED 165GM","PCS","CTN","3030000001141","137.9885"
"6031248","FLAIR AJWA DATES DUBAI CHCOLATE 55GM","PCS","OUT","6291100608119","23.862499999999997"
"6031270","DAMTI HARIRA 76GM","PCS","OUT","6111180008435","173.65"
"6031283","DAMTI CHICKEN 76GM","PCS","OUT","6111180001009","169.04999999999998"
"6031284","DAMTI BEEF 76GM","PCS","OUT","6111180000989","169.04999999999998"
"6031285","DAMTI PUR SMEN 76GM","PCS","OUT","6111180006233","169.04999999999998"
"6031290","DELICE ORANGE JUICE 20CL","PCS","OUT","6191534804562","25.3"
"6031307","GLORY ENERGY DRINK 500ML","PCS","CTN","3030000001153","91.988615"
"6031315","NABATI SIP CORN BITES 19GM","PCS","OUT","8993175567350","1.4375"
"6031316","NABATI SIP CHEESE BITES 19GM","PCS","OUT","8993175567343","1.4375"
"6031319","JONE J VITAMIN C 240ML","PCS","OUT","3030000001154","29.888499999999997"
"6031319","JONE J VITAMIN C 240ML","PCS","CTN","6260746900403","57.4885"
"6031338","DELICE MANGUE JUICE 20CL","PCS","OUT","6191534804579","25.3"
"6031339","DELICE TROPICAL JUICE 20CL","PCS","OUT","6191534804593","25.3"
"6031340","DELICE MULTIVITAMIN JUICE 20CL","PCS","OUT","6191534804586","25.3"
"6031358","COLGATE TOOTH BRUSH","OFFER","PCS-2","8901314200037","1.1384999999999998"
"6031360","AL KHALEEJ SUGAR 1KG","SIZE-1","1KG","6031360","3.4385000000000003"
"6031360","AL KHALEEJ SUGAR 1KG","SIZE-1","2KG","3030000001161","8.0385"
"6031360","AL KHALEEJ SUGAR 1KG","SIZE-1","3KG","3030000001156","10.338500000000002"
"6031360","AL KHALEEJ SUGAR 1KG","SIZE-1","4KG","3030000001167","11.4885"
"6031360","AL KHALEEJ SUGAR 1KG","SIZE-1","5KG","3030000001157","17.238500000000002"
"6031360","AL KHALEEJ SUGAR 1KG","SIZE-1","10KG","3030000001158","34.4885"
"6031360","AL KHALEEJ SUGAR 1KG","SIZE-1","50KG","3030000001159","172.5"
"6031402","LUCKY ME BULRAMEN SPICY CARBONAR 60GM","PCS","OUT","8859745300577","15.525"
"6031403","LUCKY ME BULRAMEN SPICY CHICKEN 60GM","PCS","OUT","8859745300041","15.525"
"6031417","NUT & FIT ALMOND& PEANUT BAR 36G","PCS","OUT","6298042782310","36.7885"
"6031436","AQUA PANNA MINEARL WATER 250ML","PCS","OUT","8002270028281","55.775"
"6031436","AQUA PANNA MINEARL WATER 250ML","PCS","CTN","8002270057625","172.44249999999997"
"6031448","TORBO DBLE FILTER","PCS","OUT","5959100892167","74.175"
"6031450","SIDRA COCONUT WATER 330ML","PCS","OUT","3030000001162","24.138499999999997"
"6031450","SIDRA COCONUT WATER 330ML","PCS","CTN","3030000001163","93.1385"
"6031454","SAROOJ WATER 250ML","PCS","OUT2","6298044089622","6.8885000000000005"
"6031454","SAROOJ WATER 250ML","PCS","OUT","6298044089615","7.7625"
"6031474","STRIKE TWIRLS VERY BERRY CANDIES 70G","PCS","OUT","6298042780705","21.275"
"6031485","SNICKERS CHO BAR 40GM","PCS","OUT","8902433030093","76.47500000000001"
"6031498","RC COLA 250ML","PCS","OUT","6286633164775","12.075"
"6031499","RC STRABERRY 250ML","PCS","OUT","6284410033658","12.075"
"6031500","RC LEMON LIME 250ML","PCS","OUT","6282233665582","12.075"
"6031506","BREAD BAKES CHES & OREGANO 25GM","PCS","OUT","6225000812741","58.65"
"6031507","BREAD BAKES CHILI MAXICAN SALSA 25GM","PCS","OUT","6225000812765","65.55"
"6031508","BREAD BAKES SOUR CREAM & ONION 25GM","PCS","OUT","6225000812789","67.85"
"6031509","BREAD BAKES SPICY BBQ SAUCE 25GM","PCS","OUT","6225000812758","60.95"
"6031535","YOODLES HOT & SPICY 60GM","PCS","OUT2","6224004184212","6.8885000000000005"
"6031536","YOODLES CHICKEN  60GM","PCS","OUT2","6224004184199","6.8885000000000005"
"6031537","YOODLES BEEF  60GM","PCS","OUT2","6224004184205","6.8885000000000005"
"6031539","DUBAI CHOCOLATE KATRINA 45G","PCS","OUT","6298042781436","65.53850000000001"
"6031555","BALADNA STRAWBERRY MILK 125ML","PCS","OUT","6251003001127","6.612500000000001"
"6031556","BALADNA CHOCOLATE MILK 125ML","PCS","OUT","6251003001141","6.8885000000000005"
"6031557","BALADNA VANILLA MILK 125ML","PCS","OUT","6251003060933","6.8885000000000005"
"6031558","BALADNA NATURAL RED MIX 125ML","PCS","OUT","6251003173008","6.8885000000000005"
"6031591","FUROR GLAZED PEANUT CANDY 40G","PCS","OUT","6298042780460","20.688499999999998"
"6031634","MAXI BALL PEN LV-100","PCS","OUT","6291109623281","33.349999999999994"
"6031635","BALADNA BANANA MILK 125ML","PCS","OUT","6251003001134","6.8885000000000005"
"6031641","NEXT COLA DRINK 250ML","PCS","CTN","3030000001170","33.338499999999996"
"6031651","YOODLES VEGETABLE 60GM","PCS","OUT2","6224004184182","6.8885000000000005"
"6031652","YOODLES SHRIMS 60GM","PCS","OUT2","6224004184250","6.8885000000000005"
"6031654","JELLY GUM CANDY W F. FLVR","PCS","OUT","8684207811687","54.05"
"6031707","DARCY DATES 15GM","PCS","OUT","6211135501148","6.8885000000000005"
"6031712","DARCY DATES 29GM","PCS","OUT","6211135501100","9.1885"
"6031713","STUFFY CHOCOLATE 20GM","PCS","OUT","6211135801026","15.2375"
"6031714","STUFFY CHOCOLATE 30GM","PCS","OUT","6211135803044","13.7885"
"6031715","STUFFY CHOCOLATE 45GM","PCS","OUT","6211135610048","17.238500000000002"
"6031717","SCROLL CHOCOLATE 46GM","PCS","OUT","6211135609080","12.6385"
"6031718","DIGESTIVE ORGINAL 29.4 GM","PCS","OUT","6211135637311","11.4885"
"6031719","DIGESTIVE ORGINAL MINI 48GM","PCS","OUT","6211135640069","12.6385"
"6031720","BEBOO CHOCOLATE 30GM","PCS","OUT","6211135701029","12.6385"
"6031722","TENNO ASRTD 40GM","PCS","OUT","6211135606027","16.0885"
"6031723","TENNO ASSRTD 24GM","PCS","OUT","6211135606065","12.6385"
"6031724","TENNO ASSRTD 18GM","PCS","OUT","6211135606102","11.4885"
"6031725","TAMRIA TIME 40GM","PCS","OUT","6211135403169","12.6385"
"6031730","MCVITIES CHAI TIME TOSTD ALMOND 100GM","PCS","OFFER","6514747052740","17.25"
"6031731","MCVITIES CHAI TIME TOSTD PISTACHO 100GM","PCS","OFFER","6514747052733","17.25"
"6031732","MCVITIES CHAI TIME CHRY BUTER 100GM","PCS","OFFER","6514747052757","17.25"
"6031733","KIT KAT CHUNKY PISTACHO KUNAFA 41GM","PCS","OUT","6294017139790","148.35"
"6031761","NUT & FIT PEANUT & BANANA BAR 36G","PCS","OUT","6298042782372","36.5125"
"6031763","BILO CROSSAINT 45G","PCS","OUT","6291082338004","9.775"
"6031782","DAMTI CUBE DE BOUILLON 76GM","PCS","OUT","6111180006691","174.8"
"6031787","DAMTI BENNAT TIAB 10GM","PCS","OUT","6111180006639","106.95"
"6031789","SABLE CANNELLE 42GM","PCS","OUT","6111261411864","13.5125"
"6031790","DAMTI AUX HERBES 10GM","PCS","OUT","6111180006622","108.1"
"6031846","YOODLES CHEESE 60GM","PCS","OUT","6224004184229","6.8885000000000005"
"6031848","YOODLES CHIKEN CURRY 60GM","PCS","OUT","6224004184236","6.8885000000000005"
"6031849","AL NASHASH MINAREL WATER 200ML","PCS","OUT","0653858700037","5.7385"
"6031853","AL NASHASH MINAREL WATER 330ML","PCS","OUT","0653858699973","5.7385"
"6031855","AL NASHASH MINAREL WATER 500ML","PCS","OUT","0653858699997","5.7385"
"6031856","AL NASHASH MINAREL WATER 1.5LTR","PCS","OUT","0653858700013","5.7385"
"6031869","BESLER SPAGHETTI PASTA 500GM","PCS","OUT","8690710135509","15.2375"
"6031870","OREO ORIGINAL 48GM","PCS","OUT","7622202831614","19.262500000000003"
"6031871","OREO GREEN CREAM 35.5GM","PCS","OUT","7622202842320","18.3885"
"6031872","RITZ PIZZA 36.6G","PCS","OUT","7622202838491","21.5625"
"6031873","RITZ SOUR CREAM 39.6G","PCS","OUT","7622202840845","21.5625"
"6031876","BUD ZERO CAN NON ALCHOLIC BEER 330ML","PCS","OUT","5410228278375","44.8385"
"6031880","BARNI HAZELNUT 30GM","PCS","OUT","7622202322006","36.5125"
"6031881","CADBURY CHOCO DELIGHT 34GM","PCS","OUT","7622202241017","17.25"
"6031894","OREO HAZELNUT 35.5GM","PCS","OUT","7622202313738","18.6875"
"6031897","RITZ CHEESE 39.6GM","PCS","OUT","7622202305887","21.85"
"6031898","RITZ CRACKER SWEET CHILLI 39.6GM","PCS","OUT","7622202306105","21.85"
"6031901","DAIRY MILK BUBBLY OREO 27GM","PCS","OUT","7622202357961","34.2125"
"6031902","DAIRY MILK BUBBLY STRAWBERY 27GM","PCS","OUT","7622202357732","34.2125"
"6031904","TOBLERONE DARK 100GM","PCS","OUT","7614500211700","282.9"
"6031905","TOBLERONE CRUNCHY ALMOND 100GM","PCS","OUT","17622300806832","284.05"
"6031906","BUD ZERO GRE APPLE  NON ALCHO BEER 330ML","PCS","OUT","5410228278436","44.8385"
"6031907","CORONA CERO NON ALCHOLIC BEER 330ML","PCS","OUT","5410228313847","67.838615"
"6031913","TOBLERONE MILK 340GM","PCS","OUT","7622202305504","414"
"6031914","TOBLERONE MILK 360GM","PCS","OUT","7622210747686","355.34999999999997"
"6031915","BELVITA GOLDEN BISCUITS ORANGE 52GM","PCS","OUT","7622202379949","12.65"
"6031917","DAIRY MILK PISTACHIO CRUNCH 97 GM","PCS","OUT","7622202371295","186.875"
"6031918","DAIRY MILK STICKY TOFFEE 102 GM","PCS","OUT","7622202369292","187.45"
"6031919","DAIRY MILK NAUTY CREAM 105 GM","PCS","OUT","7622202368226","187.45"
"6031920","DAIRY MILK NAUTY CREAM 105 GM","PCS","OUT","7622202371141","308.20000000000005"
"6031921","DAIRY MILK STICKY TOFFEE 136.5 GM","PCS","OUT","7622202376634","308.20000000000005"
"6031922","DAIRY MILK NUTTY CREAM 136.5 GM","PCS","OUT","7622202376146","308.20000000000005"
"6031923","TANG ORANGE REDUCE SUGAR 80 GM","PCS","OUT2","7622202361173","33.349999999999994"
"6031964","QARARY POTATO CHIPS 18GM","PCS","OUT","9780201379921","14.375"
"6031973","BIG BOSS LOLIPOP","PCS","OUT","6253503920267","47.15"
"6031975","LOLO LOLI POP","PCS","OUT","6253503920199","33.062615"
"6031976","SWEET BAR PISTACHO","PCS","OUT","9624567425424","37.95"
"6032086","7-UP ZERO SUGAR 155ML","PCS","OUT","012000052361","36.225"
"6032163","APSARA EXTRA DARK PENCIL 2B","PCS","OUT","8901324022971","8.05"
"6032164","APSARA POSTER COLOUR","PCS","OUT","8901324055849","9.4875"
"6032167","APSARA BALL PEN BLUE 0.7MM","PCS","OUT","8901324067767","6.612500000000001"
"6032168","APSARA BALL PEN BLUE 0.7MM","PCS","OUT","8901324067729","16.9625"
"6032171","NATARAJ FLURO PRINT HB PENCIL","PCS","OFFER","8901324042269","8.05"
"6032175","NAT. PENCIL NO-621","PCS","OUT","8901324040227","21.85"
"6032179","NAT JUMBO PLASTO ERASERS","PCS","OUT","8901324036442","14.950115"
"6032180","NAT TRIO NEON BIG TRIANGLE ERASER","PCS","OUT","8901324020212","14.950115"
"6032181","NAT  NON-DUST REGULAR ERASER","PCS","OUT","8901324036251","13.5125"
"6032182","NATARAJ NEON ERASER","PCS","OUT","8901324044744","7.4750000000000005"
"6032183","NATARAJ TRIKONE ERASER ASTD","PCS","OUT","8901324044720","7.1875"
"6032184","NATARAJ PETALS ERASER ASTD","PCS","OUT","8901324044706","7.1875"
"6032189","NATARAJ NEON SHARPENER ASSTD","PCS","OUT","8901324034820","6.612500000000001"
"6032191","NATARAJ TRIPOINT SHRPEER ASTD COLUR","PCS","OUT","8901324064728","25.0125"
"6032193","NATARAJ POINTY SHARPENER ASTD","PCS","OUT","8901324044768","7.4750000000000005"
"6032208","NATARAJ ACRYLIC COLOURS ASSTD","PCS","OUT","8901324063820","10.35"
"6032209","NATARAJ ACRYLIC COLOURS ASSTD","PCS","OUT","8901324063837","17.25"
"6032210","NATARAJ GELIX GEL PEN ASSTED CLR","PCS","OUT","8901324024258","4.6000000000000005"
"6032214","NATARAJ ITIP FINE BALL PEN BLUE","PCS","OUT","8901324047370","5.175"
"6032215","NATARAJ GRIPWRITE BALL PEN BLUE 0.7MM","PCS","OUT","8901324067118","6.0375"
"6032216","NATARAJ GRIPWRITE BALL PEN BLACK 0.7MM","PCS","OUT","8901324067156","6.0375"
"6032217","NATARAJ SUPER MEDIUM BALL PEN ASTD","PCS","OUT","8901324009989","4.3125"
"6032218","NATARA TRIRITE FINE BALL PEN BLUE 0.7MM","PCS","OUT","8901324056402","13.799999999999999"
"6032219","NATARAJ SURFER FINE BALL PEN BLUE 0.7MM","PCS","OUT","8901324047264","15.525"
"6032220","NATARAJ SURFR FINE BALL PENB LACK 0.7MM","PCS","OUT","8901324063295","15.525"
"6032221","NATARAJ STRIPES BALL PEN BLUE 0.7MM","PCS","OUT","8901324066487","12.075"
"6032247","TIDE DARK COLOR POWER GEL 1.85LTR","PCS","OUT","8001841338798","65.55"
"6032249","DOWNY BLUE 3LTR","PCS","OFFER","8700216891615","49.449999999999996"
"6032310","LOZIYAT ALEIN DATES BAR","PCS","OUT","3030000001186","33.349999999999994"
"6032311","LOZIYAT ALEIN SEASM W ALMOND BAR","PCS","OUT","3030000001187","47.15"
"6032312","BIG BALL LOLI BOPS","PCS","OUT","6253503920175","46"
"6035000094","IMAN 70CC CAWA CUP","PCS","SIZE-1","3030000000043","2.415"
"6050000743","DUBAI GAS CARTRIDGE 227ML","PCS","OUT","2015011050805","23.54625"
"6050001267","SALWA COFFEE WARMER 12OZ","SIZE-1","SIZE-2","2009000446298","11.773125"
"6050001267","SALWA COFFEE WARMER 12OZ","SIZE-1","SIZE-3","2009000446304","12.67875"
"6050001267","SALWA COFFEE WARMER 12OZ","SIZE-1","SET","2009000446274","33.206250000000004"
"6050001580","DUBAI COOKING WARE SET SIZE 1-10","SIZE-1","SIZE-2","2016011053032","16.3875"
"6050001580","DUBAI COOKING WARE SET SIZE 1-10","SIZE-1","SIZE-3","2016011053049","20.7"
"6050001580","DUBAI COOKING WARE SET SIZE 1-10","SIZE-1","SIZE-4","2016011053056","21.85"
"6050001580","DUBAI COOKING WARE SET SIZE 1-10","SIZE-1","SIZE-5","2016011053063","26.450000000000003"
"6050001580","DUBAI COOKING WARE SET SIZE 1-10","SIZE-1","SIZE-6","2016011053070","27.599999999999998"
"6050001580","DUBAI COOKING WARE SET SIZE 1-10","SIZE-1","SIZE-7","2016011053087","29.900000000000002"
"6050001580","DUBAI COOKING WARE SET SIZE 1-10","SIZE-1","SIZE-8","2016011053094","34.5"
"6050001580","DUBAI COOKING WARE SET SIZE 1-10","SIZE-1","SIZE-9","2016011053100","39.10011500000001"
"6050001580","DUBAI COOKING WARE SET SIZE 1-10","SIZE-1","SIZE-10","2016011053117","41.4"
"6050001580","DUBAI COOKING WARE SET SIZE 1-10","SIZE-1","CTN","2016011053124","217.35"
"6050001595","IMAN CAWA CUP 70","PCS","SIZE-1","3030000000044","3.6225"
"6050001608","IMAN ASSED FORK-SPOON DESSERT STEEL BIG","PCS","SIZE-1","3030000000039","2.306325"
"6055000040","HALA T/COVER 100CH","PCS","CTN","2004000159971","316.25"
"6055000049","CLUB TABLE COVER FASHION 85X110","PCS","CTN","2004000159667","207"
"6055000057","HALA TABLE COVER 100CMX40CH","PCS","CTN","2006000372053","319.7"
"6055000073","AL SULTAN SUFRA ROLL 120X100CM 400GM","PCS","CTN","2013011045319","89.355"
"6055000074","AL SULTAN SUFRA ROLL 120X100CM 850GM","PCS","CTN","2013011045333","107.4675"
"6055000076","PACKERS SOFRA ROLL 1X6 700 GM","OFFER","CTN","2015011050911","75.9"
"6073000080","SUNSHINE LDPE27 GARBAGE BAG 60X90 20PCS","PCS","CTN","2012011038659","227.7"
"6073000081","SUNSHINE LD25-BAGES95X115-20P","PCS","CTN","2012011038666","442.75"
"6073000082","SUNSHINE LDPE25 GARB-BAGES 85X110-20PCS","PCS","CTN","2012011038673","414"
"6073000083","SUNSHINE HDPE 20M.-BAGES 105X125-20PCS","PCS","CTN","2012011038680","609.5"
"6073000093","DUBAI TD123/3 D MEDIUM CAS","PCS","SIZE-1","2016011052820","271.6875"
"6073000093","DUBAI TD123/3 D MEDIUM CAS","PCS","SIZE-2","2016011052837","301.875"
"6073000093","DUBAI TD123/3 D MEDIUM CAS","PCS","SIZE-3","2016011052844","332.0625"
"6073000097","DUBAI TP800 LARGE PREST/","PCS","SIZE-1","2016011052745","177.1"
"6073000097","DUBAI TP800 LARGE PREST/","PCS","SIZE-2","2016011052752","193.2"
"6073000097","DUBAI TP800 LARGE PREST/","PCS","SIZE-4","2016011052776","225.4"
"6073000097","DUBAI TP800 LARGE PREST/","PCS","SIZE-3","2016011052769","297.84999999999997"
"6075000449","SALWA BASIN STRAINER SMALL","PCS","OUT","3030000000031","26.565"
"6075000450","DUBAI Sewing tread","PCS","SET","2012011036068","12.075"
"6076000074","AL SULTAN 4MM NYLON ROPE FISH BRAND","PCS","CTN","2004000166931","60.375"
"6076000191","DUBAI STEEL FORK LONG 1PCS","PCS","OUT","2005000325335","10.867499999999998"
"6076000344","DUBAI BUTANE MEGA GAS CARTRIDGE 220G","PCS","OUT","2015011051031","21.275"
"6076000366","DUBAI BBQ LIGHTER SMALL","PCS","CTN","0364904650004430","120.75"
"6076000429","DUBAI CLOTHES ROPE 20M","PCS","CTN","2006000363952","74.865"
"6076000430","DUBAI CLOTHES ROPE 15M","PCS","CTN","2006000363976","72.45"
"6076000494","DUBAI 42919R SEWING THREAD","PCS","CTN","2012011036136","12.075"
"6076000717","DUBAI SILICON STICK","PCS","OUT","6294003692377","34.41375"
"6101000021","M.H.N CHARCOAL ROUND RED 100 PK","PCS","CTN","2004000152934","120.75"
"6101000041","GRILL TIME CHARCOAL LIGHTER 32OZ","PCS","CTN","2005000359408","300.15"
"6203000021","AL WAHA PILOT BALL PEN","PCS","CTN","2011011023207","54.3375"
"6206000044","DUBAI PLASTIC CLEAR MASKING TAPE 50YD","PCS","CTN","2006000364072","205.27499999999998"
"6309000019","GE GLS LAMP B22 60W FRO","PCS","CTN","2009000024434","106.26"
"6325000311","SIROCCO GAS HOSE ROLL [50M]","PCS","CTN","6227693503807","224.25"
"6325000346","SALWA CLEAR TAPE BIG TA01","PCS","PCS-2","3030000000441","3.3925"
"6630000431","NATIONAL DAY SNOW SPRAY 1PC","PCS","OUT","712288000800","113.505"
"7030000049","A.GARDEN THOUSAND ISLAND DRESSING 9OZ","PCS","CTN","2004000287872","193.2"
"7050003000","ANYEE A/S FLOOR MAT 130CM","PCS","SIZE-1","2013011047634","68.8275"
"7050003000","ANYEE A/S FLOOR MAT 130CM","PCS","SIZE-2","2013011047641","114.7125"
"7050003000","ANYEE A/S FLOOR MAT 130CM","PCS","SIZE-3","2013011047658","160.5975"
"7050003000","ANYEE A/S FLOOR MAT 130CM","PCS","SIZE-4","2013011047665","206.48250000000002"
"7050003000","ANYEE A/S FLOOR MAT 130CM","PCS","CTN","2006000364904","667.000115"
"7050004000","ANYEE A/S FLOOR MAT 65CM","PCS","SIZE-1","2013011047597","36.225"
"7050004000","ANYEE A/S FLOOR MAT 65CM","PCS","SIZE-2","2013011047603","60.375"
"7050004000","ANYEE A/S FLOOR MAT 65CM","PCS","SIZE-3","2013011047610","84.52499999999999"
"7050004000","ANYEE A/S FLOOR MAT 65CM","PCS","SIZE-4","2013011047627","108.675"
"7050004000","ANYEE A/S FLOOR MAT 65CM","PCS","CTN","2006000364928","339.25"
"9401000037","AL SULTAN MUSTARD SEEDS 200GR","200GR","1KG","2005000317804","7.4750000000000005"
"9801000009","MAXIM NO:4 PAPER CUP CAKE 11.5CM 1000PC","PCS","CTN","2005000318665","422.625"
"9801000051","AL SULTAN POLY GLOVE LARGE (IN P.BAG) R64003","PCS","CTN","2004000025108","376.05"
"9801000100","AL SULTAN SANDWISH PAPPER 800SH","PCS","CTN","2005000336362","115.92"
"9801000135","FALCON WHITE PAPER 48X80 80GR","PCS","CTN","2004000126485","241.5"
"9801000136","FALCON WHITE PAPER 45X75 80GR","PCS","CTN","2004000132387","241.5"
"9803000117","AL SULTAN THERMAL PAPER ROLL 80X80","PCS","CTN","2009000447097","379.5"
"9803000124","DOUBLE A PAPER A4 500SHE","PCS","CTN","2009000023185","109.25"